Copyright 1986-2022 Xilinx, Inc. All Rights Reserved. Copyright 2022-2024 Advanced Micro Devices, Inc. All Rights Reserved.
---------------------------------------------------------------------------------------------------------------------------------------------
| Tool Version : Vivado v.2024.1 (win64) Build 5076996 Wed May 22 18:37:14 MDT 2024
| Date         : Wed Sep  2 20:44:27 2026
| Host         : BOOK-S5JNKNEIOB running 64-bit major release  (build 9200)
| Command      : report_timing_summary -file timing_dgen_oct_v2.rpt -max_paths 10
| Design       : particle_scorer_dgen_oct_arb
| Device       : 7a35ti-csg324
| Speed File   : -1L  PRODUCTION 1.23 2018-06-13
| Design State : Routed
---------------------------------------------------------------------------------------------------------------------------------------------

Timing Summary Report

------------------------------------------------------------------------------------------------
| Timer Settings
| --------------
------------------------------------------------------------------------------------------------

  Enable Multi Corner Analysis               :  Yes
  Enable Pessimism Removal                   :  Yes
  Pessimism Removal Resolution               :  Nearest Common Node
  Enable Input Delay Default Clock           :  No
  Enable Preset / Clear Arcs                 :  No
  Disable Flight Delays                      :  No
  Ignore I/O Paths                           :  No
  Timing Early Launch at Borrowing Latches   :  No
  Borrow Time for Max Delay Exceptions       :  Yes
  Merge Timing Exceptions                    :  Yes
  Inter-SLR Compensation                     :  Conservative

  Corner  Analyze    Analyze    
  Name    Max Paths  Min Paths  
  ------  ---------  ---------  
  Slow    Yes        Yes        
  Fast    Yes        Yes        


------------------------------------------------------------------------------------------------
| Report Methodology
| ------------------
------------------------------------------------------------------------------------------------

No report available as report_methodology has not been run prior. Run report_methodology on the current design for the summary of methodology violations.



check_timing report

Table of Contents
-----------------
1. checking no_clock (0)
2. checking constant_clock (0)
3. checking pulse_width_clock (0)
4. checking unconstrained_internal_endpoints (0)
5. checking no_input_delay (569)
6. checking no_output_delay (176)
7. checking multiple_clock (0)
8. checking generated_clocks (0)
9. checking loops (0)
10. checking partial_input_delay (0)
11. checking partial_output_delay (0)
12. checking latch_loops (0)

1. checking no_clock (0)
------------------------
 There are 0 register/latch pins with no clock.


2. checking constant_clock (0)
------------------------------
 There are 0 register/latch pins with constant_clock.


3. checking pulse_width_clock (0)
---------------------------------
 There are 0 register/latch pins which need pulse_width check


4. checking unconstrained_internal_endpoints (0)
------------------------------------------------
 There are 0 pins that are not constrained for maximum delay.

 There are 0 pins that are not constrained for maximum delay due to constant clock.


5. checking no_input_delay (569)
--------------------------------
 There are 569 input ports with no input delay specified. (HIGH)

 There are 0 input ports with no input delay but user has a false path constraint.


6. checking no_output_delay (176)
---------------------------------
 There are 176 ports with no output delay specified. (HIGH)

 There are 0 ports with no output delay but user has a false path constraint

 There are 0 ports with no output delay but with a timing clock defined on it or propagating through it


7. checking multiple_clock (0)
------------------------------
 There are 0 register/latch pins with multiple clocks.


8. checking generated_clocks (0)
--------------------------------
 There are 0 generated clocks that are not connected to a clock source.


9. checking loops (0)
---------------------
 There are 0 combinational loops in the design.


10. checking partial_input_delay (0)
------------------------------------
 There are 0 input ports with partial input delay specified.


11. checking partial_output_delay (0)
-------------------------------------
 There are 0 ports with partial output delay specified.


12. checking latch_loops (0)
----------------------------
 There are 0 combinational latch loops in the design through latch input



------------------------------------------------------------------------------------------------
| Design Timing Summary
| ---------------------
------------------------------------------------------------------------------------------------

    WNS(ns)      TNS(ns)  TNS Failing Endpoints  TNS Total Endpoints      WHS(ns)      THS(ns)  THS Failing Endpoints  THS Total Endpoints     WPWS(ns)     TPWS(ns)  TPWS Failing Endpoints  TPWS Total Endpoints  
    -------      -------  ---------------------  -------------------      -------      -------  ---------------------  -------------------     --------     --------  ----------------------  --------------------  
     -2.716     -621.408                    501                 7373        0.111        0.000                      0                 7373        4.500        0.000                       0                  3738  


Timing constraints are not met.


------------------------------------------------------------------------------------------------
| Clock Summary
| -------------
------------------------------------------------------------------------------------------------

Clock  Waveform(ns)       Period(ns)      Frequency(MHz)
-----  ------------       ----------      --------------
clk    {0.000 5.000}      10.000          100.000         


------------------------------------------------------------------------------------------------
| Intra Clock Table
| -----------------
------------------------------------------------------------------------------------------------

Clock             WNS(ns)      TNS(ns)  TNS Failing Endpoints  TNS Total Endpoints      WHS(ns)      THS(ns)  THS Failing Endpoints  THS Total Endpoints     WPWS(ns)     TPWS(ns)  TPWS Failing Endpoints  TPWS Total Endpoints  
-----             -------      -------  ---------------------  -------------------      -------      -------  ---------------------  -------------------     --------     --------  ----------------------  --------------------  
clk                -2.716     -621.408                    501                 7373        0.111        0.000                      0                 7373        4.500        0.000                       0                  3738  


------------------------------------------------------------------------------------------------
| Inter Clock Table
| -----------------
------------------------------------------------------------------------------------------------

From Clock    To Clock          WNS(ns)      TNS(ns)  TNS Failing Endpoints  TNS Total Endpoints      WHS(ns)      THS(ns)  THS Failing Endpoints  THS Total Endpoints  
----------    --------          -------      -------  ---------------------  -------------------      -------      -------  ---------------------  -------------------  


------------------------------------------------------------------------------------------------
| Other Path Groups Table
| -----------------------
------------------------------------------------------------------------------------------------

Path Group    From Clock    To Clock          WNS(ns)      TNS(ns)  TNS Failing Endpoints  TNS Total Endpoints      WHS(ns)      THS(ns)  THS Failing Endpoints  THS Total Endpoints  
----------    ----------    --------          -------      -------  ---------------------  -------------------      -------      -------  ---------------------  -------------------  


------------------------------------------------------------------------------------------------
| Timing Details
| --------------
------------------------------------------------------------------------------------------------


---------------------------------------------------------------------------------------------------
From Clock:  clk
  To Clock:  clk

Setup :          501  Failing Endpoints,  Worst Slack       -2.716ns,  Total Violation     -621.408ns
Hold  :            0  Failing Endpoints,  Worst Slack        0.111ns,  Total Violation        0.000ns
PW    :            0  Failing Endpoints,  Worst Slack        4.500ns,  Total Violation        0.000ns
---------------------------------------------------------------------------------------------------


Max Delay Paths
--------------------------------------------------------------------------------------
Slack (VIOLATED) :        -2.716ns  (required time - arrival time)
  Source:                 u_scorer0/u_ray_march/x_reg[15]/C
                            (rising edge-triggered cell FDCE clocked by clk  {rise@0.000ns fall@5.000ns period=10.000ns})
  Destination:            u_scorer0/u_ray_march/y_reg[8]_rep/D
                            (rising edge-triggered cell FDCE clocked by clk  {rise@0.000ns fall@5.000ns period=10.000ns})
  Path Group:             clk
  Path Type:              Setup (Max at Slow Process Corner)
  Requirement:            10.000ns  (clk rise@10.000ns - clk rise@0.000ns)
  Data Path Delay:        12.444ns  (logic 3.173ns (25.498%)  route 9.271ns (74.502%))
  Logic Levels:           13  (CARRY4=2 LUT3=1 LUT5=1 LUT6=7 MUXF7=2)
  Clock Path Skew:        -0.049ns (DCD - SCD + CPR)
    Destination Clock Delay (DCD):    0.924ns = ( 10.924 - 10.000 ) 
    Source Clock Delay      (SCD):    0.973ns
    Clock Pessimism Removal (CPR):    0.000ns
  Clock Uncertainty:      0.035ns  ((TSJ^2 + TIJ^2)^1/2 + DJ) / 2 + PE
    Total System Jitter     (TSJ):    0.071ns
    Total Input Jitter      (TIJ):    0.000ns
    Discrete Jitter          (DJ):    0.000ns
    Phase Error              (PE):    0.000ns

    Location             Delay type                Incr(ns)  Path(ns)    Netlist Resource(s)
  -------------------------------------------------------------------    -------------------
                         (clock clk rise edge)        0.000     0.000 r  
                                                      0.000     0.000 r  clk (IN)
                         net (fo=3737, unset)         0.973     0.973    u_scorer0/u_ray_march/clk
    SLICE_X14Y39         FDCE                                         r  u_scorer0/u_ray_march/x_reg[15]/C
  -------------------------------------------------------------------    -------------------
    SLICE_X14Y39         FDCE (Prop_fdce_C_Q)         0.518     1.491 f  u_scorer0/u_ray_march/x_reg[15]/Q
                         net (fo=9, routed)           0.856     2.347    u_scorer0/u_ray_march/p_0_in[7]
    SLICE_X15Y41         LUT5 (Prop_lut5_I4_O)        0.124     2.471 f  u_scorer0/u_ray_march/x[0]_i_409/O
                         net (fo=56, routed)          0.842     3.314    u_scorer0/u_ray_march/x[0]_i_409_n_0
    SLICE_X15Y44         LUT3 (Prop_lut3_I2_O)        0.124     3.438 r  u_scorer0/u_ray_march/x[0]_i_429/O
                         net (fo=178, routed)         1.459     4.897    u_scorer0/u_ray_march/x[0]_i_429_n_0
    SLICE_X31Y45         LUT6 (Prop_lut6_I1_O)        0.124     5.021 r  u_scorer0/u_ray_march/x[0]_i_910/O
                         net (fo=1, routed)           0.921     5.942    u_scorer0/u_ray_march/x[0]_i_910_n_0
    SLICE_X31Y50         LUT6 (Prop_lut6_I1_O)        0.124     6.066 r  u_scorer0/u_ray_march/x[0]_i_516/O
                         net (fo=1, routed)           0.834     6.900    u_scorer0/u_ray_march/x[0]_i_516_n_0
    SLICE_X12Y50         LUT6 (Prop_lut6_I0_O)        0.124     7.024 r  u_scorer0/u_ray_march/x[0]_i_229/O
                         net (fo=1, routed)           0.000     7.024    u_scorer0/u_ray_march/x[0]_i_229_n_0
    SLICE_X12Y50         MUXF7 (Prop_muxf7_I0_O)      0.209     7.233 r  u_scorer0/u_ray_march/x_reg[0]_i_98/O
                         net (fo=1, routed)           0.814     8.047    u_scorer0/u_ray_march/x_reg[0]_i_98_n_0
    SLICE_X12Y51         LUT6 (Prop_lut6_I5_O)        0.297     8.344 r  u_scorer0/u_ray_march/x[0]_i_48/O
                         net (fo=2, routed)           0.000     8.344    u_scorer0/u_ray_march/x[0]_i_48_n_0
    SLICE_X12Y51         MUXF7 (Prop_muxf7_I0_O)      0.241     8.585 r  u_scorer0/u_ray_march/x_reg[0]_i_63/O
                         net (fo=1, routed)           0.757     9.342    u_scorer0/u_ray_march/x_reg[0]_i_63_n_0
    SLICE_X13Y42         LUT6 (Prop_lut6_I3_O)        0.298     9.640 r  u_scorer0/u_ray_march/x[0]_i_34/O
                         net (fo=28, routed)          0.893    10.532    u_scorer0/u_ray_march/x[0]_i_34_n_0
    SLICE_X13Y37         LUT6 (Prop_lut6_I4_O)        0.124    10.656 r  u_scorer0/u_ray_march/y[4]_i_13/O
                         net (fo=4, routed)           0.747    11.403    u_scorer0/u_ray_march/y[4]_i_13_n_0
    SLICE_X14Y35         LUT6 (Prop_lut6_I5_O)        0.124    11.527 r  u_scorer0/u_ray_march/y[4]_i_4/O
                         net (fo=1, routed)           0.616    12.143    u_scorer0/u_ray_march/y[4]_i_4_n_0
    SLICE_X15Y37         CARRY4 (Prop_carry4_DI[1]_CO[3])
                                                      0.507    12.650 r  u_scorer0/u_ray_march/y_reg[4]_i_1/CO[3]
                         net (fo=1, routed)           0.000    12.650    u_scorer0/u_ray_march/y_reg[4]_i_1_n_0
    SLICE_X15Y38         CARRY4 (Prop_carry4_CI_O[0])
                                                      0.235    12.885 r  u_scorer0/u_ray_march/y_reg[8]_i_1/O[0]
                         net (fo=3, routed)           0.532    13.417    u_scorer0/u_ray_march/y_reg[8]_i_1_n_7
    SLICE_X12Y38         FDCE                                         r  u_scorer0/u_ray_march/y_reg[8]_rep/D
  -------------------------------------------------------------------    -------------------

                         (clock clk rise edge)       10.000    10.000 r  
                                                      0.000    10.000 r  clk (IN)
                         net (fo=3737, unset)         0.924    10.924    u_scorer0/u_ray_march/clk
    SLICE_X12Y38         FDCE                                         r  u_scorer0/u_ray_march/y_reg[8]_rep/C
                         clock pessimism              0.000    10.924    
                         clock uncertainty           -0.035    10.889    
    SLICE_X12Y38         FDCE (Setup_fdce_C_D)       -0.188    10.701    u_scorer0/u_ray_march/y_reg[8]_rep
  -------------------------------------------------------------------
                         required time                         10.701    
                         arrival time                         -13.417    
  -------------------------------------------------------------------
                         slack                                 -2.716    

Slack (VIOLATED) :        -2.708ns  (required time - arrival time)
  Source:                 u_scorer7/u_ray_march/x_reg[17]/C
                            (rising edge-triggered cell FDCE clocked by clk  {rise@0.000ns fall@5.000ns period=10.000ns})
  Destination:            u_scorer7/u_ray_march/y_reg[8]_rep__0/D
                            (rising edge-triggered cell FDCE clocked by clk  {rise@0.000ns fall@5.000ns period=10.000ns})
  Path Group:             clk
  Path Type:              Setup (Max at Slow Process Corner)
  Requirement:            10.000ns  (clk rise@10.000ns - clk rise@0.000ns)
  Data Path Delay:        12.404ns  (logic 2.500ns (20.155%)  route 9.904ns (79.845%))
  Logic Levels:           12  (CARRY4=2 LUT5=1 LUT6=9)
  Clock Path Skew:        -0.049ns (DCD - SCD + CPR)
    Destination Clock Delay (DCD):    0.924ns = ( 10.924 - 10.000 ) 
    Source Clock Delay      (SCD):    0.973ns
    Clock Pessimism Removal (CPR):    0.000ns
  Clock Uncertainty:      0.035ns  ((TSJ^2 + TIJ^2)^1/2 + DJ) / 2 + PE
    Total System Jitter     (TSJ):    0.071ns
    Total Input Jitter      (TIJ):    0.000ns
    Discrete Jitter          (DJ):    0.000ns
    Phase Error              (PE):    0.000ns

    Location             Delay type                Incr(ns)  Path(ns)    Netlist Resource(s)
  -------------------------------------------------------------------    -------------------
                         (clock clk rise edge)        0.000     0.000 r  
                                                      0.000     0.000 r  clk (IN)
                         net (fo=3737, unset)         0.973     0.973    u_scorer7/u_ray_march/clk
    SLICE_X52Y73         FDCE                                         r  u_scorer7/u_ray_march/x_reg[17]/C
  -------------------------------------------------------------------    -------------------
    SLICE_X52Y73         FDCE (Prop_fdce_C_Q)         0.518     1.491 r  u_scorer7/u_ray_march/x_reg[17]/Q
                         net (fo=2, routed)           0.987     2.478    u_scorer7/u_ray_march/p_0_in[9]
    SLICE_X50Y73         LUT6 (Prop_lut6_I2_O)        0.124     2.602 r  u_scorer7/u_ray_march/running_i_4__6/O
                         net (fo=60, routed)          0.619     3.220    u_scorer7/u_ray_march/running_i_4__6_n_0
    SLICE_X52Y74         LUT6 (Prop_lut6_I5_O)        0.124     3.344 r  u_scorer7/u_ray_march/running_i_3__6/O
                         net (fo=294, routed)         1.368     4.712    u_scorer7/u_ray_march/running_i_3__6_n_0
    SLICE_X50Y75         LUT5 (Prop_lut5_I1_O)        0.124     4.836 f  u_scorer7/u_ray_march/x[0]_i_977__6/O
                         net (fo=4, routed)           1.097     5.934    u_scorer7/u_ray_march/x[0]_i_977__6_n_0
    SLICE_X38Y76         LUT6 (Prop_lut6_I2_O)        0.124     6.058 f  u_scorer7/u_ray_march/x[0]_i_630__6/O
                         net (fo=1, routed)           0.544     6.601    u_scorer7/u_ray_march/x[0]_i_630__6_n_0
    SLICE_X38Y76         LUT6 (Prop_lut6_I5_O)        0.124     6.725 f  u_scorer7/u_ray_march/x[0]_i_274__6/O
                         net (fo=1, routed)           0.609     7.334    u_scorer7/u_ray_march/x[0]_i_274__6_n_0
    SLICE_X46Y75         LUT6 (Prop_lut6_I2_O)        0.124     7.458 f  u_scorer7/u_ray_march/x[0]_i_112__6/O
                         net (fo=1, routed)           0.769     8.227    u_scorer7/u_ray_march/x[0]_i_112__6_n_0
    SLICE_X54Y75         LUT6 (Prop_lut6_I3_O)        0.124     8.351 f  u_scorer7/u_ray_march/x[0]_i_52__6/O
                         net (fo=1, routed)           1.223     9.574    u_scorer7/u_ray_march/x[0]_i_52__6_n_0
    SLICE_X49Y68         LUT6 (Prop_lut6_I1_O)        0.124     9.698 f  u_scorer7/u_ray_march/x[0]_i_29__6/O
                         net (fo=3, routed)           0.444    10.142    u_scorer7/u_ray_march/x[0]_i_29__6_n_0
    SLICE_X52Y68         LUT6 (Prop_lut6_I1_O)        0.124    10.266 r  u_scorer7/u_ray_march/x[0]_i_14__6/O
                         net (fo=56, routed)          1.232    11.498    u_scorer7/u_ray_march/x[0]_i_14__6_n_0
    SLICE_X54Y70         LUT6 (Prop_lut6_I0_O)        0.124    11.622 r  u_scorer7/u_ray_march/y[4]_i_4__6/O
                         net (fo=1, routed)           0.481    12.103    u_scorer7/u_ray_march/y[4]_i_4__6_n_0
    SLICE_X53Y70         CARRY4 (Prop_carry4_DI[1]_CO[3])
                                                      0.507    12.610 r  u_scorer7/u_ray_march/y_reg[4]_i_1__13/CO[3]
                         net (fo=1, routed)           0.000    12.610    u_scorer7/u_ray_march/y_reg[4]_i_1__13_n_0
    SLICE_X53Y71         CARRY4 (Prop_carry4_CI_O[0])
                                                      0.235    12.845 r  u_scorer7/u_ray_march/y_reg[8]_i_1__13/O[0]
                         net (fo=3, routed)           0.532    13.377    u_scorer7/u_ray_march/y_reg[8]_i_1__13_n_7
    SLICE_X50Y71         FDCE                                         r  u_scorer7/u_ray_march/y_reg[8]_rep__0/D
  -------------------------------------------------------------------    -------------------

                         (clock clk rise edge)       10.000    10.000 r  
                                                      0.000    10.000 r  clk (IN)
                         net (fo=3737, unset)         0.924    10.924    u_scorer7/u_ray_march/clk
    SLICE_X50Y71         FDCE                                         r  u_scorer7/u_ray_march/y_reg[8]_rep__0/C
                         clock pessimism              0.000    10.924    
                         clock uncertainty           -0.035    10.889    
    SLICE_X50Y71         FDCE (Setup_fdce_C_D)       -0.220    10.669    u_scorer7/u_ray_march/y_reg[8]_rep__0
  -------------------------------------------------------------------
                         required time                         10.669    
                         arrival time                         -13.377    
  -------------------------------------------------------------------
                         slack                                 -2.708    

Slack (VIOLATED) :        -2.707ns  (required time - arrival time)
  Source:                 u_scorer7/u_ray_march/x_reg[17]/C
                            (rising edge-triggered cell FDCE clocked by clk  {rise@0.000ns fall@5.000ns period=10.000ns})
  Destination:            u_scorer7/u_ray_march/x_reg[9]/D
                            (rising edge-triggered cell FDCE clocked by clk  {rise@0.000ns fall@5.000ns period=10.000ns})
  Path Group:             clk
  Path Type:              Setup (Max at Slow Process Corner)
  Requirement:            10.000ns  (clk rise@10.000ns - clk rise@0.000ns)
  Data Path Delay:        12.383ns  (logic 2.615ns (21.118%)  route 9.768ns (78.882%))
  Logic Levels:           12  (CARRY4=2 LUT5=1 LUT6=9)
  Clock Path Skew:        -0.049ns (DCD - SCD + CPR)
    Destination Clock Delay (DCD):    0.924ns = ( 10.924 - 10.000 ) 
    Source Clock Delay      (SCD):    0.973ns
    Clock Pessimism Removal (CPR):    0.000ns
  Clock Uncertainty:      0.035ns  ((TSJ^2 + TIJ^2)^1/2 + DJ) / 2 + PE
    Total System Jitter     (TSJ):    0.071ns
    Total Input Jitter      (TIJ):    0.000ns
    Discrete Jitter          (DJ):    0.000ns
    Phase Error              (PE):    0.000ns

    Location             Delay type                Incr(ns)  Path(ns)    Netlist Resource(s)
  -------------------------------------------------------------------    -------------------
                         (clock clk rise edge)        0.000     0.000 r  
                                                      0.000     0.000 r  clk (IN)
                         net (fo=3737, unset)         0.973     0.973    u_scorer7/u_ray_march/clk
    SLICE_X52Y73         FDCE                                         r  u_scorer7/u_ray_march/x_reg[17]/C
  -------------------------------------------------------------------    -------------------
    SLICE_X52Y73         FDCE (Prop_fdce_C_Q)         0.518     1.491 r  u_scorer7/u_ray_march/x_reg[17]/Q
                         net (fo=2, routed)           0.987     2.478    u_scorer7/u_ray_march/p_0_in[9]
    SLICE_X50Y73         LUT6 (Prop_lut6_I2_O)        0.124     2.602 r  u_scorer7/u_ray_march/running_i_4__6/O
                         net (fo=60, routed)          0.619     3.220    u_scorer7/u_ray_march/running_i_4__6_n_0
    SLICE_X52Y74         LUT6 (Prop_lut6_I5_O)        0.124     3.344 r  u_scorer7/u_ray_march/running_i_3__6/O
                         net (fo=294, routed)         1.368     4.712    u_scorer7/u_ray_march/running_i_3__6_n_0
    SLICE_X50Y75         LUT5 (Prop_lut5_I1_O)        0.124     4.836 f  u_scorer7/u_ray_march/x[0]_i_977__6/O
                         net (fo=4, routed)           1.097     5.934    u_scorer7/u_ray_march/x[0]_i_977__6_n_0
    SLICE_X38Y76         LUT6 (Prop_lut6_I2_O)        0.124     6.058 f  u_scorer7/u_ray_march/x[0]_i_630__6/O
                         net (fo=1, routed)           0.544     6.601    u_scorer7/u_ray_march/x[0]_i_630__6_n_0
    SLICE_X38Y76         LUT6 (Prop_lut6_I5_O)        0.124     6.725 f  u_scorer7/u_ray_march/x[0]_i_274__6/O
                         net (fo=1, routed)           0.609     7.334    u_scorer7/u_ray_march/x[0]_i_274__6_n_0
    SLICE_X46Y75         LUT6 (Prop_lut6_I2_O)        0.124     7.458 f  u_scorer7/u_ray_march/x[0]_i_112__6/O
                         net (fo=1, routed)           0.769     8.227    u_scorer7/u_ray_march/x[0]_i_112__6_n_0
    SLICE_X54Y75         LUT6 (Prop_lut6_I3_O)        0.124     8.351 f  u_scorer7/u_ray_march/x[0]_i_52__6/O
                         net (fo=1, routed)           1.223     9.574    u_scorer7/u_ray_march/x[0]_i_52__6_n_0
    SLICE_X49Y68         LUT6 (Prop_lut6_I1_O)        0.124     9.698 f  u_scorer7/u_ray_march/x[0]_i_29__6/O
                         net (fo=3, routed)           0.444    10.142    u_scorer7/u_ray_march/x[0]_i_29__6_n_0
    SLICE_X52Y68         LUT6 (Prop_lut6_I1_O)        0.124    10.266 r  u_scorer7/u_ray_march/x[0]_i_14__6/O
                         net (fo=56, routed)          0.963    11.229    u_scorer7/u_ray_march/x[0]_i_14__6_n_0
    SLICE_X54Y70         LUT6 (Prop_lut6_I0_O)        0.124    11.353 r  u_scorer7/u_ray_march/x[4]_i_4__6/O
                         net (fo=1, routed)           0.629    11.982    u_scorer7/u_ray_march/x[4]_i_4__6_n_0
    SLICE_X52Y70         CARRY4 (Prop_carry4_DI[1]_CO[3])
                                                      0.520    12.502 r  u_scorer7/u_ray_march/x_reg[4]_i_1__13/CO[3]
                         net (fo=1, routed)           0.000    12.502    u_scorer7/u_ray_march/x_reg[4]_i_1__13_n_0
    SLICE_X52Y71         CARRY4 (Prop_carry4_CI_O[1])
                                                      0.337    12.839 r  u_scorer7/u_ray_march/x_reg[8]_i_1__13/O[1]
                         net (fo=3, routed)           0.517    13.356    u_scorer7/u_ray_march/x_reg[8]_i_1__13_n_6
    SLICE_X51Y71         FDCE                                         r  u_scorer7/u_ray_march/x_reg[9]/D
  -------------------------------------------------------------------    -------------------

                         (clock clk rise edge)       10.000    10.000 r  
                                                      0.000    10.000 r  clk (IN)
                         net (fo=3737, unset)         0.924    10.924    u_scorer7/u_ray_march/clk
    SLICE_X51Y71         FDCE                                         r  u_scorer7/u_ray_march/x_reg[9]/C
                         clock pessimism              0.000    10.924    
                         clock uncertainty           -0.035    10.889    
    SLICE_X51Y71         FDCE (Setup_fdce_C_D)       -0.240    10.649    u_scorer7/u_ray_march/x_reg[9]
  -------------------------------------------------------------------
                         required time                         10.649    
                         arrival time                         -13.356    
  -------------------------------------------------------------------
                         slack                                 -2.707    

Slack (VIOLATED) :        -2.691ns  (required time - arrival time)
  Source:                 u_scorer7/u_ray_march/x_reg[17]/C
                            (rising edge-triggered cell FDCE clocked by clk  {rise@0.000ns fall@5.000ns period=10.000ns})
  Destination:            u_scorer7/u_ray_march/y_reg[8]_rep/D
                            (rising edge-triggered cell FDCE clocked by clk  {rise@0.000ns fall@5.000ns period=10.000ns})
  Path Group:             clk
  Path Type:              Setup (Max at Slow Process Corner)
  Requirement:            10.000ns  (clk rise@10.000ns - clk rise@0.000ns)
  Data Path Delay:        12.370ns  (logic 2.500ns (20.210%)  route 9.870ns (79.790%))
  Logic Levels:           12  (CARRY4=2 LUT5=1 LUT6=9)
  Clock Path Skew:        -0.049ns (DCD - SCD + CPR)
    Destination Clock Delay (DCD):    0.924ns = ( 10.924 - 10.000 ) 
    Source Clock Delay      (SCD):    0.973ns
    Clock Pessimism Removal (CPR):    0.000ns
  Clock Uncertainty:      0.035ns  ((TSJ^2 + TIJ^2)^1/2 + DJ) / 2 + PE
    Total System Jitter     (TSJ):    0.071ns
    Total Input Jitter      (TIJ):    0.000ns
    Discrete Jitter          (DJ):    0.000ns
    Phase Error              (PE):    0.000ns

    Location             Delay type                Incr(ns)  Path(ns)    Netlist Resource(s)
  -------------------------------------------------------------------    -------------------
                         (clock clk rise edge)        0.000     0.000 r  
                                                      0.000     0.000 r  clk (IN)
                         net (fo=3737, unset)         0.973     0.973    u_scorer7/u_ray_march/clk
    SLICE_X52Y73         FDCE                                         r  u_scorer7/u_ray_march/x_reg[17]/C
  -------------------------------------------------------------------    -------------------
    SLICE_X52Y73         FDCE (Prop_fdce_C_Q)         0.518     1.491 r  u_scorer7/u_ray_march/x_reg[17]/Q
                         net (fo=2, routed)           0.987     2.478    u_scorer7/u_ray_march/p_0_in[9]
    SLICE_X50Y73         LUT6 (Prop_lut6_I2_O)        0.124     2.602 r  u_scorer7/u_ray_march/running_i_4__6/O
                         net (fo=60, routed)          0.619     3.220    u_scorer7/u_ray_march/running_i_4__6_n_0
    SLICE_X52Y74         LUT6 (Prop_lut6_I5_O)        0.124     3.344 r  u_scorer7/u_ray_march/running_i_3__6/O
                         net (fo=294, routed)         1.368     4.712    u_scorer7/u_ray_march/running_i_3__6_n_0
    SLICE_X50Y75         LUT5 (Prop_lut5_I1_O)        0.124     4.836 f  u_scorer7/u_ray_march/x[0]_i_977__6/O
                         net (fo=4, routed)           1.097     5.934    u_scorer7/u_ray_march/x[0]_i_977__6_n_0
    SLICE_X38Y76         LUT6 (Prop_lut6_I2_O)        0.124     6.058 f  u_scorer7/u_ray_march/x[0]_i_630__6/O
                         net (fo=1, routed)           0.544     6.601    u_scorer7/u_ray_march/x[0]_i_630__6_n_0
    SLICE_X38Y76         LUT6 (Prop_lut6_I5_O)        0.124     6.725 f  u_scorer7/u_ray_march/x[0]_i_274__6/O
                         net (fo=1, routed)           0.609     7.334    u_scorer7/u_ray_march/x[0]_i_274__6_n_0
    SLICE_X46Y75         LUT6 (Prop_lut6_I2_O)        0.124     7.458 f  u_scorer7/u_ray_march/x[0]_i_112__6/O
                         net (fo=1, routed)           0.769     8.227    u_scorer7/u_ray_march/x[0]_i_112__6_n_0
    SLICE_X54Y75         LUT6 (Prop_lut6_I3_O)        0.124     8.351 f  u_scorer7/u_ray_march/x[0]_i_52__6/O
                         net (fo=1, routed)           1.223     9.574    u_scorer7/u_ray_march/x[0]_i_52__6_n_0
    SLICE_X49Y68         LUT6 (Prop_lut6_I1_O)        0.124     9.698 f  u_scorer7/u_ray_march/x[0]_i_29__6/O
                         net (fo=3, routed)           0.444    10.142    u_scorer7/u_ray_march/x[0]_i_29__6_n_0
    SLICE_X52Y68         LUT6 (Prop_lut6_I1_O)        0.124    10.266 r  u_scorer7/u_ray_march/x[0]_i_14__6/O
                         net (fo=56, routed)          1.232    11.498    u_scorer7/u_ray_march/x[0]_i_14__6_n_0
    SLICE_X54Y70         LUT6 (Prop_lut6_I0_O)        0.124    11.622 r  u_scorer7/u_ray_march/y[4]_i_4__6/O
                         net (fo=1, routed)           0.481    12.103    u_scorer7/u_ray_march/y[4]_i_4__6_n_0
    SLICE_X53Y70         CARRY4 (Prop_carry4_DI[1]_CO[3])
                                                      0.507    12.610 r  u_scorer7/u_ray_march/y_reg[4]_i_1__13/CO[3]
                         net (fo=1, routed)           0.000    12.610    u_scorer7/u_ray_march/y_reg[4]_i_1__13_n_0
    SLICE_X53Y71         CARRY4 (Prop_carry4_CI_O[0])
                                                      0.235    12.845 r  u_scorer7/u_ray_march/y_reg[8]_i_1__13/O[0]
                         net (fo=3, routed)           0.498    13.343    u_scorer7/u_ray_march/y_reg[8]_i_1__13_n_7
    SLICE_X51Y71         FDCE                                         r  u_scorer7/u_ray_march/y_reg[8]_rep/D
  -------------------------------------------------------------------    -------------------

                         (clock clk rise edge)       10.000    10.000 r  
                                                      0.000    10.000 r  clk (IN)
                         net (fo=3737, unset)         0.924    10.924    u_scorer7/u_ray_march/clk
    SLICE_X51Y71         FDCE                                         r  u_scorer7/u_ray_march/y_reg[8]_rep/C
                         clock pessimism              0.000    10.924    
                         clock uncertainty           -0.035    10.889    
    SLICE_X51Y71         FDCE (Setup_fdce_C_D)       -0.237    10.652    u_scorer7/u_ray_march/y_reg[8]_rep
  -------------------------------------------------------------------
                         required time                         10.652    
                         arrival time                         -13.343    
  -------------------------------------------------------------------
                         slack                                 -2.691    

Slack (VIOLATED) :        -2.678ns  (required time - arrival time)
  Source:                 u_scorer7/u_ray_march/x_reg[17]/C
                            (rising edge-triggered cell FDCE clocked by clk  {rise@0.000ns fall@5.000ns period=10.000ns})
  Destination:            u_scorer7/u_ray_march/x_reg[8]_rep/D
                            (rising edge-triggered cell FDCE clocked by clk  {rise@0.000ns fall@5.000ns period=10.000ns})
  Path Group:             clk
  Path Type:              Setup (Max at Slow Process Corner)
  Requirement:            10.000ns  (clk rise@10.000ns - clk rise@0.000ns)
  Data Path Delay:        12.410ns  (logic 2.510ns (20.225%)  route 9.900ns (79.775%))
  Logic Levels:           12  (CARRY4=2 LUT5=1 LUT6=9)
  Clock Path Skew:        -0.049ns (DCD - SCD + CPR)
    Destination Clock Delay (DCD):    0.924ns = ( 10.924 - 10.000 ) 
    Source Clock Delay      (SCD):    0.973ns
    Clock Pessimism Removal (CPR):    0.000ns
  Clock Uncertainty:      0.035ns  ((TSJ^2 + TIJ^2)^1/2 + DJ) / 2 + PE
    Total System Jitter     (TSJ):    0.071ns
    Total Input Jitter      (TIJ):    0.000ns
    Discrete Jitter          (DJ):    0.000ns
    Phase Error              (PE):    0.000ns

    Location             Delay type                Incr(ns)  Path(ns)    Netlist Resource(s)
  -------------------------------------------------------------------    -------------------
                         (clock clk rise edge)        0.000     0.000 r  
                                                      0.000     0.000 r  clk (IN)
                         net (fo=3737, unset)         0.973     0.973    u_scorer7/u_ray_march/clk
    SLICE_X52Y73         FDCE                                         r  u_scorer7/u_ray_march/x_reg[17]/C
  -------------------------------------------------------------------    -------------------
    SLICE_X52Y73         FDCE (Prop_fdce_C_Q)         0.518     1.491 r  u_scorer7/u_ray_march/x_reg[17]/Q
                         net (fo=2, routed)           0.987     2.478    u_scorer7/u_ray_march/p_0_in[9]
    SLICE_X50Y73         LUT6 (Prop_lut6_I2_O)        0.124     2.602 r  u_scorer7/u_ray_march/running_i_4__6/O
                         net (fo=60, routed)          0.619     3.220    u_scorer7/u_ray_march/running_i_4__6_n_0
    SLICE_X52Y74         LUT6 (Prop_lut6_I5_O)        0.124     3.344 r  u_scorer7/u_ray_march/running_i_3__6/O
                         net (fo=294, routed)         1.368     4.712    u_scorer7/u_ray_march/running_i_3__6_n_0
    SLICE_X50Y75         LUT5 (Prop_lut5_I1_O)        0.124     4.836 f  u_scorer7/u_ray_march/x[0]_i_977__6/O
                         net (fo=4, routed)           1.097     5.934    u_scorer7/u_ray_march/x[0]_i_977__6_n_0
    SLICE_X38Y76         LUT6 (Prop_lut6_I2_O)        0.124     6.058 f  u_scorer7/u_ray_march/x[0]_i_630__6/O
                         net (fo=1, routed)           0.544     6.601    u_scorer7/u_ray_march/x[0]_i_630__6_n_0
    SLICE_X38Y76         LUT6 (Prop_lut6_I5_O)        0.124     6.725 f  u_scorer7/u_ray_march/x[0]_i_274__6/O
                         net (fo=1, routed)           0.609     7.334    u_scorer7/u_ray_march/x[0]_i_274__6_n_0
    SLICE_X46Y75         LUT6 (Prop_lut6_I2_O)        0.124     7.458 f  u_scorer7/u_ray_march/x[0]_i_112__6/O
                         net (fo=1, routed)           0.769     8.227    u_scorer7/u_ray_march/x[0]_i_112__6_n_0
    SLICE_X54Y75         LUT6 (Prop_lut6_I3_O)        0.124     8.351 f  u_scorer7/u_ray_march/x[0]_i_52__6/O
                         net (fo=1, routed)           1.223     9.574    u_scorer7/u_ray_march/x[0]_i_52__6_n_0
    SLICE_X49Y68         LUT6 (Prop_lut6_I1_O)        0.124     9.698 f  u_scorer7/u_ray_march/x[0]_i_29__6/O
                         net (fo=3, routed)           0.444    10.142    u_scorer7/u_ray_march/x[0]_i_29__6_n_0
    SLICE_X52Y68         LUT6 (Prop_lut6_I1_O)        0.124    10.266 r  u_scorer7/u_ray_march/x[0]_i_14__6/O
                         net (fo=56, routed)          0.963    11.229    u_scorer7/u_ray_march/x[0]_i_14__6_n_0
    SLICE_X54Y70         LUT6 (Prop_lut6_I0_O)        0.124    11.353 r  u_scorer7/u_ray_march/x[4]_i_4__6/O
                         net (fo=1, routed)           0.629    11.982    u_scorer7/u_ray_march/x[4]_i_4__6_n_0
    SLICE_X52Y70         CARRY4 (Prop_carry4_DI[1]_CO[3])
                                                      0.520    12.502 r  u_scorer7/u_ray_march/x_reg[4]_i_1__13/CO[3]
                         net (fo=1, routed)           0.000    12.502    u_scorer7/u_ray_march/x_reg[4]_i_1__13_n_0
    SLICE_X52Y71         CARRY4 (Prop_carry4_CI_O[0])
                                                      0.232    12.734 r  u_scorer7/u_ray_march/x_reg[8]_i_1__13/O[0]
                         net (fo=3, routed)           0.649    13.383    u_scorer7/u_ray_march/x_reg[8]_i_1__13_n_7
    SLICE_X50Y71         FDCE                                         r  u_scorer7/u_ray_march/x_reg[8]_rep/D
  -------------------------------------------------------------------    -------------------

                         (clock clk rise edge)       10.000    10.000 r  
                                                      0.000    10.000 r  clk (IN)
                         net (fo=3737, unset)         0.924    10.924    u_scorer7/u_ray_march/clk
    SLICE_X50Y71         FDCE                                         r  u_scorer7/u_ray_march/x_reg[8]_rep/C
                         clock pessimism              0.000    10.924    
                         clock uncertainty           -0.035    10.889    
    SLICE_X50Y71         FDCE (Setup_fdce_C_D)       -0.184    10.705    u_scorer7/u_ray_march/x_reg[8]_rep
  -------------------------------------------------------------------
                         required time                         10.705    
                         arrival time                         -13.383    
  -------------------------------------------------------------------
                         slack                                 -2.678    

Slack (VIOLATED) :        -2.598ns  (required time - arrival time)
  Source:                 u_scorer0/u_ray_march/y_reg[17]/C
                            (rising edge-triggered cell FDCE clocked by clk  {rise@0.000ns fall@5.000ns period=10.000ns})
  Destination:            u_scorer0/u_ray_march/x_reg[8]_rep__0/D
                            (rising edge-triggered cell FDCE clocked by clk  {rise@0.000ns fall@5.000ns period=10.000ns})
  Path Group:             clk
  Path Type:              Setup (Max at Slow Process Corner)
  Requirement:            10.000ns  (clk rise@10.000ns - clk rise@0.000ns)
  Data Path Delay:        12.281ns  (logic 3.123ns (25.429%)  route 9.158ns (74.571%))
  Logic Levels:           14  (CARRY4=2 LUT5=1 LUT6=8 MUXF7=2 MUXF8=1)
  Clock Path Skew:        -0.049ns (DCD - SCD + CPR)
    Destination Clock Delay (DCD):    0.924ns = ( 10.924 - 10.000 ) 
    Source Clock Delay      (SCD):    0.973ns
    Clock Pessimism Removal (CPR):    0.000ns
  Clock Uncertainty:      0.035ns  ((TSJ^2 + TIJ^2)^1/2 + DJ) / 2 + PE
    Total System Jitter     (TSJ):    0.071ns
    Total Input Jitter      (TIJ):    0.000ns
    Discrete Jitter          (DJ):    0.000ns
    Phase Error              (PE):    0.000ns

    Location             Delay type                Incr(ns)  Path(ns)    Netlist Resource(s)
  -------------------------------------------------------------------    -------------------
                         (clock clk rise edge)        0.000     0.000 r  
                                                      0.000     0.000 r  clk (IN)
                         net (fo=3737, unset)         0.973     0.973    u_scorer0/u_ray_march/clk
    SLICE_X15Y40         FDCE                                         r  u_scorer0/u_ray_march/y_reg[17]/C
  -------------------------------------------------------------------    -------------------
    SLICE_X15Y40         FDCE (Prop_fdce_C_Q)         0.456     1.429 f  u_scorer0/u_ray_march/y_reg[17]/Q
                         net (fo=2, routed)           0.973     2.402    u_scorer0/u_ray_march/y_reg[17]
    SLICE_X15Y42         LUT6 (Prop_lut6_I1_O)        0.124     2.526 f  u_scorer0/u_ray_march/running_i_4/O
                         net (fo=60, routed)          1.160     3.685    u_scorer0/u_ray_march/running_i_4_n_0
    SLICE_X14Y46         LUT5 (Prop_lut5_I3_O)        0.124     3.809 r  u_scorer0/u_ray_march/x[0]_i_947/O
                         net (fo=3, routed)           1.223     5.032    u_scorer0/u_ray_march/x[0]_i_947_n_0
    SLICE_X31Y45         LUT6 (Prop_lut6_I2_O)        0.124     5.156 r  u_scorer0/u_ray_march/x[0]_i_1278/O
                         net (fo=1, routed)           0.734     5.890    u_scorer0/u_ray_march/x[0]_i_1278_n_0
    SLICE_X30Y42         LUT6 (Prop_lut6_I5_O)        0.124     6.014 r  u_scorer0/u_ray_march/x[0]_i_1174/O
                         net (fo=1, routed)           0.000     6.014    u_scorer0/u_ray_march/x[0]_i_1174_n_0
    SLICE_X30Y42         MUXF7 (Prop_muxf7_I0_O)      0.209     6.223 r  u_scorer0/u_ray_march/x_reg[0]_i_786/O
                         net (fo=1, routed)           0.814     7.037    u_scorer0/u_ray_march/x_reg[0]_i_786_n_0
    SLICE_X30Y40         LUT6 (Prop_lut6_I2_O)        0.297     7.334 r  u_scorer0/u_ray_march/x[0]_i_376/O
                         net (fo=1, routed)           0.584     7.918    u_scorer0/u_ray_march/x[0]_i_376_n_0
    SLICE_X28Y38         LUT6 (Prop_lut6_I1_O)        0.124     8.042 r  u_scorer0/u_ray_march/x[0]_i_158/O
                         net (fo=1, routed)           0.000     8.042    u_scorer0/u_ray_march/x[0]_i_158_n_0
    SLICE_X28Y38         MUXF7 (Prop_muxf7_I1_O)      0.245     8.287 r  u_scorer0/u_ray_march/x_reg[0]_i_72/O
                         net (fo=1, routed)           0.000     8.287    u_scorer0/u_ray_march/x_reg[0]_i_72_n_0
    SLICE_X28Y38         MUXF8 (Prop_muxf8_I0_O)      0.104     8.391 r  u_scorer0/u_ray_march/x_reg[0]_i_38/O
                         net (fo=21, routed)          0.974     9.365    u_scorer0/u_ray_march/x_reg[0]_i_38_n_0
    SLICE_X13Y33         LUT6 (Prop_lut6_I4_O)        0.316     9.681 r  u_scorer0/u_ray_march/x[4]_i_21/O
                         net (fo=2, routed)           0.819    10.500    u_scorer0/u_ray_march/x[4]_i_21_n_0
    SLICE_X14Y35         LUT6 (Prop_lut6_I0_O)        0.124    10.624 r  u_scorer0/u_ray_march/x[4]_i_12/O
                         net (fo=4, routed)           0.693    11.317    u_scorer0/u_ray_march/x[4]_i_12_n_0
    SLICE_X12Y34         LUT6 (Prop_lut6_I5_O)        0.124    11.441 r  u_scorer0/u_ray_march/x[4]_i_2/O
                         net (fo=1, routed)           0.695    12.135    u_scorer0/u_ray_march/x[4]_i_2_n_0
    SLICE_X14Y37         CARRY4 (Prop_carry4_DI[3]_CO[3])
                                                      0.396    12.531 r  u_scorer0/u_ray_march/x_reg[4]_i_1/CO[3]
                         net (fo=1, routed)           0.000    12.531    u_scorer0/u_ray_march/x_reg[4]_i_1_n_0
    SLICE_X14Y38         CARRY4 (Prop_carry4_CI_O[0])
                                                      0.232    12.763 r  u_scorer0/u_ray_march/x_reg[8]_i_1/O[0]
                         net (fo=3, routed)           0.491    13.254    u_scorer0/u_ray_march/x_reg[8]_i_1_n_7
    SLICE_X15Y40         FDCE                                         r  u_scorer0/u_ray_march/x_reg[8]_rep__0/D
  -------------------------------------------------------------------    -------------------

                         (clock clk rise edge)       10.000    10.000 r  
                                                      0.000    10.000 r  clk (IN)
                         net (fo=3737, unset)         0.924    10.924    u_scorer0/u_ray_march/clk
    SLICE_X15Y40         FDCE                                         r  u_scorer0/u_ray_march/x_reg[8]_rep__0/C
                         clock pessimism              0.000    10.924    
                         clock uncertainty           -0.035    10.889    
    SLICE_X15Y40         FDCE (Setup_fdce_C_D)       -0.233    10.656    u_scorer0/u_ray_march/x_reg[8]_rep__0
  -------------------------------------------------------------------
                         required time                         10.656    
                         arrival time                         -13.254    
  -------------------------------------------------------------------
                         slack                                 -2.598    

Slack (VIOLATED) :        -2.571ns  (required time - arrival time)
  Source:                 u_scorer0/u_ray_march/x_reg[15]/C
                            (rising edge-triggered cell FDCE clocked by clk  {rise@0.000ns fall@5.000ns period=10.000ns})
  Destination:            u_scorer0/u_ray_march/y_reg[8]_rep__0/D
                            (rising edge-triggered cell FDCE clocked by clk  {rise@0.000ns fall@5.000ns period=10.000ns})
  Path Group:             clk
  Path Type:              Setup (Max at Slow Process Corner)
  Requirement:            10.000ns  (clk rise@10.000ns - clk rise@0.000ns)
  Data Path Delay:        12.269ns  (logic 3.173ns (25.862%)  route 9.096ns (74.138%))
  Logic Levels:           13  (CARRY4=2 LUT3=1 LUT5=1 LUT6=7 MUXF7=2)
  Clock Path Skew:        -0.049ns (DCD - SCD + CPR)
    Destination Clock Delay (DCD):    0.924ns = ( 10.924 - 10.000 ) 
    Source Clock Delay      (SCD):    0.973ns
    Clock Pessimism Removal (CPR):    0.000ns
  Clock Uncertainty:      0.035ns  ((TSJ^2 + TIJ^2)^1/2 + DJ) / 2 + PE
    Total System Jitter     (TSJ):    0.071ns
    Total Input Jitter      (TIJ):    0.000ns
    Discrete Jitter          (DJ):    0.000ns
    Phase Error              (PE):    0.000ns

    Location             Delay type                Incr(ns)  Path(ns)    Netlist Resource(s)
  -------------------------------------------------------------------    -------------------
                         (clock clk rise edge)        0.000     0.000 r  
                                                      0.000     0.000 r  clk (IN)
                         net (fo=3737, unset)         0.973     0.973    u_scorer0/u_ray_march/clk
    SLICE_X14Y39         FDCE                                         r  u_scorer0/u_ray_march/x_reg[15]/C
  -------------------------------------------------------------------    -------------------
    SLICE_X14Y39         FDCE (Prop_fdce_C_Q)         0.518     1.491 f  u_scorer0/u_ray_march/x_reg[15]/Q
                         net (fo=9, routed)           0.856     2.347    u_scorer0/u_ray_march/p_0_in[7]
    SLICE_X15Y41         LUT5 (Prop_lut5_I4_O)        0.124     2.471 f  u_scorer0/u_ray_march/x[0]_i_409/O
                         net (fo=56, routed)          0.842     3.314    u_scorer0/u_ray_march/x[0]_i_409_n_0
    SLICE_X15Y44         LUT3 (Prop_lut3_I2_O)        0.124     3.438 r  u_scorer0/u_ray_march/x[0]_i_429/O
                         net (fo=178, routed)         1.459     4.897    u_scorer0/u_ray_march/x[0]_i_429_n_0
    SLICE_X31Y45         LUT6 (Prop_lut6_I1_O)        0.124     5.021 r  u_scorer0/u_ray_march/x[0]_i_910/O
                         net (fo=1, routed)           0.921     5.942    u_scorer0/u_ray_march/x[0]_i_910_n_0
    SLICE_X31Y50         LUT6 (Prop_lut6_I1_O)        0.124     6.066 r  u_scorer0/u_ray_march/x[0]_i_516/O
                         net (fo=1, routed)           0.834     6.900    u_scorer0/u_ray_march/x[0]_i_516_n_0
    SLICE_X12Y50         LUT6 (Prop_lut6_I0_O)        0.124     7.024 r  u_scorer0/u_ray_march/x[0]_i_229/O
                         net (fo=1, routed)           0.000     7.024    u_scorer0/u_ray_march/x[0]_i_229_n_0
    SLICE_X12Y50         MUXF7 (Prop_muxf7_I0_O)      0.209     7.233 r  u_scorer0/u_ray_march/x_reg[0]_i_98/O
                         net (fo=1, routed)           0.814     8.047    u_scorer0/u_ray_march/x_reg[0]_i_98_n_0
    SLICE_X12Y51         LUT6 (Prop_lut6_I5_O)        0.297     8.344 r  u_scorer0/u_ray_march/x[0]_i_48/O
                         net (fo=2, routed)           0.000     8.344    u_scorer0/u_ray_march/x[0]_i_48_n_0
    SLICE_X12Y51         MUXF7 (Prop_muxf7_I0_O)      0.241     8.585 r  u_scorer0/u_ray_march/x_reg[0]_i_63/O
                         net (fo=1, routed)           0.757     9.342    u_scorer0/u_ray_march/x_reg[0]_i_63_n_0
    SLICE_X13Y42         LUT6 (Prop_lut6_I3_O)        0.298     9.640 r  u_scorer0/u_ray_march/x[0]_i_34/O
                         net (fo=28, routed)          0.893    10.532    u_scorer0/u_ray_march/x[0]_i_34_n_0
    SLICE_X13Y37         LUT6 (Prop_lut6_I4_O)        0.124    10.656 r  u_scorer0/u_ray_march/y[4]_i_13/O
                         net (fo=4, routed)           0.747    11.403    u_scorer0/u_ray_march/y[4]_i_13_n_0
    SLICE_X14Y35         LUT6 (Prop_lut6_I5_O)        0.124    11.527 r  u_scorer0/u_ray_march/y[4]_i_4/O
                         net (fo=1, routed)           0.616    12.143    u_scorer0/u_ray_march/y[4]_i_4_n_0
    SLICE_X15Y37         CARRY4 (Prop_carry4_DI[1]_CO[3])
                                                      0.507    12.650 r  u_scorer0/u_ray_march/y_reg[4]_i_1/CO[3]
                         net (fo=1, routed)           0.000    12.650    u_scorer0/u_ray_march/y_reg[4]_i_1_n_0
    SLICE_X15Y38         CARRY4 (Prop_carry4_CI_O[0])
                                                      0.235    12.885 r  u_scorer0/u_ray_march/y_reg[8]_i_1/O[0]
                         net (fo=3, routed)           0.357    13.242    u_scorer0/u_ray_march/y_reg[8]_i_1_n_7
    SLICE_X13Y37         FDCE                                         r  u_scorer0/u_ray_march/y_reg[8]_rep__0/D
  -------------------------------------------------------------------    -------------------

                         (clock clk rise edge)       10.000    10.000 r  
                                                      0.000    10.000 r  clk (IN)
                         net (fo=3737, unset)         0.924    10.924    u_scorer0/u_ray_march/clk
    SLICE_X13Y37         FDCE                                         r  u_scorer0/u_ray_march/y_reg[8]_rep__0/C
                         clock pessimism              0.000    10.924    
                         clock uncertainty           -0.035    10.889    
    SLICE_X13Y37         FDCE (Setup_fdce_C_D)       -0.218    10.671    u_scorer0/u_ray_march/y_reg[8]_rep__0
  -------------------------------------------------------------------
                         required time                         10.671    
                         arrival time                         -13.242    
  -------------------------------------------------------------------
                         slack                                 -2.571    

Slack (VIOLATED) :        -2.548ns  (required time - arrival time)
  Source:                 u_scorer0/u_ray_march/y_reg[17]/C
                            (rising edge-triggered cell FDCE clocked by clk  {rise@0.000ns fall@5.000ns period=10.000ns})
  Destination:            u_scorer0/u_ray_march/x_reg[9]_rep/D
                            (rising edge-triggered cell FDCE clocked by clk  {rise@0.000ns fall@5.000ns period=10.000ns})
  Path Group:             clk
  Path Type:              Setup (Max at Slow Process Corner)
  Requirement:            10.000ns  (clk rise@10.000ns - clk rise@0.000ns)
  Data Path Delay:        12.239ns  (logic 3.228ns (26.374%)  route 9.011ns (73.626%))
  Logic Levels:           14  (CARRY4=2 LUT5=1 LUT6=8 MUXF7=2 MUXF8=1)
  Clock Path Skew:        -0.049ns (DCD - SCD + CPR)
    Destination Clock Delay (DCD):    0.924ns = ( 10.924 - 10.000 ) 
    Source Clock Delay      (SCD):    0.973ns
    Clock Pessimism Removal (CPR):    0.000ns
  Clock Uncertainty:      0.035ns  ((TSJ^2 + TIJ^2)^1/2 + DJ) / 2 + PE
    Total System Jitter     (TSJ):    0.071ns
    Total Input Jitter      (TIJ):    0.000ns
    Discrete Jitter          (DJ):    0.000ns
    Phase Error              (PE):    0.000ns

    Location             Delay type                Incr(ns)  Path(ns)    Netlist Resource(s)
  -------------------------------------------------------------------    -------------------
                         (clock clk rise edge)        0.000     0.000 r  
                                                      0.000     0.000 r  clk (IN)
                         net (fo=3737, unset)         0.973     0.973    u_scorer0/u_ray_march/clk
    SLICE_X15Y40         FDCE                                         r  u_scorer0/u_ray_march/y_reg[17]/C
  -------------------------------------------------------------------    -------------------
    SLICE_X15Y40         FDCE (Prop_fdce_C_Q)         0.456     1.429 f  u_scorer0/u_ray_march/y_reg[17]/Q
                         net (fo=2, routed)           0.973     2.402    u_scorer0/u_ray_march/y_reg[17]
    SLICE_X15Y42         LUT6 (Prop_lut6_I1_O)        0.124     2.526 f  u_scorer0/u_ray_march/running_i_4/O
                         net (fo=60, routed)          1.160     3.685    u_scorer0/u_ray_march/running_i_4_n_0
    SLICE_X14Y46         LUT5 (Prop_lut5_I3_O)        0.124     3.809 r  u_scorer0/u_ray_march/x[0]_i_947/O
                         net (fo=3, routed)           1.223     5.032    u_scorer0/u_ray_march/x[0]_i_947_n_0
    SLICE_X31Y45         LUT6 (Prop_lut6_I2_O)        0.124     5.156 r  u_scorer0/u_ray_march/x[0]_i_1278/O
                         net (fo=1, routed)           0.734     5.890    u_scorer0/u_ray_march/x[0]_i_1278_n_0
    SLICE_X30Y42         LUT6 (Prop_lut6_I5_O)        0.124     6.014 r  u_scorer0/u_ray_march/x[0]_i_1174/O
                         net (fo=1, routed)           0.000     6.014    u_scorer0/u_ray_march/x[0]_i_1174_n_0
    SLICE_X30Y42         MUXF7 (Prop_muxf7_I0_O)      0.209     6.223 r  u_scorer0/u_ray_march/x_reg[0]_i_786/O
                         net (fo=1, routed)           0.814     7.037    u_scorer0/u_ray_march/x_reg[0]_i_786_n_0
    SLICE_X30Y40         LUT6 (Prop_lut6_I2_O)        0.297     7.334 r  u_scorer0/u_ray_march/x[0]_i_376/O
                         net (fo=1, routed)           0.584     7.918    u_scorer0/u_ray_march/x[0]_i_376_n_0
    SLICE_X28Y38         LUT6 (Prop_lut6_I1_O)        0.124     8.042 r  u_scorer0/u_ray_march/x[0]_i_158/O
                         net (fo=1, routed)           0.000     8.042    u_scorer0/u_ray_march/x[0]_i_158_n_0
    SLICE_X28Y38         MUXF7 (Prop_muxf7_I1_O)      0.245     8.287 r  u_scorer0/u_ray_march/x_reg[0]_i_72/O
                         net (fo=1, routed)           0.000     8.287    u_scorer0/u_ray_march/x_reg[0]_i_72_n_0
    SLICE_X28Y38         MUXF8 (Prop_muxf8_I0_O)      0.104     8.391 r  u_scorer0/u_ray_march/x_reg[0]_i_38/O
                         net (fo=21, routed)          0.974     9.365    u_scorer0/u_ray_march/x_reg[0]_i_38_n_0
    SLICE_X13Y33         LUT6 (Prop_lut6_I4_O)        0.316     9.681 r  u_scorer0/u_ray_march/x[4]_i_21/O
                         net (fo=2, routed)           0.819    10.500    u_scorer0/u_ray_march/x[4]_i_21_n_0
    SLICE_X14Y35         LUT6 (Prop_lut6_I0_O)        0.124    10.624 r  u_scorer0/u_ray_march/x[4]_i_12/O
                         net (fo=4, routed)           0.693    11.317    u_scorer0/u_ray_march/x[4]_i_12_n_0
    SLICE_X12Y34         LUT6 (Prop_lut6_I5_O)        0.124    11.441 r  u_scorer0/u_ray_march/x[4]_i_2/O
                         net (fo=1, routed)           0.695    12.135    u_scorer0/u_ray_march/x[4]_i_2_n_0
    SLICE_X14Y37         CARRY4 (Prop_carry4_DI[3]_CO[3])
                                                      0.396    12.531 r  u_scorer0/u_ray_march/x_reg[4]_i_1/CO[3]
                         net (fo=1, routed)           0.000    12.531    u_scorer0/u_ray_march/x_reg[4]_i_1_n_0
    SLICE_X14Y38         CARRY4 (Prop_carry4_CI_O[1])
                                                      0.337    12.868 r  u_scorer0/u_ray_march/x_reg[8]_i_1/O[1]
                         net (fo=3, routed)           0.344    13.212    u_scorer0/u_ray_march/x_reg[8]_i_1_n_6
    SLICE_X13Y38         FDCE                                         r  u_scorer0/u_ray_march/x_reg[9]_rep/D
  -------------------------------------------------------------------    -------------------

                         (clock clk rise edge)       10.000    10.000 r  
                                                      0.000    10.000 r  clk (IN)
                         net (fo=3737, unset)         0.924    10.924    u_scorer0/u_ray_march/clk
    SLICE_X13Y38         FDCE                                         r  u_scorer0/u_ray_march/x_reg[9]_rep/C
                         clock pessimism              0.000    10.924    
                         clock uncertainty           -0.035    10.889    
    SLICE_X13Y38         FDCE (Setup_fdce_C_D)       -0.225    10.664    u_scorer0/u_ray_march/x_reg[9]_rep
  -------------------------------------------------------------------
                         required time                         10.664    
                         arrival time                         -13.212    
  -------------------------------------------------------------------
                         slack                                 -2.548    

Slack (VIOLATED) :        -2.545ns  (required time - arrival time)
  Source:                 u_scorer0/u_ray_march/y_reg[17]/C
                            (rising edge-triggered cell FDCE clocked by clk  {rise@0.000ns fall@5.000ns period=10.000ns})
  Destination:            u_scorer0/u_ray_march/x_reg[9]/D
                            (rising edge-triggered cell FDCE clocked by clk  {rise@0.000ns fall@5.000ns period=10.000ns})
  Path Group:             clk
  Path Type:              Setup (Max at Slow Process Corner)
  Requirement:            10.000ns  (clk rise@10.000ns - clk rise@0.000ns)
  Data Path Delay:        12.239ns  (logic 3.228ns (26.374%)  route 9.011ns (73.626%))
  Logic Levels:           14  (CARRY4=2 LUT5=1 LUT6=8 MUXF7=2 MUXF8=1)
  Clock Path Skew:        -0.049ns (DCD - SCD + CPR)
    Destination Clock Delay (DCD):    0.924ns = ( 10.924 - 10.000 ) 
    Source Clock Delay      (SCD):    0.973ns
    Clock Pessimism Removal (CPR):    0.000ns
  Clock Uncertainty:      0.035ns  ((TSJ^2 + TIJ^2)^1/2 + DJ) / 2 + PE
    Total System Jitter     (TSJ):    0.071ns
    Total Input Jitter      (TIJ):    0.000ns
    Discrete Jitter          (DJ):    0.000ns
    Phase Error              (PE):    0.000ns

    Location             Delay type                Incr(ns)  Path(ns)    Netlist Resource(s)
  -------------------------------------------------------------------    -------------------
                         (clock clk rise edge)        0.000     0.000 r  
                                                      0.000     0.000 r  clk (IN)
                         net (fo=3737, unset)         0.973     0.973    u_scorer0/u_ray_march/clk
    SLICE_X15Y40         FDCE                                         r  u_scorer0/u_ray_march/y_reg[17]/C
  -------------------------------------------------------------------    -------------------
    SLICE_X15Y40         FDCE (Prop_fdce_C_Q)         0.456     1.429 f  u_scorer0/u_ray_march/y_reg[17]/Q
                         net (fo=2, routed)           0.973     2.402    u_scorer0/u_ray_march/y_reg[17]
    SLICE_X15Y42         LUT6 (Prop_lut6_I1_O)        0.124     2.526 f  u_scorer0/u_ray_march/running_i_4/O
                         net (fo=60, routed)          1.160     3.685    u_scorer0/u_ray_march/running_i_4_n_0
    SLICE_X14Y46         LUT5 (Prop_lut5_I3_O)        0.124     3.809 r  u_scorer0/u_ray_march/x[0]_i_947/O
                         net (fo=3, routed)           1.223     5.032    u_scorer0/u_ray_march/x[0]_i_947_n_0
    SLICE_X31Y45         LUT6 (Prop_lut6_I2_O)        0.124     5.156 r  u_scorer0/u_ray_march/x[0]_i_1278/O
                         net (fo=1, routed)           0.734     5.890    u_scorer0/u_ray_march/x[0]_i_1278_n_0
    SLICE_X30Y42         LUT6 (Prop_lut6_I5_O)        0.124     6.014 r  u_scorer0/u_ray_march/x[0]_i_1174/O
                         net (fo=1, routed)           0.000     6.014    u_scorer0/u_ray_march/x[0]_i_1174_n_0
    SLICE_X30Y42         MUXF7 (Prop_muxf7_I0_O)      0.209     6.223 r  u_scorer0/u_ray_march/x_reg[0]_i_786/O
                         net (fo=1, routed)           0.814     7.037    u_scorer0/u_ray_march/x_reg[0]_i_786_n_0
    SLICE_X30Y40         LUT6 (Prop_lut6_I2_O)        0.297     7.334 r  u_scorer0/u_ray_march/x[0]_i_376/O
                         net (fo=1, routed)           0.584     7.918    u_scorer0/u_ray_march/x[0]_i_376_n_0
    SLICE_X28Y38         LUT6 (Prop_lut6_I1_O)        0.124     8.042 r  u_scorer0/u_ray_march/x[0]_i_158/O
                         net (fo=1, routed)           0.000     8.042    u_scorer0/u_ray_march/x[0]_i_158_n_0
    SLICE_X28Y38         MUXF7 (Prop_muxf7_I1_O)      0.245     8.287 r  u_scorer0/u_ray_march/x_reg[0]_i_72/O
                         net (fo=1, routed)           0.000     8.287    u_scorer0/u_ray_march/x_reg[0]_i_72_n_0
    SLICE_X28Y38         MUXF8 (Prop_muxf8_I0_O)      0.104     8.391 r  u_scorer0/u_ray_march/x_reg[0]_i_38/O
                         net (fo=21, routed)          0.974     9.365    u_scorer0/u_ray_march/x_reg[0]_i_38_n_0
    SLICE_X13Y33         LUT6 (Prop_lut6_I4_O)        0.316     9.681 r  u_scorer0/u_ray_march/x[4]_i_21/O
                         net (fo=2, routed)           0.819    10.500    u_scorer0/u_ray_march/x[4]_i_21_n_0
    SLICE_X14Y35         LUT6 (Prop_lut6_I0_O)        0.124    10.624 r  u_scorer0/u_ray_march/x[4]_i_12/O
                         net (fo=4, routed)           0.693    11.317    u_scorer0/u_ray_march/x[4]_i_12_n_0
    SLICE_X12Y34         LUT6 (Prop_lut6_I5_O)        0.124    11.441 r  u_scorer0/u_ray_march/x[4]_i_2/O
                         net (fo=1, routed)           0.695    12.135    u_scorer0/u_ray_march/x[4]_i_2_n_0
    SLICE_X14Y37         CARRY4 (Prop_carry4_DI[3]_CO[3])
                                                      0.396    12.531 r  u_scorer0/u_ray_march/x_reg[4]_i_1/CO[3]
                         net (fo=1, routed)           0.000    12.531    u_scorer0/u_ray_march/x_reg[4]_i_1_n_0
    SLICE_X14Y38         CARRY4 (Prop_carry4_CI_O[1])
                                                      0.337    12.868 r  u_scorer0/u_ray_march/x_reg[8]_i_1/O[1]
                         net (fo=3, routed)           0.344    13.212    u_scorer0/u_ray_march/x_reg[8]_i_1_n_6
    SLICE_X13Y38         FDCE                                         r  u_scorer0/u_ray_march/x_reg[9]/D
  -------------------------------------------------------------------    -------------------

                         (clock clk rise edge)       10.000    10.000 r  
                                                      0.000    10.000 r  clk (IN)
                         net (fo=3737, unset)         0.924    10.924    u_scorer0/u_ray_march/clk
    SLICE_X13Y38         FDCE                                         r  u_scorer0/u_ray_march/x_reg[9]/C
                         clock pessimism              0.000    10.924    
                         clock uncertainty           -0.035    10.889    
    SLICE_X13Y38         FDCE (Setup_fdce_C_D)       -0.222    10.667    u_scorer0/u_ray_march/x_reg[9]
  -------------------------------------------------------------------
                         required time                         10.667    
                         arrival time                         -13.212    
  -------------------------------------------------------------------
                         slack                                 -2.545    

Slack (VIOLATED) :        -2.541ns  (required time - arrival time)
  Source:                 u_scorer7/u_ray_march/x_reg[17]/C
                            (rising edge-triggered cell FDCE clocked by clk  {rise@0.000ns fall@5.000ns period=10.000ns})
  Destination:            u_scorer7/u_ray_march/x_reg[8]_rep__0/D
                            (rising edge-triggered cell FDCE clocked by clk  {rise@0.000ns fall@5.000ns period=10.000ns})
  Path Group:             clk
  Path Type:              Setup (Max at Slow Process Corner)
  Requirement:            10.000ns  (clk rise@10.000ns - clk rise@0.000ns)
  Data Path Delay:        12.273ns  (logic 2.510ns (20.452%)  route 9.763ns (79.548%))
  Logic Levels:           12  (CARRY4=2 LUT5=1 LUT6=9)
  Clock Path Skew:        -0.049ns (DCD - SCD + CPR)
    Destination Clock Delay (DCD):    0.924ns = ( 10.924 - 10.000 ) 
    Source Clock Delay      (SCD):    0.973ns
    Clock Pessimism Removal (CPR):    0.000ns
  Clock Uncertainty:      0.035ns  ((TSJ^2 + TIJ^2)^1/2 + DJ) / 2 + PE
    Total System Jitter     (TSJ):    0.071ns
    Total Input Jitter      (TIJ):    0.000ns
    Discrete Jitter          (DJ):    0.000ns
    Phase Error              (PE):    0.000ns

    Location             Delay type                Incr(ns)  Path(ns)    Netlist Resource(s)
  -------------------------------------------------------------------    -------------------
                         (clock clk rise edge)        0.000     0.000 r  
                                                      0.000     0.000 r  clk (IN)
                         net (fo=3737, unset)         0.973     0.973    u_scorer7/u_ray_march/clk
    SLICE_X52Y73         FDCE                                         r  u_scorer7/u_ray_march/x_reg[17]/C
  -------------------------------------------------------------------    -------------------
    SLICE_X52Y73         FDCE (Prop_fdce_C_Q)         0.518     1.491 r  u_scorer7/u_ray_march/x_reg[17]/Q
                         net (fo=2, routed)           0.987     2.478    u_scorer7/u_ray_march/p_0_in[9]
    SLICE_X50Y73         LUT6 (Prop_lut6_I2_O)        0.124     2.602 r  u_scorer7/u_ray_march/running_i_4__6/O
                         net (fo=60, routed)          0.619     3.220    u_scorer7/u_ray_march/running_i_4__6_n_0
    SLICE_X52Y74         LUT6 (Prop_lut6_I5_O)        0.124     3.344 r  u_scorer7/u_ray_march/running_i_3__6/O
                         net (fo=294, routed)         1.368     4.712    u_scorer7/u_ray_march/running_i_3__6_n_0
    SLICE_X50Y75         LUT5 (Prop_lut5_I1_O)        0.124     4.836 f  u_scorer7/u_ray_march/x[0]_i_977__6/O
                         net (fo=4, routed)           1.097     5.934    u_scorer7/u_ray_march/x[0]_i_977__6_n_0
    SLICE_X38Y76         LUT6 (Prop_lut6_I2_O)        0.124     6.058 f  u_scorer7/u_ray_march/x[0]_i_630__6/O
                         net (fo=1, routed)           0.544     6.601    u_scorer7/u_ray_march/x[0]_i_630__6_n_0
    SLICE_X38Y76         LUT6 (Prop_lut6_I5_O)        0.124     6.725 f  u_scorer7/u_ray_march/x[0]_i_274__6/O
                         net (fo=1, routed)           0.609     7.334    u_scorer7/u_ray_march/x[0]_i_274__6_n_0
    SLICE_X46Y75         LUT6 (Prop_lut6_I2_O)        0.124     7.458 f  u_scorer7/u_ray_march/x[0]_i_112__6/O
                         net (fo=1, routed)           0.769     8.227    u_scorer7/u_ray_march/x[0]_i_112__6_n_0
    SLICE_X54Y75         LUT6 (Prop_lut6_I3_O)        0.124     8.351 f  u_scorer7/u_ray_march/x[0]_i_52__6/O
                         net (fo=1, routed)           1.223     9.574    u_scorer7/u_ray_march/x[0]_i_52__6_n_0
    SLICE_X49Y68         LUT6 (Prop_lut6_I1_O)        0.124     9.698 f  u_scorer7/u_ray_march/x[0]_i_29__6/O
                         net (fo=3, routed)           0.444    10.142    u_scorer7/u_ray_march/x[0]_i_29__6_n_0
    SLICE_X52Y68         LUT6 (Prop_lut6_I1_O)        0.124    10.266 r  u_scorer7/u_ray_march/x[0]_i_14__6/O
                         net (fo=56, routed)          0.963    11.229    u_scorer7/u_ray_march/x[0]_i_14__6_n_0
    SLICE_X54Y70         LUT6 (Prop_lut6_I0_O)        0.124    11.353 r  u_scorer7/u_ray_march/x[4]_i_4__6/O
                         net (fo=1, routed)           0.629    11.982    u_scorer7/u_ray_march/x[4]_i_4__6_n_0
    SLICE_X52Y70         CARRY4 (Prop_carry4_DI[1]_CO[3])
                                                      0.520    12.502 r  u_scorer7/u_ray_march/x_reg[4]_i_1__13/CO[3]
                         net (fo=1, routed)           0.000    12.502    u_scorer7/u_ray_march/x_reg[4]_i_1__13_n_0
    SLICE_X52Y71         CARRY4 (Prop_carry4_CI_O[0])
                                                      0.232    12.734 r  u_scorer7/u_ray_march/x_reg[8]_i_1__13/O[0]
                         net (fo=3, routed)           0.512    13.246    u_scorer7/u_ray_march/x_reg[8]_i_1__13_n_7
    SLICE_X50Y71         FDCE                                         r  u_scorer7/u_ray_march/x_reg[8]_rep__0/D
  -------------------------------------------------------------------    -------------------

                         (clock clk rise edge)       10.000    10.000 r  
                                                      0.000    10.000 r  clk (IN)
                         net (fo=3737, unset)         0.924    10.924    u_scorer7/u_ray_march/clk
    SLICE_X50Y71         FDCE                                         r  u_scorer7/u_ray_march/x_reg[8]_rep__0/C
                         clock pessimism              0.000    10.924    
                         clock uncertainty           -0.035    10.889    
    SLICE_X50Y71         FDCE (Setup_fdce_C_D)       -0.184    10.705    u_scorer7/u_ray_march/x_reg[8]_rep__0
  -------------------------------------------------------------------
                         required time                         10.705    
                         arrival time                         -13.246    
  -------------------------------------------------------------------
                         slack                                 -2.541    





Min Delay Paths
--------------------------------------------------------------------------------------
Slack (MET) :             0.111ns  (arrival time - required time)
  Source:                 u_scorer4/pe_last_reg/C
                            (rising edge-triggered cell FDCE clocked by clk  {rise@0.000ns fall@5.000ns period=10.000ns})
  Destination:            u_scorer4/u_pe/pend_last_reg/D
                            (rising edge-triggered cell FDCE clocked by clk  {rise@0.000ns fall@5.000ns period=10.000ns})
  Path Group:             clk
  Path Type:              Hold (Min at Fast Process Corner)
  Requirement:            0.000ns  (clk rise@0.000ns - clk rise@0.000ns)
  Data Path Delay:        0.208ns  (logic 0.141ns (67.788%)  route 0.067ns (32.212%))
  Logic Levels:           0  
  Clock Path Skew:        0.022ns (DCD - SCD - CPR)
    Destination Clock Delay (DCD):    0.432ns
    Source Clock Delay      (SCD):    0.410ns
    Clock Pessimism Removal (CPR):    -0.000ns

    Location             Delay type                Incr(ns)  Path(ns)    Netlist Resource(s)
  -------------------------------------------------------------------    -------------------
                         (clock clk rise edge)        0.000     0.000 r  
                                                      0.000     0.000 r  clk (IN)
                         net (fo=3737, unset)         0.410     0.410    u_scorer4/clk
    SLICE_X35Y22         FDCE                                         r  u_scorer4/pe_last_reg/C
  -------------------------------------------------------------------    -------------------
    SLICE_X35Y22         FDCE (Prop_fdce_C_Q)         0.141     0.551 r  u_scorer4/pe_last_reg/Q
                         net (fo=2, routed)           0.067     0.618    u_scorer4/u_pe/pe_last
    SLICE_X35Y22         FDCE                                         r  u_scorer4/u_pe/pend_last_reg/D
  -------------------------------------------------------------------    -------------------

                         (clock clk rise edge)        0.000     0.000 r  
                                                      0.000     0.000 r  clk (IN)
                         net (fo=3737, unset)         0.432     0.432    u_scorer4/u_pe/clk
    SLICE_X35Y22         FDCE                                         r  u_scorer4/u_pe/pend_last_reg/C
                         clock pessimism              0.000     0.432    
    SLICE_X35Y22         FDCE (Hold_fdce_C_D)         0.075     0.507    u_scorer4/u_pe/pend_last_reg
  -------------------------------------------------------------------
                         required time                         -0.507    
                         arrival time                           0.618    
  -------------------------------------------------------------------
                         slack                                  0.111    

Slack (MET) :             0.122ns  (arrival time - required time)
  Source:                 u_scorer4/u_twrap/theta_o_reg[12]/C
                            (rising edge-triggered cell FDCE clocked by clk  {rise@0.000ns fall@5.000ns period=10.000ns})
  Destination:            u_scorer4/theta_lat_reg[12]/D
                            (rising edge-triggered cell FDCE clocked by clk  {rise@0.000ns fall@5.000ns period=10.000ns})
  Path Group:             clk
  Path Type:              Hold (Min at Fast Process Corner)
  Requirement:            0.000ns  (clk rise@0.000ns - clk rise@0.000ns)
  Data Path Delay:        0.228ns  (logic 0.141ns (61.814%)  route 0.087ns (38.186%))
  Logic Levels:           0  
  Clock Path Skew:        0.022ns (DCD - SCD - CPR)
    Destination Clock Delay (DCD):    0.432ns
    Source Clock Delay      (SCD):    0.410ns
    Clock Pessimism Removal (CPR):    -0.000ns

    Location             Delay type                Incr(ns)  Path(ns)    Netlist Resource(s)
  -------------------------------------------------------------------    -------------------
                         (clock clk rise edge)        0.000     0.000 r  
                                                      0.000     0.000 r  clk (IN)
                         net (fo=3737, unset)         0.410     0.410    u_scorer4/u_twrap/clk
    SLICE_X39Y4          FDCE                                         r  u_scorer4/u_twrap/theta_o_reg[12]/C
  -------------------------------------------------------------------    -------------------
    SLICE_X39Y4          FDCE (Prop_fdce_C_Q)         0.141     0.551 r  u_scorer4/u_twrap/theta_o_reg[12]/Q
                         net (fo=1, routed)           0.087     0.638    u_scorer4/theta_o[12]
    SLICE_X38Y4          FDCE                                         r  u_scorer4/theta_lat_reg[12]/D
  -------------------------------------------------------------------    -------------------

                         (clock clk rise edge)        0.000     0.000 r  
                                                      0.000     0.000 r  clk (IN)
                         net (fo=3737, unset)         0.432     0.432    u_scorer4/clk
    SLICE_X38Y4          FDCE                                         r  u_scorer4/theta_lat_reg[12]/C
                         clock pessimism              0.000     0.432    
    SLICE_X38Y4          FDCE (Hold_fdce_C_D)         0.085     0.517    u_scorer4/theta_lat_reg[12]
  -------------------------------------------------------------------
                         required time                         -0.517    
                         arrival time                           0.638    
  -------------------------------------------------------------------
                         slack                                  0.122    

Slack (MET) :             0.126ns  (arrival time - required time)
  Source:                 u_scorer5/u_twrap/theta_o_reg[11]/C
                            (rising edge-triggered cell FDCE clocked by clk  {rise@0.000ns fall@5.000ns period=10.000ns})
  Destination:            u_scorer5/theta_lat_reg[11]/D
                            (rising edge-triggered cell FDCE clocked by clk  {rise@0.000ns fall@5.000ns period=10.000ns})
  Path Group:             clk
  Path Type:              Hold (Min at Fast Process Corner)
  Requirement:            0.000ns  (clk rise@0.000ns - clk rise@0.000ns)
  Data Path Delay:        0.232ns  (logic 0.141ns (60.749%)  route 0.091ns (39.251%))
  Logic Levels:           0  
  Clock Path Skew:        0.022ns (DCD - SCD - CPR)
    Destination Clock Delay (DCD):    0.432ns
    Source Clock Delay      (SCD):    0.410ns
    Clock Pessimism Removal (CPR):    -0.000ns

    Location             Delay type                Incr(ns)  Path(ns)    Netlist Resource(s)
  -------------------------------------------------------------------    -------------------
                         (clock clk rise edge)        0.000     0.000 r  
                                                      0.000     0.000 r  clk (IN)
                         net (fo=3737, unset)         0.410     0.410    u_scorer5/u_twrap/clk
    SLICE_X51Y22         FDCE                                         r  u_scorer5/u_twrap/theta_o_reg[11]/C
  -------------------------------------------------------------------    -------------------
    SLICE_X51Y22         FDCE (Prop_fdce_C_Q)         0.141     0.551 r  u_scorer5/u_twrap/theta_o_reg[11]/Q
                         net (fo=1, routed)           0.091     0.642    u_scorer5/theta_o[11]
    SLICE_X50Y22         FDCE                                         r  u_scorer5/theta_lat_reg[11]/D
  -------------------------------------------------------------------    -------------------

                         (clock clk rise edge)        0.000     0.000 r  
                                                      0.000     0.000 r  clk (IN)
                         net (fo=3737, unset)         0.432     0.432    u_scorer5/clk
    SLICE_X50Y22         FDCE                                         r  u_scorer5/theta_lat_reg[11]/C
                         clock pessimism              0.000     0.432    
    SLICE_X50Y22         FDCE (Hold_fdce_C_D)         0.085     0.517    u_scorer5/theta_lat_reg[11]
  -------------------------------------------------------------------
                         required time                         -0.517    
                         arrival time                           0.642    
  -------------------------------------------------------------------
                         slack                                  0.126    

Slack (MET) :             0.126ns  (arrival time - required time)
  Source:                 u_scorer6/u_dgen/dx_o_reg[5]/C
                            (rising edge-triggered cell FDCE clocked by clk  {rise@0.000ns fall@5.000ns period=10.000ns})
  Destination:            u_scorer6/pref_dx_reg[5]/D
                            (rising edge-triggered cell FDCE clocked by clk  {rise@0.000ns fall@5.000ns period=10.000ns})
  Path Group:             clk
  Path Type:              Hold (Min at Fast Process Corner)
  Requirement:            0.000ns  (clk rise@0.000ns - clk rise@0.000ns)
  Data Path Delay:        0.230ns  (logic 0.141ns (61.277%)  route 0.089ns (38.723%))
  Logic Levels:           0  
  Clock Path Skew:        0.022ns (DCD - SCD - CPR)
    Destination Clock Delay (DCD):    0.432ns
    Source Clock Delay      (SCD):    0.410ns
    Clock Pessimism Removal (CPR):    -0.000ns

    Location             Delay type                Incr(ns)  Path(ns)    Netlist Resource(s)
  -------------------------------------------------------------------    -------------------
                         (clock clk rise edge)        0.000     0.000 r  
                                                      0.000     0.000 r  clk (IN)
                         net (fo=3737, unset)         0.410     0.410    u_scorer6/u_dgen/clk
    SLICE_X47Y87         FDCE                                         r  u_scorer6/u_dgen/dx_o_reg[5]/C
  -------------------------------------------------------------------    -------------------
    SLICE_X47Y87         FDCE (Prop_fdce_C_Q)         0.141     0.551 r  u_scorer6/u_dgen/dx_o_reg[5]/Q
                         net (fo=1, routed)           0.089     0.640    u_scorer6/dx_o[5]
    SLICE_X46Y87         FDCE                                         r  u_scorer6/pref_dx_reg[5]/D
  -------------------------------------------------------------------    -------------------

                         (clock clk rise edge)        0.000     0.000 r  
                                                      0.000     0.000 r  clk (IN)
                         net (fo=3737, unset)         0.432     0.432    u_scorer6/clk
    SLICE_X46Y87         FDCE                                         r  u_scorer6/pref_dx_reg[5]/C
                         clock pessimism              0.000     0.432    
    SLICE_X46Y87         FDCE (Hold_fdce_C_D)         0.083     0.515    u_scorer6/pref_dx_reg[5]
  -------------------------------------------------------------------
                         required time                         -0.515    
                         arrival time                           0.640    
  -------------------------------------------------------------------
                         slack                                  0.126    

Slack (MET) :             0.138ns  (arrival time - required time)
  Source:                 u_scorer1/u_dgen/wrapped_latched_reg[8]/C
                            (rising edge-triggered cell FDCE clocked by clk  {rise@0.000ns fall@5.000ns period=10.000ns})
  Destination:            u_scorer1/u_dgen/u_cordic/reduced_reg[8]/D
                            (rising edge-triggered cell FDCE clocked by clk  {rise@0.000ns fall@5.000ns period=10.000ns})
  Path Group:             clk
  Path Type:              Hold (Min at Fast Process Corner)
  Requirement:            0.000ns  (clk rise@0.000ns - clk rise@0.000ns)
  Data Path Delay:        0.251ns  (logic 0.186ns (74.059%)  route 0.065ns (25.941%))
  Logic Levels:           1  (LUT5=1)
  Clock Path Skew:        0.022ns (DCD - SCD - CPR)
    Destination Clock Delay (DCD):    0.432ns
    Source Clock Delay      (SCD):    0.410ns
    Clock Pessimism Removal (CPR):    -0.000ns

    Location             Delay type                Incr(ns)  Path(ns)    Netlist Resource(s)
  -------------------------------------------------------------------    -------------------
                         (clock clk rise edge)        0.000     0.000 r  
                                                      0.000     0.000 r  clk (IN)
                         net (fo=3737, unset)         0.410     0.410    u_scorer1/u_dgen/clk
    SLICE_X32Y52         FDCE                                         r  u_scorer1/u_dgen/wrapped_latched_reg[8]/C
  -------------------------------------------------------------------    -------------------
    SLICE_X32Y52         FDCE (Prop_fdce_C_Q)         0.141     0.551 r  u_scorer1/u_dgen/wrapped_latched_reg[8]/Q
                         net (fo=5, routed)           0.065     0.616    u_scorer1/u_dgen/u_cordic/Q[8]
    SLICE_X33Y52         LUT5 (Prop_lut5_I3_O)        0.045     0.661 r  u_scorer1/u_dgen/u_cordic/reduced[8]_i_1__0/O
                         net (fo=1, routed)           0.000     0.661    u_scorer1/u_dgen/u_cordic/reduced_full[8]
    SLICE_X33Y52         FDCE                                         r  u_scorer1/u_dgen/u_cordic/reduced_reg[8]/D
  -------------------------------------------------------------------    -------------------

                         (clock clk rise edge)        0.000     0.000 r  
                                                      0.000     0.000 r  clk (IN)
                         net (fo=3737, unset)         0.432     0.432    u_scorer1/u_dgen/u_cordic/clk
    SLICE_X33Y52         FDCE                                         r  u_scorer1/u_dgen/u_cordic/reduced_reg[8]/C
                         clock pessimism              0.000     0.432    
    SLICE_X33Y52         FDCE (Hold_fdce_C_D)         0.092     0.524    u_scorer1/u_dgen/u_cordic/reduced_reg[8]
  -------------------------------------------------------------------
                         required time                         -0.524    
                         arrival time                           0.661    
  -------------------------------------------------------------------
                         slack                                  0.138    

Slack (MET) :             0.143ns  (arrival time - required time)
  Source:                 u_scorer3/u_dgen/u_cordic/u_core/cos_o_reg[10]/C
                            (rising edge-triggered cell FDCE clocked by clk  {rise@0.000ns fall@5.000ns period=10.000ns})
  Destination:            u_scorer3/u_dgen/u_cordic/cos_o_reg[10]/D
                            (rising edge-triggered cell FDCE clocked by clk  {rise@0.000ns fall@5.000ns period=10.000ns})
  Path Group:             clk
  Path Type:              Hold (Min at Fast Process Corner)
  Requirement:            0.000ns  (clk rise@0.000ns - clk rise@0.000ns)
  Data Path Delay:        0.284ns  (logic 0.186ns (65.445%)  route 0.098ns (34.555%))
  Logic Levels:           1  (LUT3=1)
  Clock Path Skew:        0.022ns (DCD - SCD - CPR)
    Destination Clock Delay (DCD):    0.432ns
    Source Clock Delay      (SCD):    0.410ns
    Clock Pessimism Removal (CPR):    -0.000ns

    Location             Delay type                Incr(ns)  Path(ns)    Netlist Resource(s)
  -------------------------------------------------------------------    -------------------
                         (clock clk rise edge)        0.000     0.000 r  
                                                      0.000     0.000 r  clk (IN)
                         net (fo=3737, unset)         0.410     0.410    u_scorer3/u_dgen/u_cordic/u_core/clk
    SLICE_X43Y5          FDCE                                         r  u_scorer3/u_dgen/u_cordic/u_core/cos_o_reg[10]/C
  -------------------------------------------------------------------    -------------------
    SLICE_X43Y5          FDCE (Prop_fdce_C_Q)         0.141     0.551 r  u_scorer3/u_dgen/u_cordic/u_core/cos_o_reg[10]/Q
                         net (fo=2, routed)           0.098     0.649    u_scorer3/u_dgen/u_cordic/cos_o[10]
    SLICE_X42Y5          LUT3 (Prop_lut3_I1_O)        0.045     0.694 r  u_scorer3/u_dgen/u_cordic/cos_o[10]_i_1__2/O
                         net (fo=1, routed)           0.000     0.694    u_scorer3/u_dgen/u_cordic/cos_o[10]_i_1__2_n_0
    SLICE_X42Y5          FDCE                                         r  u_scorer3/u_dgen/u_cordic/cos_o_reg[10]/D
  -------------------------------------------------------------------    -------------------

                         (clock clk rise edge)        0.000     0.000 r  
                                                      0.000     0.000 r  clk (IN)
                         net (fo=3737, unset)         0.432     0.432    u_scorer3/u_dgen/u_cordic/clk
    SLICE_X42Y5          FDCE                                         r  u_scorer3/u_dgen/u_cordic/cos_o_reg[10]/C
                         clock pessimism              0.000     0.432    
    SLICE_X42Y5          FDCE (Hold_fdce_C_D)         0.120     0.552    u_scorer3/u_dgen/u_cordic/cos_o_reg[10]
  -------------------------------------------------------------------
                         required time                         -0.552    
                         arrival time                           0.694    
  -------------------------------------------------------------------
                         slack                                  0.143    

Slack (MET) :             0.144ns  (arrival time - required time)
  Source:                 u_scorer2/u_dgen/wrapped_latched_reg[4]/C
                            (rising edge-triggered cell FDCE clocked by clk  {rise@0.000ns fall@5.000ns period=10.000ns})
  Destination:            u_scorer2/u_dgen/u_cordic/reduced_reg[4]/D
                            (rising edge-triggered cell FDCE clocked by clk  {rise@0.000ns fall@5.000ns period=10.000ns})
  Path Group:             clk
  Path Type:              Hold (Min at Fast Process Corner)
  Requirement:            0.000ns  (clk rise@0.000ns - clk rise@0.000ns)
  Data Path Delay:        0.285ns  (logic 0.186ns (65.209%)  route 0.099ns (34.791%))
  Logic Levels:           1  (LUT4=1)
  Clock Path Skew:        0.022ns (DCD - SCD - CPR)
    Destination Clock Delay (DCD):    0.432ns
    Source Clock Delay      (SCD):    0.410ns
    Clock Pessimism Removal (CPR):    -0.000ns

    Location             Delay type                Incr(ns)  Path(ns)    Netlist Resource(s)
  -------------------------------------------------------------------    -------------------
                         (clock clk rise edge)        0.000     0.000 r  
                                                      0.000     0.000 r  clk (IN)
                         net (fo=3737, unset)         0.410     0.410    u_scorer2/u_dgen/clk
    SLICE_X9Y60          FDCE                                         r  u_scorer2/u_dgen/wrapped_latched_reg[4]/C
  -------------------------------------------------------------------    -------------------
    SLICE_X9Y60          FDCE (Prop_fdce_C_Q)         0.141     0.551 r  u_scorer2/u_dgen/wrapped_latched_reg[4]/Q
                         net (fo=4, routed)           0.099     0.650    u_scorer2/u_dgen/u_cordic/Q[4]
    SLICE_X8Y60          LUT4 (Prop_lut4_I2_O)        0.045     0.695 r  u_scorer2/u_dgen/u_cordic/reduced[4]_i_1__1/O
                         net (fo=1, routed)           0.000     0.695    u_scorer2/u_dgen/u_cordic/reduced_full[4]
    SLICE_X8Y60          FDCE                                         r  u_scorer2/u_dgen/u_cordic/reduced_reg[4]/D
  -------------------------------------------------------------------    -------------------

                         (clock clk rise edge)        0.000     0.000 r  
                                                      0.000     0.000 r  clk (IN)
                         net (fo=3737, unset)         0.432     0.432    u_scorer2/u_dgen/u_cordic/clk
    SLICE_X8Y60          FDCE                                         r  u_scorer2/u_dgen/u_cordic/reduced_reg[4]/C
                         clock pessimism              0.000     0.432    
    SLICE_X8Y60          FDCE (Hold_fdce_C_D)         0.120     0.552    u_scorer2/u_dgen/u_cordic/reduced_reg[4]
  -------------------------------------------------------------------
                         required time                         -0.552    
                         arrival time                           0.695    
  -------------------------------------------------------------------
                         slack                                  0.144    

Slack (MET) :             0.145ns  (arrival time - required time)
  Source:                 u_scorer2/u_dgen/u_cordic/cos_o_reg[8]/C
                            (rising edge-triggered cell FDCE clocked by clk  {rise@0.000ns fall@5.000ns period=10.000ns})
  Destination:            u_scorer2/u_dgen/dx_o_reg[0]/D
                            (rising edge-triggered cell FDCE clocked by clk  {rise@0.000ns fall@5.000ns period=10.000ns})
  Path Group:             clk
  Path Type:              Hold (Min at Fast Process Corner)
  Requirement:            0.000ns  (clk rise@0.000ns - clk rise@0.000ns)
  Data Path Delay:        0.241ns  (logic 0.141ns (58.406%)  route 0.100ns (41.594%))
  Logic Levels:           0  
  Clock Path Skew:        0.022ns (DCD - SCD - CPR)
    Destination Clock Delay (DCD):    0.432ns
    Source Clock Delay      (SCD):    0.410ns
    Clock Pessimism Removal (CPR):    -0.000ns

    Location             Delay type                Incr(ns)  Path(ns)    Netlist Resource(s)
  -------------------------------------------------------------------    -------------------
                         (clock clk rise edge)        0.000     0.000 r  
                                                      0.000     0.000 r  clk (IN)
                         net (fo=3737, unset)         0.410     0.410    u_scorer2/u_dgen/u_cordic/clk
    SLICE_X5Y65          FDCE                                         r  u_scorer2/u_dgen/u_cordic/cos_o_reg[8]/C
  -------------------------------------------------------------------    -------------------
    SLICE_X5Y65          FDCE (Prop_fdce_C_Q)         0.141     0.551 r  u_scorer2/u_dgen/u_cordic/cos_o_reg[8]/Q
                         net (fo=1, routed)           0.100     0.652    u_scorer2/u_dgen/u_cordic_n_12
    SLICE_X6Y66          FDCE                                         r  u_scorer2/u_dgen/dx_o_reg[0]/D
  -------------------------------------------------------------------    -------------------

                         (clock clk rise edge)        0.000     0.000 r  
                                                      0.000     0.000 r  clk (IN)
                         net (fo=3737, unset)         0.432     0.432    u_scorer2/u_dgen/clk
    SLICE_X6Y66          FDCE                                         r  u_scorer2/u_dgen/dx_o_reg[0]/C
                         clock pessimism              0.000     0.432    
    SLICE_X6Y66          FDCE (Hold_fdce_C_D)         0.075     0.507    u_scorer2/u_dgen/dx_o_reg[0]
  -------------------------------------------------------------------
                         required time                         -0.507    
                         arrival time                           0.652    
  -------------------------------------------------------------------
                         slack                                  0.145    

Slack (MET) :             0.148ns  (arrival time - required time)
  Source:                 u_scorer1/u_twrap/theta_o_reg[0]/C
                            (rising edge-triggered cell FDCE clocked by clk  {rise@0.000ns fall@5.000ns period=10.000ns})
  Destination:            u_scorer1/theta_lat_reg[0]/D
                            (rising edge-triggered cell FDCE clocked by clk  {rise@0.000ns fall@5.000ns period=10.000ns})
  Path Group:             clk
  Path Type:              Hold (Min at Fast Process Corner)
  Requirement:            0.000ns  (clk rise@0.000ns - clk rise@0.000ns)
  Data Path Delay:        0.227ns  (logic 0.141ns (62.202%)  route 0.086ns (37.798%))
  Logic Levels:           0  
  Clock Path Skew:        0.022ns (DCD - SCD - CPR)
    Destination Clock Delay (DCD):    0.432ns
    Source Clock Delay      (SCD):    0.410ns
    Clock Pessimism Removal (CPR):    -0.000ns

    Location             Delay type                Incr(ns)  Path(ns)    Netlist Resource(s)
  -------------------------------------------------------------------    -------------------
                         (clock clk rise edge)        0.000     0.000 r  
                                                      0.000     0.000 r  clk (IN)
                         net (fo=3737, unset)         0.410     0.410    u_scorer1/u_twrap/clk
    SLICE_X28Y50         FDCE                                         r  u_scorer1/u_twrap/theta_o_reg[0]/C
  -------------------------------------------------------------------    -------------------
    SLICE_X28Y50         FDCE (Prop_fdce_C_Q)         0.141     0.551 r  u_scorer1/u_twrap/theta_o_reg[0]/Q
                         net (fo=1, routed)           0.086     0.637    u_scorer1/theta_o[0]
    SLICE_X29Y50         FDCE                                         r  u_scorer1/theta_lat_reg[0]/D
  -------------------------------------------------------------------    -------------------

                         (clock clk rise edge)        0.000     0.000 r  
                                                      0.000     0.000 r  clk (IN)
                         net (fo=3737, unset)         0.432     0.432    u_scorer1/clk
    SLICE_X29Y50         FDCE                                         r  u_scorer1/theta_lat_reg[0]/C
                         clock pessimism              0.000     0.432    
    SLICE_X29Y50         FDCE (Hold_fdce_C_D)         0.057     0.489    u_scorer1/theta_lat_reg[0]
  -------------------------------------------------------------------
                         required time                         -0.489    
                         arrival time                           0.637    
  -------------------------------------------------------------------
                         slack                                  0.148    

Slack (MET) :             0.148ns  (arrival time - required time)
  Source:                 u_scorer7/pref_dy_reg[7]/C
                            (rising edge-triggered cell FDCE clocked by clk  {rise@0.000ns fall@5.000ns period=10.000ns})
  Destination:            u_scorer7/rm_dy_reg[7]/D
                            (rising edge-triggered cell FDCE clocked by clk  {rise@0.000ns fall@5.000ns period=10.000ns})
  Path Group:             clk
  Path Type:              Hold (Min at Fast Process Corner)
  Requirement:            0.000ns  (clk rise@0.000ns - clk rise@0.000ns)
  Data Path Delay:        0.227ns  (logic 0.141ns (62.202%)  route 0.086ns (37.798%))
  Logic Levels:           0  
  Clock Path Skew:        0.022ns (DCD - SCD - CPR)
    Destination Clock Delay (DCD):    0.432ns
    Source Clock Delay      (SCD):    0.410ns
    Clock Pessimism Removal (CPR):    -0.000ns

    Location             Delay type                Incr(ns)  Path(ns)    Netlist Resource(s)
  -------------------------------------------------------------------    -------------------
                         (clock clk rise edge)        0.000     0.000 r  
                                                      0.000     0.000 r  clk (IN)
                         net (fo=3737, unset)         0.410     0.410    u_scorer7/clk
    SLICE_X58Y67         FDCE                                         r  u_scorer7/pref_dy_reg[7]/C
  -------------------------------------------------------------------    -------------------
    SLICE_X58Y67         FDCE (Prop_fdce_C_Q)         0.141     0.551 r  u_scorer7/pref_dy_reg[7]/Q
                         net (fo=1, routed)           0.086     0.637    u_scorer7/pref_dy[7]
    SLICE_X59Y67         FDCE                                         r  u_scorer7/rm_dy_reg[7]/D
  -------------------------------------------------------------------    -------------------

                         (clock clk rise edge)        0.000     0.000 r  
                                                      0.000     0.000 r  clk (IN)
                         net (fo=3737, unset)         0.432     0.432    u_scorer7/clk
    SLICE_X59Y67         FDCE                                         r  u_scorer7/rm_dy_reg[7]/C
                         clock pessimism              0.000     0.432    
    SLICE_X59Y67         FDCE (Hold_fdce_C_D)         0.057     0.489    u_scorer7/rm_dy_reg[7]
  -------------------------------------------------------------------
                         required time                         -0.489    
                         arrival time                           0.637    
  -------------------------------------------------------------------
                         slack                                  0.148    





Pulse Width Checks
--------------------------------------------------------------------------------------
Clock Name:         clk
Waveform(ns):       { 0.000 5.000 }
Period(ns):         10.000
Sources:            { clk }

Check Type        Corner  Lib Pin             Reference Pin  Required(ns)  Actual(ns)  Slack(ns)  Location      Pin
Min Period        n/a     RAMB36E1/CLKARDCLK  n/a            2.892         10.000      7.108      RAMB36_X2Y12  u_table_shared/data_reg_0_0/CLKARDCLK
Min Period        n/a     RAMB36E1/CLKARDCLK  n/a            2.892         10.000      7.108      RAMB36_X1Y11  u_table_shared/data_reg_0_1/CLKARDCLK
Min Period        n/a     RAMB36E1/CLKARDCLK  n/a            2.892         10.000      7.108      RAMB36_X1Y5   u_table_shared/data_reg_0_10/CLKARDCLK
Min Period        n/a     RAMB36E1/CLKARDCLK  n/a            2.892         10.000      7.108      RAMB36_X1Y13  u_table_shared/data_reg_0_11/CLKARDCLK
Min Period        n/a     RAMB36E1/CLKARDCLK  n/a            2.892         10.000      7.108      RAMB36_X1Y8   u_table_shared/data_reg_0_12/CLKARDCLK
Min Period        n/a     RAMB36E1/CLKARDCLK  n/a            2.892         10.000      7.108      RAMB36_X0Y11  u_table_shared/data_reg_0_2/CLKARDCLK
Min Period        n/a     RAMB36E1/CLKARDCLK  n/a            2.892         10.000      7.108      RAMB36_X2Y10  u_table_shared/data_reg_0_3/CLKARDCLK
Min Period        n/a     RAMB36E1/CLKARDCLK  n/a            2.892         10.000      7.108      RAMB36_X2Y7   u_table_shared/data_reg_0_4/CLKARDCLK
Min Period        n/a     RAMB36E1/CLKARDCLK  n/a            2.892         10.000      7.108      RAMB36_X2Y5   u_table_shared/data_reg_0_5/CLKARDCLK
Min Period        n/a     RAMB36E1/CLKARDCLK  n/a            2.892         10.000      7.108      RAMB36_X1Y3   u_table_shared/data_reg_0_6/CLKARDCLK
Low Pulse Width   Slow    FDCE/C              n/a            0.500         5.000       4.500      SLICE_X33Y33  busy_reg/C
Low Pulse Width   Fast    FDCE/C              n/a            0.500         5.000       4.500      SLICE_X33Y33  busy_reg/C
Low Pulse Width   Slow    FDCE/C              n/a            0.500         5.000       4.500      SLICE_X37Y34  held_sel_reg[0]/C
Low Pulse Width   Fast    FDCE/C              n/a            0.500         5.000       4.500      SLICE_X37Y34  held_sel_reg[0]/C
Low Pulse Width   Slow    FDCE/C              n/a            0.500         5.000       4.500      SLICE_X34Y34  held_sel_reg[1]/C
Low Pulse Width   Fast    FDCE/C              n/a            0.500         5.000       4.500      SLICE_X34Y34  held_sel_reg[1]/C
Low Pulse Width   Slow    FDCE/C              n/a            0.500         5.000       4.500      SLICE_X34Y34  held_sel_reg[2]/C
Low Pulse Width   Fast    FDCE/C              n/a            0.500         5.000       4.500      SLICE_X34Y34  held_sel_reg[2]/C
Low Pulse Width   Slow    FDRE/C              n/a            0.500         5.000       4.500      SLICE_X36Y34  u_arb/last_gnt_reg[0]/C
Low Pulse Width   Fast    FDRE/C              n/a            0.500         5.000       4.500      SLICE_X36Y34  u_arb/last_gnt_reg[0]/C
High Pulse Width  Slow    FDCE/C              n/a            0.500         5.000       4.500      SLICE_X33Y33  busy_reg/C
High Pulse Width  Fast    FDCE/C              n/a            0.500         5.000       4.500      SLICE_X33Y33  busy_reg/C
High Pulse Width  Slow    FDCE/C              n/a            0.500         5.000       4.500      SLICE_X37Y34  held_sel_reg[0]/C
High Pulse Width  Fast    FDCE/C              n/a            0.500         5.000       4.500      SLICE_X37Y34  held_sel_reg[0]/C
High Pulse Width  Slow    FDCE/C              n/a            0.500         5.000       4.500      SLICE_X34Y34  held_sel_reg[1]/C
High Pulse Width  Fast    FDCE/C              n/a            0.500         5.000       4.500      SLICE_X34Y34  held_sel_reg[1]/C
High Pulse Width  Slow    FDCE/C              n/a            0.500         5.000       4.500      SLICE_X34Y34  held_sel_reg[2]/C
High Pulse Width  Fast    FDCE/C              n/a            0.500         5.000       4.500      SLICE_X34Y34  held_sel_reg[2]/C
High Pulse Width  Slow    FDRE/C              n/a            0.500         5.000       4.500      SLICE_X36Y34  u_arb/last_gnt_reg[0]/C
High Pulse Width  Fast    FDRE/C              n/a            0.500         5.000       4.500      SLICE_X36Y34  u_arb/last_gnt_reg[0]/C



