Copyright 1986-2022 Xilinx, Inc. All Rights Reserved. Copyright 2022-2024 Advanced Micro Devices, Inc. All Rights Reserved.
---------------------------------------------------------------------------------------------------------------------------------------------
| Tool Version : Vivado v.2024.1 (win64) Build 5076996 Wed May 22 18:37:14 MDT 2024
| Date         : Wed Sep  2 09:50:34 2026
| Host         : BOOK-S5JNKNEIOB running 64-bit major release  (build 9200)
| Command      : report_timing_summary -file timing_beamrom_postroute.rpt -max_paths 10
| Design       : particle_scorer_beamrom
| Device       : 7a35ti-csg324
| Speed File   : -1L  PRODUCTION 1.23 2018-06-13
| Design State : Routed
---------------------------------------------------------------------------------------------------------------------------------------------

Timing Summary Report

------------------------------------------------------------------------------------------------
| Timer Settings
| --------------
------------------------------------------------------------------------------------------------

  Enable Multi Corner Analysis               :  Yes
  Enable Pessimism Removal                   :  Yes
  Pessimism Removal Resolution               :  Nearest Common Node
  Enable Input Delay Default Clock           :  No
  Enable Preset / Clear Arcs                 :  No
  Disable Flight Delays                      :  No
  Ignore I/O Paths                           :  No
  Timing Early Launch at Borrowing Latches   :  No
  Borrow Time for Max Delay Exceptions       :  Yes
  Merge Timing Exceptions                    :  Yes
  Inter-SLR Compensation                     :  Conservative

  Corner  Analyze    Analyze    
  Name    Max Paths  Min Paths  
  ------  ---------  ---------  
  Slow    Yes        Yes        
  Fast    Yes        Yes        


------------------------------------------------------------------------------------------------
| Report Methodology
| ------------------
------------------------------------------------------------------------------------------------

No report available as report_methodology has not been run prior. Run report_methodology on the current design for the summary of methodology violations.



check_timing report

Table of Contents
-----------------
1. checking no_clock (0)
2. checking constant_clock (0)
3. checking pulse_width_clock (0)
4. checking unconstrained_internal_endpoints (0)
5. checking no_input_delay (52)
6. checking no_output_delay (22)
7. checking multiple_clock (0)
8. checking generated_clocks (0)
9. checking loops (0)
10. checking partial_input_delay (0)
11. checking partial_output_delay (0)
12. checking latch_loops (0)

1. checking no_clock (0)
------------------------
 There are 0 register/latch pins with no clock.


2. checking constant_clock (0)
------------------------------
 There are 0 register/latch pins with constant_clock.


3. checking pulse_width_clock (0)
---------------------------------
 There are 0 register/latch pins which need pulse_width check


4. checking unconstrained_internal_endpoints (0)
------------------------------------------------
 There are 0 pins that are not constrained for maximum delay.

 There are 0 pins that are not constrained for maximum delay due to constant clock.


5. checking no_input_delay (52)
-------------------------------
 There are 52 input ports with no input delay specified. (HIGH)

 There are 0 input ports with no input delay but user has a false path constraint.


6. checking no_output_delay (22)
--------------------------------
 There are 22 ports with no output delay specified. (HIGH)

 There are 0 ports with no output delay but user has a false path constraint

 There are 0 ports with no output delay but with a timing clock defined on it or propagating through it


7. checking multiple_clock (0)
------------------------------
 There are 0 register/latch pins with multiple clocks.


8. checking generated_clocks (0)
--------------------------------
 There are 0 generated clocks that are not connected to a clock source.


9. checking loops (0)
---------------------
 There are 0 combinational loops in the design.


10. checking partial_input_delay (0)
------------------------------------
 There are 0 input ports with partial input delay specified.


11. checking partial_output_delay (0)
-------------------------------------
 There are 0 ports with partial output delay specified.


12. checking latch_loops (0)
----------------------------
 There are 0 combinational latch loops in the design through latch input



------------------------------------------------------------------------------------------------
| Design Timing Summary
| ---------------------
------------------------------------------------------------------------------------------------

    WNS(ns)      TNS(ns)  TNS Failing Endpoints  TNS Total Endpoints      WHS(ns)      THS(ns)  THS Failing Endpoints  THS Total Endpoints     WPWS(ns)     TPWS(ns)  TPWS Failing Endpoints  TPWS Total Endpoints  
    -------      -------  ---------------------  -------------------      -------      -------  ---------------------  -------------------     --------     --------  ----------------------  --------------------  
     -2.444      -74.406                     50                 1027        0.095        0.000                      0                 1027        4.500        0.000                       0                   260  


Timing constraints are not met.


------------------------------------------------------------------------------------------------
| Clock Summary
| -------------
------------------------------------------------------------------------------------------------

Clock  Waveform(ns)       Period(ns)      Frequency(MHz)
-----  ------------       ----------      --------------
clk    {0.000 5.000}      10.000          100.000         


------------------------------------------------------------------------------------------------
| Intra Clock Table
| -----------------
------------------------------------------------------------------------------------------------

Clock             WNS(ns)      TNS(ns)  TNS Failing Endpoints  TNS Total Endpoints      WHS(ns)      THS(ns)  THS Failing Endpoints  THS Total Endpoints     WPWS(ns)     TPWS(ns)  TPWS Failing Endpoints  TPWS Total Endpoints  
-----             -------      -------  ---------------------  -------------------      -------      -------  ---------------------  -------------------     --------     --------  ----------------------  --------------------  
clk                -2.444      -74.406                     50                 1027        0.095        0.000                      0                 1027        4.500        0.000                       0                   260  


------------------------------------------------------------------------------------------------
| Inter Clock Table
| -----------------
------------------------------------------------------------------------------------------------

From Clock    To Clock          WNS(ns)      TNS(ns)  TNS Failing Endpoints  TNS Total Endpoints      WHS(ns)      THS(ns)  THS Failing Endpoints  THS Total Endpoints  
----------    --------          -------      -------  ---------------------  -------------------      -------      -------  ---------------------  -------------------  


------------------------------------------------------------------------------------------------
| Other Path Groups Table
| -----------------------
------------------------------------------------------------------------------------------------

Path Group    From Clock    To Clock          WNS(ns)      TNS(ns)  TNS Failing Endpoints  TNS Total Endpoints      WHS(ns)      THS(ns)  THS Failing Endpoints  THS Total Endpoints  
----------    ----------    --------          -------      -------  ---------------------  -------------------      -------      -------  ---------------------  -------------------  


------------------------------------------------------------------------------------------------
| Timing Details
| --------------
------------------------------------------------------------------------------------------------


---------------------------------------------------------------------------------------------------
From Clock:  clk
  To Clock:  clk

Setup :           50  Failing Endpoints,  Worst Slack       -2.444ns,  Total Violation      -74.406ns
Hold  :            0  Failing Endpoints,  Worst Slack        0.095ns,  Total Violation        0.000ns
PW    :            0  Failing Endpoints,  Worst Slack        4.500ns,  Total Violation        0.000ns
---------------------------------------------------------------------------------------------------


Max Delay Paths
--------------------------------------------------------------------------------------
Slack (VIOLATED) :        -2.444ns  (required time - arrival time)
  Source:                 u_ray_march/x_reg[14]/C
                            (rising edge-triggered cell FDCE clocked by clk  {rise@0.000ns fall@5.000ns period=10.000ns})
  Destination:            u_ray_march/y_reg[17]/D
                            (rising edge-triggered cell FDCE clocked by clk  {rise@0.000ns fall@5.000ns period=10.000ns})
  Path Group:             clk
  Path Type:              Setup (Max at Slow Process Corner)
  Requirement:            10.000ns  (clk rise@10.000ns - clk rise@0.000ns)
  Data Path Delay:        12.065ns  (logic 3.452ns (28.613%)  route 8.613ns (71.387%))
  Logic Levels:           16  (CARRY4=5 LUT3=1 LUT4=1 LUT5=3 LUT6=4 MUXF7=2)
  Clock Path Skew:        -0.135ns (DCD - SCD + CPR)
    Destination Clock Delay (DCD):    4.256ns = ( 14.256 - 10.000 ) 
    Source Clock Delay      (SCD):    4.633ns
    Clock Pessimism Removal (CPR):    0.242ns
  Clock Uncertainty:      0.035ns  ((TSJ^2 + TIJ^2)^1/2 + DJ) / 2 + PE
    Total System Jitter     (TSJ):    0.071ns
    Total Input Jitter      (TIJ):    0.000ns
    Discrete Jitter          (DJ):    0.000ns
    Phase Error              (PE):    0.000ns

    Location             Delay type                Incr(ns)  Path(ns)    Netlist Resource(s)
  -------------------------------------------------------------------    -------------------
                         (clock clk rise edge)        0.000     0.000 r  
    E15                                               0.000     0.000 r  clk (IN)
                         net (fo=0)                   0.000     0.000    clk
    E15                  IBUF (Prop_ibuf_I_O)         0.993     0.993 r  clk_IBUF_inst/O
                         net (fo=1, routed)           1.972     2.964    clk_IBUF
    BUFGCTRL_X0Y16       BUFG (Prop_bufg_I_O)         0.096     3.060 r  clk_IBUF_BUFG_inst/O
                         net (fo=259, routed)         1.572     4.633    u_ray_march/clk_IBUF_BUFG
    SLICE_X8Y49          FDCE                                         r  u_ray_march/x_reg[14]/C
  -------------------------------------------------------------------    -------------------
    SLICE_X8Y49          FDCE (Prop_fdce_C_Q)         0.518     5.151 r  u_ray_march/x_reg[14]/Q
                         net (fo=5, routed)           0.994     6.145    u_ray_march/p_0_in[6]
    SLICE_X8Y51          LUT5 (Prop_lut5_I1_O)        0.124     6.269 r  u_ray_march/g0_b1_i_260/O
                         net (fo=54, routed)          0.812     7.081    u_ray_march/g0_b1_i_260_n_0
    SLICE_X8Y58          LUT3 (Prop_lut3_I2_O)        0.124     7.205 f  u_ray_march/g0_b1_i_565/O
                         net (fo=103, routed)         1.265     8.470    u_ray_march/g0_b1_i_565_n_0
    SLICE_X8Y60          LUT5 (Prop_lut5_I0_O)        0.124     8.594 r  u_ray_march/p_0_out_inferred__1/g0_b1_i_921/O
                         net (fo=3, routed)           0.617     9.211    u_ray_march/p_0_out_inferred__1/g0_b1_i_921_n_0
    SLICE_X11Y59         LUT5 (Prop_lut5_I2_O)        0.124     9.335 r  u_ray_march/p_0_out_inferred__1/g0_b1_i_474/O
                         net (fo=2, routed)           0.999    10.334    u_ray_march/p_0_out_inferred__1/g0_b1_i_474_n_0
    SLICE_X10Y49         LUT6 (Prop_lut6_I0_O)        0.124    10.458 r  u_ray_march/p_0_out_inferred__1/g0_b1_i_185/O
                         net (fo=1, routed)           1.002    11.460    u_ray_march/p_0_out_inferred__1/g0_b1_i_185_n_0
    SLICE_X10Y48         LUT6 (Prop_lut6_I1_O)        0.124    11.584 r  u_ray_march/p_0_out_inferred__1/g0_b1_i_70/O
                         net (fo=1, routed)           0.000    11.584    u_ray_march/p_0_out_inferred__1/g0_b1_i_70_n_0
    SLICE_X10Y48         MUXF7 (Prop_muxf7_I0_O)      0.209    11.793 r  u_ray_march/p_0_out_inferred__1/g0_b1_i_29/O
                         net (fo=1, routed)           0.796    12.589    u_ray_march/p_0_out_inferred__1/g0_b1_i_29_n_0
    SLICE_X10Y44         LUT6 (Prop_lut6_I3_O)        0.297    12.886 r  u_ray_march/p_0_out_inferred__1/g0_b1_i_9/O
                         net (fo=1, routed)           0.000    12.886    u_ray_march/p_0_out_inferred__1/g0_b1_i_9_n_0
    SLICE_X10Y44         MUXF7 (Prop_muxf7_I0_O)      0.209    13.095 r  u_ray_march/p_0_out_inferred__1/g0_b1_i_2/O
                         net (fo=47, routed)          1.125    14.220    u_ray_march/sel[1]
    SLICE_X6Y43          LUT6 (Prop_lut6_I1_O)        0.297    14.517 r  u_ray_march/g0_b2__0/O
                         net (fo=2, routed)           0.716    15.233    u_ray_march/p_0_out[2]
    SLICE_X8Y46          LUT4 (Prop_lut4_I0_O)        0.124    15.357 r  u_ray_march/y[0]_i_7/O
                         net (fo=1, routed)           0.000    15.357    u_ray_march/y[0]_i_7_n_0
    SLICE_X8Y46          CARRY4 (Prop_carry4_S[2]_CO[3])
                                                      0.380    15.737 r  u_ray_march/y_reg[0]_i_1/CO[3]
                         net (fo=1, routed)           0.000    15.737    u_ray_march/y_reg[0]_i_1_n_0
    SLICE_X8Y47          CARRY4 (Prop_carry4_CI_CO[3])
                                                      0.117    15.854 r  u_ray_march/y_reg[4]_i_1/CO[3]
                         net (fo=1, routed)           0.000    15.854    u_ray_march/y_reg[4]_i_1_n_0
    SLICE_X8Y48          CARRY4 (Prop_carry4_CI_CO[3])
                                                      0.117    15.971 r  u_ray_march/y_reg[8]_i_1/CO[3]
                         net (fo=1, routed)           0.000    15.971    u_ray_march/y_reg[8]_i_1_n_0
    SLICE_X8Y49          CARRY4 (Prop_carry4_CI_CO[3])
                                                      0.117    16.088 r  u_ray_march/y_reg[12]_i_1/CO[3]
                         net (fo=1, routed)           0.001    16.089    u_ray_march/y_reg[12]_i_1_n_0
    SLICE_X8Y50          CARRY4 (Prop_carry4_CI_O[1])
                                                      0.323    16.412 r  u_ray_march/y_reg[16]_i_1/O[1]
                         net (fo=1, routed)           0.286    16.697    u_ray_march/y_reg[16]_i_1_n_6
    SLICE_X8Y50          FDCE                                         r  u_ray_march/y_reg[17]/D
  -------------------------------------------------------------------    -------------------

                         (clock clk rise edge)       10.000    10.000 r  
    E15                                               0.000    10.000 r  clk (IN)
                         net (fo=0)                   0.000    10.000    clk
    E15                  IBUF (Prop_ibuf_I_O)         0.859    10.859 r  clk_IBUF_inst/O
                         net (fo=1, routed)           1.868    12.727    clk_IBUF
    BUFGCTRL_X0Y16       BUFG (Prop_bufg_I_O)         0.091    12.818 r  clk_IBUF_BUFG_inst/O
                         net (fo=259, routed)         1.438    14.256    u_ray_march/clk_IBUF_BUFG
    SLICE_X8Y50          FDCE                                         r  u_ray_march/y_reg[17]/C
                         clock pessimism              0.242    14.498    
                         clock uncertainty           -0.035    14.463    
    SLICE_X8Y50          FDCE (Setup_fdce_C_D)       -0.209    14.254    u_ray_march/y_reg[17]
  -------------------------------------------------------------------
                         required time                         14.254    
                         arrival time                         -16.697    
  -------------------------------------------------------------------
                         slack                                 -2.444    

Slack (VIOLATED) :        -2.434ns  (required time - arrival time)
  Source:                 u_ray_march/x_reg[14]/C
                            (rising edge-triggered cell FDCE clocked by clk  {rise@0.000ns fall@5.000ns period=10.000ns})
  Destination:            u_ray_march/y_reg[16]/D
                            (rising edge-triggered cell FDCE clocked by clk  {rise@0.000ns fall@5.000ns period=10.000ns})
  Path Group:             clk
  Path Type:              Setup (Max at Slow Process Corner)
  Requirement:            10.000ns  (clk rise@10.000ns - clk rise@0.000ns)
  Data Path Delay:        12.033ns  (logic 3.348ns (27.824%)  route 8.685ns (72.176%))
  Logic Levels:           16  (CARRY4=5 LUT3=1 LUT4=1 LUT5=3 LUT6=4 MUXF7=2)
  Clock Path Skew:        -0.134ns (DCD - SCD + CPR)
    Destination Clock Delay (DCD):    4.257ns = ( 14.257 - 10.000 ) 
    Source Clock Delay      (SCD):    4.633ns
    Clock Pessimism Removal (CPR):    0.242ns
  Clock Uncertainty:      0.035ns  ((TSJ^2 + TIJ^2)^1/2 + DJ) / 2 + PE
    Total System Jitter     (TSJ):    0.071ns
    Total Input Jitter      (TIJ):    0.000ns
    Discrete Jitter          (DJ):    0.000ns
    Phase Error              (PE):    0.000ns

    Location             Delay type                Incr(ns)  Path(ns)    Netlist Resource(s)
  -------------------------------------------------------------------    -------------------
                         (clock clk rise edge)        0.000     0.000 r  
    E15                                               0.000     0.000 r  clk (IN)
                         net (fo=0)                   0.000     0.000    clk
    E15                  IBUF (Prop_ibuf_I_O)         0.993     0.993 r  clk_IBUF_inst/O
                         net (fo=1, routed)           1.972     2.964    clk_IBUF
    BUFGCTRL_X0Y16       BUFG (Prop_bufg_I_O)         0.096     3.060 r  clk_IBUF_BUFG_inst/O
                         net (fo=259, routed)         1.572     4.633    u_ray_march/clk_IBUF_BUFG
    SLICE_X8Y49          FDCE                                         r  u_ray_march/x_reg[14]/C
  -------------------------------------------------------------------    -------------------
    SLICE_X8Y49          FDCE (Prop_fdce_C_Q)         0.518     5.151 r  u_ray_march/x_reg[14]/Q
                         net (fo=5, routed)           0.994     6.145    u_ray_march/p_0_in[6]
    SLICE_X8Y51          LUT5 (Prop_lut5_I1_O)        0.124     6.269 r  u_ray_march/g0_b1_i_260/O
                         net (fo=54, routed)          0.812     7.081    u_ray_march/g0_b1_i_260_n_0
    SLICE_X8Y58          LUT3 (Prop_lut3_I2_O)        0.124     7.205 f  u_ray_march/g0_b1_i_565/O
                         net (fo=103, routed)         1.265     8.470    u_ray_march/g0_b1_i_565_n_0
    SLICE_X8Y60          LUT5 (Prop_lut5_I0_O)        0.124     8.594 r  u_ray_march/p_0_out_inferred__1/g0_b1_i_921/O
                         net (fo=3, routed)           0.617     9.211    u_ray_march/p_0_out_inferred__1/g0_b1_i_921_n_0
    SLICE_X11Y59         LUT5 (Prop_lut5_I2_O)        0.124     9.335 r  u_ray_march/p_0_out_inferred__1/g0_b1_i_474/O
                         net (fo=2, routed)           0.999    10.334    u_ray_march/p_0_out_inferred__1/g0_b1_i_474_n_0
    SLICE_X10Y49         LUT6 (Prop_lut6_I0_O)        0.124    10.458 r  u_ray_march/p_0_out_inferred__1/g0_b1_i_185/O
                         net (fo=1, routed)           1.002    11.460    u_ray_march/p_0_out_inferred__1/g0_b1_i_185_n_0
    SLICE_X10Y48         LUT6 (Prop_lut6_I1_O)        0.124    11.584 r  u_ray_march/p_0_out_inferred__1/g0_b1_i_70/O
                         net (fo=1, routed)           0.000    11.584    u_ray_march/p_0_out_inferred__1/g0_b1_i_70_n_0
    SLICE_X10Y48         MUXF7 (Prop_muxf7_I0_O)      0.209    11.793 r  u_ray_march/p_0_out_inferred__1/g0_b1_i_29/O
                         net (fo=1, routed)           0.796    12.589    u_ray_march/p_0_out_inferred__1/g0_b1_i_29_n_0
    SLICE_X10Y44         LUT6 (Prop_lut6_I3_O)        0.297    12.886 r  u_ray_march/p_0_out_inferred__1/g0_b1_i_9/O
                         net (fo=1, routed)           0.000    12.886    u_ray_march/p_0_out_inferred__1/g0_b1_i_9_n_0
    SLICE_X10Y44         MUXF7 (Prop_muxf7_I0_O)      0.209    13.095 r  u_ray_march/p_0_out_inferred__1/g0_b1_i_2/O
                         net (fo=47, routed)          1.125    14.220    u_ray_march/sel[1]
    SLICE_X6Y43          LUT6 (Prop_lut6_I1_O)        0.297    14.517 r  u_ray_march/g0_b2__0/O
                         net (fo=2, routed)           0.716    15.233    u_ray_march/p_0_out[2]
    SLICE_X8Y46          LUT4 (Prop_lut4_I0_O)        0.124    15.357 r  u_ray_march/y[0]_i_7/O
                         net (fo=1, routed)           0.000    15.357    u_ray_march/y[0]_i_7_n_0
    SLICE_X8Y46          CARRY4 (Prop_carry4_S[2]_CO[3])
                                                      0.380    15.737 r  u_ray_march/y_reg[0]_i_1/CO[3]
                         net (fo=1, routed)           0.000    15.737    u_ray_march/y_reg[0]_i_1_n_0
    SLICE_X8Y47          CARRY4 (Prop_carry4_CI_CO[3])
                                                      0.117    15.854 r  u_ray_march/y_reg[4]_i_1/CO[3]
                         net (fo=1, routed)           0.000    15.854    u_ray_march/y_reg[4]_i_1_n_0
    SLICE_X8Y48          CARRY4 (Prop_carry4_CI_CO[3])
                                                      0.117    15.971 r  u_ray_march/y_reg[8]_i_1/CO[3]
                         net (fo=1, routed)           0.000    15.971    u_ray_march/y_reg[8]_i_1_n_0
    SLICE_X8Y49          CARRY4 (Prop_carry4_CI_CO[3])
                                                      0.117    16.088 r  u_ray_march/y_reg[12]_i_1/CO[3]
                         net (fo=1, routed)           0.001    16.089    u_ray_march/y_reg[12]_i_1_n_0
    SLICE_X8Y50          CARRY4 (Prop_carry4_CI_O[0])
                                                      0.219    16.308 r  u_ray_march/y_reg[16]_i_1/O[0]
                         net (fo=1, routed)           0.358    16.665    u_ray_march/y_reg[16]_i_1_n_7
    SLICE_X11Y51         FDCE                                         r  u_ray_march/y_reg[16]/D
  -------------------------------------------------------------------    -------------------

                         (clock clk rise edge)       10.000    10.000 r  
    E15                                               0.000    10.000 r  clk (IN)
                         net (fo=0)                   0.000    10.000    clk
    E15                  IBUF (Prop_ibuf_I_O)         0.859    10.859 r  clk_IBUF_inst/O
                         net (fo=1, routed)           1.868    12.727    clk_IBUF
    BUFGCTRL_X0Y16       BUFG (Prop_bufg_I_O)         0.091    12.818 r  clk_IBUF_BUFG_inst/O
                         net (fo=259, routed)         1.439    14.257    u_ray_march/clk_IBUF_BUFG
    SLICE_X11Y51         FDCE                                         r  u_ray_march/y_reg[16]/C
                         clock pessimism              0.242    14.499    
                         clock uncertainty           -0.035    14.464    
    SLICE_X11Y51         FDCE (Setup_fdce_C_D)       -0.232    14.232    u_ray_march/y_reg[16]
  -------------------------------------------------------------------
                         required time                         14.232    
                         arrival time                         -16.665    
  -------------------------------------------------------------------
                         slack                                 -2.434    

Slack (VIOLATED) :        -2.249ns  (required time - arrival time)
  Source:                 u_ray_march/y_reg[17]/C
                            (rising edge-triggered cell FDCE clocked by clk  {rise@0.000ns fall@5.000ns period=10.000ns})
  Destination:            u_ray_march/y_reg[8]_rep/D
                            (rising edge-triggered cell FDCE clocked by clk  {rise@0.000ns fall@5.000ns period=10.000ns})
  Path Group:             clk
  Path Type:              Setup (Max at Slow Process Corner)
  Requirement:            10.000ns  (clk rise@10.000ns - clk rise@0.000ns)
  Data Path Delay:        11.911ns  (logic 3.132ns (26.295%)  route 8.779ns (73.705%))
  Logic Levels:           14  (CARRY4=3 LUT4=1 LUT5=2 LUT6=6 MUXF7=2)
  Clock Path Skew:        -0.102ns (DCD - SCD + CPR)
    Destination Clock Delay (DCD):    4.272ns = ( 14.272 - 10.000 ) 
    Source Clock Delay      (SCD):    4.616ns
    Clock Pessimism Removal (CPR):    0.242ns
  Clock Uncertainty:      0.035ns  ((TSJ^2 + TIJ^2)^1/2 + DJ) / 2 + PE
    Total System Jitter     (TSJ):    0.071ns
    Total Input Jitter      (TIJ):    0.000ns
    Discrete Jitter          (DJ):    0.000ns
    Phase Error              (PE):    0.000ns

    Location             Delay type                Incr(ns)  Path(ns)    Netlist Resource(s)
  -------------------------------------------------------------------    -------------------
                         (clock clk rise edge)        0.000     0.000 r  
    E15                                               0.000     0.000 r  clk (IN)
                         net (fo=0)                   0.000     0.000    clk
    E15                  IBUF (Prop_ibuf_I_O)         0.993     0.993 r  clk_IBUF_inst/O
                         net (fo=1, routed)           1.972     2.964    clk_IBUF
    BUFGCTRL_X0Y16       BUFG (Prop_bufg_I_O)         0.096     3.060 r  clk_IBUF_BUFG_inst/O
                         net (fo=259, routed)         1.556     4.616    u_ray_march/clk_IBUF_BUFG
    SLICE_X8Y50          FDCE                                         r  u_ray_march/y_reg[17]/C
  -------------------------------------------------------------------    -------------------
    SLICE_X8Y50          FDCE (Prop_fdce_C_Q)         0.518     5.134 f  u_ray_march/y_reg[17]/Q
                         net (fo=2, routed)           0.810     5.944    u_ray_march/y_reg[17]
    SLICE_X8Y51          LUT6 (Prop_lut6_I1_O)        0.124     6.068 f  u_ray_march/g0_b1_i_16/O
                         net (fo=58, routed)          0.722     6.790    u_ray_march/g0_b1_i_16_n_0
    SLICE_X9Y51          LUT6 (Prop_lut6_I5_O)        0.124     6.914 f  u_ray_march/g0_b1_i_5/O
                         net (fo=323, routed)         1.259     8.173    u_ray_march/g0_b1_i_5_n_0
    SLICE_X10Y47         LUT5 (Prop_lut5_I1_O)        0.124     8.297 r  u_ray_march/p_0_out_inferred__1/g0_b1_i_773/O
                         net (fo=12, routed)          1.053     9.350    u_ray_march/p_0_out_inferred__1/g0_b1_i_773_n_0
    SLICE_X12Y54         LUT6 (Prop_lut6_I2_O)        0.124     9.474 r  u_ray_march/p_0_out_inferred__1/g0_b1_i_521/O
                         net (fo=1, routed)           0.669    10.143    u_ray_march/p_0_out_inferred__1/g0_b1_i_521_n_0
    SLICE_X12Y54         LUT5 (Prop_lut5_I1_O)        0.124    10.267 r  u_ray_march/p_0_out_inferred__1/g0_b1_i_202/O
                         net (fo=1, routed)           0.000    10.267    u_ray_march/p_0_out_inferred__1/g0_b1_i_202_n_0
    SLICE_X12Y54         MUXF7 (Prop_muxf7_I1_O)      0.214    10.481 r  u_ray_march/p_0_out_inferred__1/g0_b1_i_75/O
                         net (fo=1, routed)           0.876    11.357    u_ray_march/p_0_out_inferred__1/g0_b1_i_75_n_0
    SLICE_X10Y63         LUT6 (Prop_lut6_I5_O)        0.297    11.654 r  u_ray_march/p_0_out_inferred__1/g0_b1_i_30/O
                         net (fo=1, routed)           1.017    12.671    u_ray_march/p_0_out_inferred__1/g0_b1_i_30_n_0
    SLICE_X10Y44         LUT6 (Prop_lut6_I5_O)        0.124    12.795 r  u_ray_march/p_0_out_inferred__1/g0_b1_i_9/O
                         net (fo=1, routed)           0.000    12.795    u_ray_march/p_0_out_inferred__1/g0_b1_i_9_n_0
    SLICE_X10Y44         MUXF7 (Prop_muxf7_I0_O)      0.209    13.004 r  u_ray_march/p_0_out_inferred__1/g0_b1_i_2/O
                         net (fo=47, routed)          1.125    14.129    u_ray_march/sel[1]
    SLICE_X6Y43          LUT6 (Prop_lut6_I1_O)        0.297    14.426 r  u_ray_march/g0_b2__0/O
                         net (fo=2, routed)           0.716    15.142    u_ray_march/p_0_out[2]
    SLICE_X8Y46          LUT4 (Prop_lut4_I0_O)        0.124    15.266 r  u_ray_march/y[0]_i_7/O
                         net (fo=1, routed)           0.000    15.266    u_ray_march/y[0]_i_7_n_0
    SLICE_X8Y46          CARRY4 (Prop_carry4_S[2]_CO[3])
                                                      0.380    15.646 r  u_ray_march/y_reg[0]_i_1/CO[3]
                         net (fo=1, routed)           0.000    15.646    u_ray_march/y_reg[0]_i_1_n_0
    SLICE_X8Y47          CARRY4 (Prop_carry4_CI_CO[3])
                                                      0.117    15.763 r  u_ray_march/y_reg[4]_i_1/CO[3]
                         net (fo=1, routed)           0.000    15.763    u_ray_march/y_reg[4]_i_1_n_0
    SLICE_X8Y48          CARRY4 (Prop_carry4_CI_O[0])
                                                      0.232    15.995 r  u_ray_march/y_reg[8]_i_1/O[0]
                         net (fo=2, routed)           0.533    16.527    u_ray_march/y_reg[8]_i_1_n_7
    SLICE_X8Y48          FDCE                                         r  u_ray_march/y_reg[8]_rep/D
  -------------------------------------------------------------------    -------------------

                         (clock clk rise edge)       10.000    10.000 r  
    E15                                               0.000    10.000 r  clk (IN)
                         net (fo=0)                   0.000    10.000    clk
    E15                  IBUF (Prop_ibuf_I_O)         0.859    10.859 r  clk_IBUF_inst/O
                         net (fo=1, routed)           1.868    12.727    clk_IBUF
    BUFGCTRL_X0Y16       BUFG (Prop_bufg_I_O)         0.091    12.818 r  clk_IBUF_BUFG_inst/O
                         net (fo=259, routed)         1.454    14.272    u_ray_march/clk_IBUF_BUFG
    SLICE_X8Y48          FDCE                                         r  u_ray_march/y_reg[8]_rep/C
                         clock pessimism              0.242    14.515    
                         clock uncertainty           -0.035    14.479    
    SLICE_X8Y48          FDCE (Setup_fdce_C_D)       -0.201    14.278    u_ray_march/y_reg[8]_rep
  -------------------------------------------------------------------
                         required time                         14.278    
                         arrival time                         -16.527    
  -------------------------------------------------------------------
                         slack                                 -2.249    

Slack (VIOLATED) :        -2.173ns  (required time - arrival time)
  Source:                 u_ray_march/y_reg[17]/C
                            (rising edge-triggered cell FDCE clocked by clk  {rise@0.000ns fall@5.000ns period=10.000ns})
  Destination:            u_ray_march/y_reg[15]/D
                            (rising edge-triggered cell FDCE clocked by clk  {rise@0.000ns fall@5.000ns period=10.000ns})
  Path Group:             clk
  Path Type:              Setup (Max at Slow Process Corner)
  Requirement:            10.000ns  (clk rise@10.000ns - clk rise@0.000ns)
  Data Path Delay:        11.772ns  (logic 3.332ns (28.305%)  route 8.440ns (71.695%))
  Logic Levels:           15  (CARRY4=4 LUT4=1 LUT5=2 LUT6=6 MUXF7=2)
  Clock Path Skew:        -0.102ns (DCD - SCD + CPR)
    Destination Clock Delay (DCD):    4.272ns = ( 14.272 - 10.000 ) 
    Source Clock Delay      (SCD):    4.616ns
    Clock Pessimism Removal (CPR):    0.242ns
  Clock Uncertainty:      0.035ns  ((TSJ^2 + TIJ^2)^1/2 + DJ) / 2 + PE
    Total System Jitter     (TSJ):    0.071ns
    Total Input Jitter      (TIJ):    0.000ns
    Discrete Jitter          (DJ):    0.000ns
    Phase Error              (PE):    0.000ns

    Location             Delay type                Incr(ns)  Path(ns)    Netlist Resource(s)
  -------------------------------------------------------------------    -------------------
                         (clock clk rise edge)        0.000     0.000 r  
    E15                                               0.000     0.000 r  clk (IN)
                         net (fo=0)                   0.000     0.000    clk
    E15                  IBUF (Prop_ibuf_I_O)         0.993     0.993 r  clk_IBUF_inst/O
                         net (fo=1, routed)           1.972     2.964    clk_IBUF
    BUFGCTRL_X0Y16       BUFG (Prop_bufg_I_O)         0.096     3.060 r  clk_IBUF_BUFG_inst/O
                         net (fo=259, routed)         1.556     4.616    u_ray_march/clk_IBUF_BUFG
    SLICE_X8Y50          FDCE                                         r  u_ray_march/y_reg[17]/C
  -------------------------------------------------------------------    -------------------
    SLICE_X8Y50          FDCE (Prop_fdce_C_Q)         0.518     5.134 f  u_ray_march/y_reg[17]/Q
                         net (fo=2, routed)           0.810     5.944    u_ray_march/y_reg[17]
    SLICE_X8Y51          LUT6 (Prop_lut6_I1_O)        0.124     6.068 f  u_ray_march/g0_b1_i_16/O
                         net (fo=58, routed)          0.722     6.790    u_ray_march/g0_b1_i_16_n_0
    SLICE_X9Y51          LUT6 (Prop_lut6_I5_O)        0.124     6.914 f  u_ray_march/g0_b1_i_5/O
                         net (fo=323, routed)         1.259     8.173    u_ray_march/g0_b1_i_5_n_0
    SLICE_X10Y47         LUT5 (Prop_lut5_I1_O)        0.124     8.297 r  u_ray_march/p_0_out_inferred__1/g0_b1_i_773/O
                         net (fo=12, routed)          1.053     9.350    u_ray_march/p_0_out_inferred__1/g0_b1_i_773_n_0
    SLICE_X12Y54         LUT6 (Prop_lut6_I2_O)        0.124     9.474 r  u_ray_march/p_0_out_inferred__1/g0_b1_i_521/O
                         net (fo=1, routed)           0.669    10.143    u_ray_march/p_0_out_inferred__1/g0_b1_i_521_n_0
    SLICE_X12Y54         LUT5 (Prop_lut5_I1_O)        0.124    10.267 r  u_ray_march/p_0_out_inferred__1/g0_b1_i_202/O
                         net (fo=1, routed)           0.000    10.267    u_ray_march/p_0_out_inferred__1/g0_b1_i_202_n_0
    SLICE_X12Y54         MUXF7 (Prop_muxf7_I1_O)      0.214    10.481 r  u_ray_march/p_0_out_inferred__1/g0_b1_i_75/O
                         net (fo=1, routed)           0.876    11.357    u_ray_march/p_0_out_inferred__1/g0_b1_i_75_n_0
    SLICE_X10Y63         LUT6 (Prop_lut6_I5_O)        0.297    11.654 r  u_ray_march/p_0_out_inferred__1/g0_b1_i_30/O
                         net (fo=1, routed)           1.017    12.671    u_ray_march/p_0_out_inferred__1/g0_b1_i_30_n_0
    SLICE_X10Y44         LUT6 (Prop_lut6_I5_O)        0.124    12.795 r  u_ray_march/p_0_out_inferred__1/g0_b1_i_9/O
                         net (fo=1, routed)           0.000    12.795    u_ray_march/p_0_out_inferred__1/g0_b1_i_9_n_0
    SLICE_X10Y44         MUXF7 (Prop_muxf7_I0_O)      0.209    13.004 r  u_ray_march/p_0_out_inferred__1/g0_b1_i_2/O
                         net (fo=47, routed)          1.125    14.129    u_ray_march/sel[1]
    SLICE_X6Y43          LUT6 (Prop_lut6_I1_O)        0.297    14.426 r  u_ray_march/g0_b2__0/O
                         net (fo=2, routed)           0.716    15.142    u_ray_march/p_0_out[2]
    SLICE_X8Y46          LUT4 (Prop_lut4_I0_O)        0.124    15.266 r  u_ray_march/y[0]_i_7/O
                         net (fo=1, routed)           0.000    15.266    u_ray_march/y[0]_i_7_n_0
    SLICE_X8Y46          CARRY4 (Prop_carry4_S[2]_CO[3])
                                                      0.380    15.646 r  u_ray_march/y_reg[0]_i_1/CO[3]
                         net (fo=1, routed)           0.000    15.646    u_ray_march/y_reg[0]_i_1_n_0
    SLICE_X8Y47          CARRY4 (Prop_carry4_CI_CO[3])
                                                      0.117    15.763 r  u_ray_march/y_reg[4]_i_1/CO[3]
                         net (fo=1, routed)           0.000    15.763    u_ray_march/y_reg[4]_i_1_n_0
    SLICE_X8Y48          CARRY4 (Prop_carry4_CI_CO[3])
                                                      0.117    15.880 r  u_ray_march/y_reg[8]_i_1/CO[3]
                         net (fo=1, routed)           0.000    15.880    u_ray_march/y_reg[8]_i_1_n_0
    SLICE_X8Y49          CARRY4 (Prop_carry4_CI_O[3])
                                                      0.315    16.195 r  u_ray_march/y_reg[12]_i_1/O[3]
                         net (fo=1, routed)           0.193    16.388    u_ray_march/y_reg[12]_i_1_n_4
    SLICE_X9Y49          FDCE                                         r  u_ray_march/y_reg[15]/D
  -------------------------------------------------------------------    -------------------

                         (clock clk rise edge)       10.000    10.000 r  
    E15                                               0.000    10.000 r  clk (IN)
                         net (fo=0)                   0.000    10.000    clk
    E15                  IBUF (Prop_ibuf_I_O)         0.859    10.859 r  clk_IBUF_inst/O
                         net (fo=1, routed)           1.868    12.727    clk_IBUF
    BUFGCTRL_X0Y16       BUFG (Prop_bufg_I_O)         0.091    12.818 r  clk_IBUF_BUFG_inst/O
                         net (fo=259, routed)         1.454    14.272    u_ray_march/clk_IBUF_BUFG
    SLICE_X9Y49          FDCE                                         r  u_ray_march/y_reg[15]/C
                         clock pessimism              0.242    14.515    
                         clock uncertainty           -0.035    14.479    
    SLICE_X9Y49          FDCE (Setup_fdce_C_D)       -0.264    14.215    u_ray_march/y_reg[15]
  -------------------------------------------------------------------
                         required time                         14.215    
                         arrival time                         -16.388    
  -------------------------------------------------------------------
                         slack                                 -2.173    

Slack (VIOLATED) :        -2.168ns  (required time - arrival time)
  Source:                 u_ray_march/y_reg[17]/C
                            (rising edge-triggered cell FDCE clocked by clk  {rise@0.000ns fall@5.000ns period=10.000ns})
  Destination:            u_ray_march/y_reg[12]/D
                            (rising edge-triggered cell FDCE clocked by clk  {rise@0.000ns fall@5.000ns period=10.000ns})
  Path Group:             clk
  Path Type:              Setup (Max at Slow Process Corner)
  Requirement:            10.000ns  (clk rise@10.000ns - clk rise@0.000ns)
  Data Path Delay:        11.817ns  (logic 3.236ns (27.384%)  route 8.581ns (72.616%))
  Logic Levels:           15  (CARRY4=4 LUT4=1 LUT5=2 LUT6=6 MUXF7=2)
  Clock Path Skew:        -0.102ns (DCD - SCD + CPR)
    Destination Clock Delay (DCD):    4.272ns = ( 14.272 - 10.000 ) 
    Source Clock Delay      (SCD):    4.616ns
    Clock Pessimism Removal (CPR):    0.242ns
  Clock Uncertainty:      0.035ns  ((TSJ^2 + TIJ^2)^1/2 + DJ) / 2 + PE
    Total System Jitter     (TSJ):    0.071ns
    Total Input Jitter      (TIJ):    0.000ns
    Discrete Jitter          (DJ):    0.000ns
    Phase Error              (PE):    0.000ns

    Location             Delay type                Incr(ns)  Path(ns)    Netlist Resource(s)
  -------------------------------------------------------------------    -------------------
                         (clock clk rise edge)        0.000     0.000 r  
    E15                                               0.000     0.000 r  clk (IN)
                         net (fo=0)                   0.000     0.000    clk
    E15                  IBUF (Prop_ibuf_I_O)         0.993     0.993 r  clk_IBUF_inst/O
                         net (fo=1, routed)           1.972     2.964    clk_IBUF
    BUFGCTRL_X0Y16       BUFG (Prop_bufg_I_O)         0.096     3.060 r  clk_IBUF_BUFG_inst/O
                         net (fo=259, routed)         1.556     4.616    u_ray_march/clk_IBUF_BUFG
    SLICE_X8Y50          FDCE                                         r  u_ray_march/y_reg[17]/C
  -------------------------------------------------------------------    -------------------
    SLICE_X8Y50          FDCE (Prop_fdce_C_Q)         0.518     5.134 f  u_ray_march/y_reg[17]/Q
                         net (fo=2, routed)           0.810     5.944    u_ray_march/y_reg[17]
    SLICE_X8Y51          LUT6 (Prop_lut6_I1_O)        0.124     6.068 f  u_ray_march/g0_b1_i_16/O
                         net (fo=58, routed)          0.722     6.790    u_ray_march/g0_b1_i_16_n_0
    SLICE_X9Y51          LUT6 (Prop_lut6_I5_O)        0.124     6.914 f  u_ray_march/g0_b1_i_5/O
                         net (fo=323, routed)         1.259     8.173    u_ray_march/g0_b1_i_5_n_0
    SLICE_X10Y47         LUT5 (Prop_lut5_I1_O)        0.124     8.297 r  u_ray_march/p_0_out_inferred__1/g0_b1_i_773/O
                         net (fo=12, routed)          1.053     9.350    u_ray_march/p_0_out_inferred__1/g0_b1_i_773_n_0
    SLICE_X12Y54         LUT6 (Prop_lut6_I2_O)        0.124     9.474 r  u_ray_march/p_0_out_inferred__1/g0_b1_i_521/O
                         net (fo=1, routed)           0.669    10.143    u_ray_march/p_0_out_inferred__1/g0_b1_i_521_n_0
    SLICE_X12Y54         LUT5 (Prop_lut5_I1_O)        0.124    10.267 r  u_ray_march/p_0_out_inferred__1/g0_b1_i_202/O
                         net (fo=1, routed)           0.000    10.267    u_ray_march/p_0_out_inferred__1/g0_b1_i_202_n_0
    SLICE_X12Y54         MUXF7 (Prop_muxf7_I1_O)      0.214    10.481 r  u_ray_march/p_0_out_inferred__1/g0_b1_i_75/O
                         net (fo=1, routed)           0.876    11.357    u_ray_march/p_0_out_inferred__1/g0_b1_i_75_n_0
    SLICE_X10Y63         LUT6 (Prop_lut6_I5_O)        0.297    11.654 r  u_ray_march/p_0_out_inferred__1/g0_b1_i_30/O
                         net (fo=1, routed)           1.017    12.671    u_ray_march/p_0_out_inferred__1/g0_b1_i_30_n_0
    SLICE_X10Y44         LUT6 (Prop_lut6_I5_O)        0.124    12.795 r  u_ray_march/p_0_out_inferred__1/g0_b1_i_9/O
                         net (fo=1, routed)           0.000    12.795    u_ray_march/p_0_out_inferred__1/g0_b1_i_9_n_0
    SLICE_X10Y44         MUXF7 (Prop_muxf7_I0_O)      0.209    13.004 r  u_ray_march/p_0_out_inferred__1/g0_b1_i_2/O
                         net (fo=47, routed)          1.125    14.129    u_ray_march/sel[1]
    SLICE_X6Y43          LUT6 (Prop_lut6_I1_O)        0.297    14.426 r  u_ray_march/g0_b2__0/O
                         net (fo=2, routed)           0.716    15.142    u_ray_march/p_0_out[2]
    SLICE_X8Y46          LUT4 (Prop_lut4_I0_O)        0.124    15.266 r  u_ray_march/y[0]_i_7/O
                         net (fo=1, routed)           0.000    15.266    u_ray_march/y[0]_i_7_n_0
    SLICE_X8Y46          CARRY4 (Prop_carry4_S[2]_CO[3])
                                                      0.380    15.646 r  u_ray_march/y_reg[0]_i_1/CO[3]
                         net (fo=1, routed)           0.000    15.646    u_ray_march/y_reg[0]_i_1_n_0
    SLICE_X8Y47          CARRY4 (Prop_carry4_CI_CO[3])
                                                      0.117    15.763 r  u_ray_march/y_reg[4]_i_1/CO[3]
                         net (fo=1, routed)           0.000    15.763    u_ray_march/y_reg[4]_i_1_n_0
    SLICE_X8Y48          CARRY4 (Prop_carry4_CI_CO[3])
                                                      0.117    15.880 r  u_ray_march/y_reg[8]_i_1/CO[3]
                         net (fo=1, routed)           0.000    15.880    u_ray_march/y_reg[8]_i_1_n_0
    SLICE_X8Y49          CARRY4 (Prop_carry4_CI_O[0])
                                                      0.219    16.099 r  u_ray_march/y_reg[12]_i_1/O[0]
                         net (fo=1, routed)           0.334    16.433    u_ray_march/y_reg[12]_i_1_n_7
    SLICE_X9Y48          FDCE                                         r  u_ray_march/y_reg[12]/D
  -------------------------------------------------------------------    -------------------

                         (clock clk rise edge)       10.000    10.000 r  
    E15                                               0.000    10.000 r  clk (IN)
                         net (fo=0)                   0.000    10.000    clk
    E15                  IBUF (Prop_ibuf_I_O)         0.859    10.859 r  clk_IBUF_inst/O
                         net (fo=1, routed)           1.868    12.727    clk_IBUF
    BUFGCTRL_X0Y16       BUFG (Prop_bufg_I_O)         0.091    12.818 r  clk_IBUF_BUFG_inst/O
                         net (fo=259, routed)         1.454    14.272    u_ray_march/clk_IBUF_BUFG
    SLICE_X9Y48          FDCE                                         r  u_ray_march/y_reg[12]/C
                         clock pessimism              0.242    14.515    
                         clock uncertainty           -0.035    14.479    
    SLICE_X9Y48          FDCE (Setup_fdce_C_D)       -0.214    14.265    u_ray_march/y_reg[12]
  -------------------------------------------------------------------
                         required time                         14.265    
                         arrival time                         -16.433    
  -------------------------------------------------------------------
                         slack                                 -2.168    

Slack (VIOLATED) :        -2.103ns  (required time - arrival time)
  Source:                 u_ray_march/y_reg[17]/C
                            (rising edge-triggered cell FDCE clocked by clk  {rise@0.000ns fall@5.000ns period=10.000ns})
  Destination:            u_ray_march/x_reg[9]_rep__0/D
                            (rising edge-triggered cell FDCE clocked by clk  {rise@0.000ns fall@5.000ns period=10.000ns})
  Path Group:             clk
  Path Type:              Setup (Max at Slow Process Corner)
  Requirement:            10.000ns  (clk rise@10.000ns - clk rise@0.000ns)
  Data Path Delay:        11.747ns  (logic 3.415ns (29.071%)  route 8.332ns (70.929%))
  Logic Levels:           14  (CARRY4=3 LUT4=1 LUT5=2 LUT6=6 MUXF7=2)
  Clock Path Skew:        -0.102ns (DCD - SCD + CPR)
    Destination Clock Delay (DCD):    4.272ns = ( 14.272 - 10.000 ) 
    Source Clock Delay      (SCD):    4.616ns
    Clock Pessimism Removal (CPR):    0.242ns
  Clock Uncertainty:      0.035ns  ((TSJ^2 + TIJ^2)^1/2 + DJ) / 2 + PE
    Total System Jitter     (TSJ):    0.071ns
    Total Input Jitter      (TIJ):    0.000ns
    Discrete Jitter          (DJ):    0.000ns
    Phase Error              (PE):    0.000ns

    Location             Delay type                Incr(ns)  Path(ns)    Netlist Resource(s)
  -------------------------------------------------------------------    -------------------
                         (clock clk rise edge)        0.000     0.000 r  
    E15                                               0.000     0.000 r  clk (IN)
                         net (fo=0)                   0.000     0.000    clk
    E15                  IBUF (Prop_ibuf_I_O)         0.993     0.993 r  clk_IBUF_inst/O
                         net (fo=1, routed)           1.972     2.964    clk_IBUF
    BUFGCTRL_X0Y16       BUFG (Prop_bufg_I_O)         0.096     3.060 r  clk_IBUF_BUFG_inst/O
                         net (fo=259, routed)         1.556     4.616    u_ray_march/clk_IBUF_BUFG
    SLICE_X8Y50          FDCE                                         r  u_ray_march/y_reg[17]/C
  -------------------------------------------------------------------    -------------------
    SLICE_X8Y50          FDCE (Prop_fdce_C_Q)         0.518     5.134 r  u_ray_march/y_reg[17]/Q
                         net (fo=2, routed)           0.810     5.944    u_ray_march/y_reg[17]
    SLICE_X8Y51          LUT6 (Prop_lut6_I1_O)        0.124     6.068 r  u_ray_march/g0_b1_i_16/O
                         net (fo=58, routed)          0.722     6.790    u_ray_march/g0_b1_i_16_n_0
    SLICE_X9Y51          LUT6 (Prop_lut6_I5_O)        0.124     6.914 r  u_ray_march/g0_b1_i_5/O
                         net (fo=323, routed)         1.259     8.173    u_ray_march/g0_b1_i_5_n_0
    SLICE_X10Y47         LUT5 (Prop_lut5_I1_O)        0.124     8.297 f  u_ray_march/p_0_out_inferred__1/g0_b1_i_773/O
                         net (fo=12, routed)          1.053     9.350    u_ray_march/p_0_out_inferred__1/g0_b1_i_773_n_0
    SLICE_X12Y54         LUT6 (Prop_lut6_I2_O)        0.124     9.474 f  u_ray_march/p_0_out_inferred__1/g0_b1_i_521/O
                         net (fo=1, routed)           0.669    10.143    u_ray_march/p_0_out_inferred__1/g0_b1_i_521_n_0
    SLICE_X12Y54         LUT5 (Prop_lut5_I1_O)        0.124    10.267 f  u_ray_march/p_0_out_inferred__1/g0_b1_i_202/O
                         net (fo=1, routed)           0.000    10.267    u_ray_march/p_0_out_inferred__1/g0_b1_i_202_n_0
    SLICE_X12Y54         MUXF7 (Prop_muxf7_I1_O)      0.214    10.481 f  u_ray_march/p_0_out_inferred__1/g0_b1_i_75/O
                         net (fo=1, routed)           0.876    11.357    u_ray_march/p_0_out_inferred__1/g0_b1_i_75_n_0
    SLICE_X10Y63         LUT6 (Prop_lut6_I5_O)        0.297    11.654 f  u_ray_march/p_0_out_inferred__1/g0_b1_i_30/O
                         net (fo=1, routed)           1.017    12.671    u_ray_march/p_0_out_inferred__1/g0_b1_i_30_n_0
    SLICE_X10Y44         LUT6 (Prop_lut6_I5_O)        0.124    12.795 f  u_ray_march/p_0_out_inferred__1/g0_b1_i_9/O
                         net (fo=1, routed)           0.000    12.795    u_ray_march/p_0_out_inferred__1/g0_b1_i_9_n_0
    SLICE_X10Y44         MUXF7 (Prop_muxf7_I0_O)      0.209    13.004 f  u_ray_march/p_0_out_inferred__1/g0_b1_i_2/O
                         net (fo=47, routed)          0.980    13.984    u_ray_march/sel[1]
    SLICE_X8Y44          LUT6 (Prop_lut6_I1_O)        0.297    14.281 r  u_ray_march/g0_b1/O
                         net (fo=2, routed)           0.597    14.878    u_ray_march/g0_b1_n_0
    SLICE_X9Y46          LUT4 (Prop_lut4_I0_O)        0.124    15.002 r  u_ray_march/x[0]_i_9/O
                         net (fo=1, routed)           0.000    15.002    u_ray_march/x[0]_i_9_n_0
    SLICE_X9Y46          CARRY4 (Prop_carry4_S[1]_CO[3])
                                                      0.550    15.552 r  u_ray_march/x_reg[0]_i_2/CO[3]
                         net (fo=1, routed)           0.000    15.552    u_ray_march/x_reg[0]_i_2_n_0
    SLICE_X9Y47          CARRY4 (Prop_carry4_CI_CO[3])
                                                      0.114    15.666 r  u_ray_march/x_reg[4]_i_1/CO[3]
                         net (fo=1, routed)           0.000    15.666    u_ray_march/x_reg[4]_i_1_n_0
    SLICE_X9Y48          CARRY4 (Prop_carry4_CI_O[1])
                                                      0.348    16.014 r  u_ray_march/x_reg[8]_i_1/O[1]
                         net (fo=3, routed)           0.349    16.363    u_ray_march/x_reg[8]_i_1_n_6
    SLICE_X9Y49          FDCE                                         r  u_ray_march/x_reg[9]_rep__0/D
  -------------------------------------------------------------------    -------------------

                         (clock clk rise edge)       10.000    10.000 r  
    E15                                               0.000    10.000 r  clk (IN)
                         net (fo=0)                   0.000    10.000    clk
    E15                  IBUF (Prop_ibuf_I_O)         0.859    10.859 r  clk_IBUF_inst/O
                         net (fo=1, routed)           1.868    12.727    clk_IBUF
    BUFGCTRL_X0Y16       BUFG (Prop_bufg_I_O)         0.091    12.818 r  clk_IBUF_BUFG_inst/O
                         net (fo=259, routed)         1.454    14.272    u_ray_march/clk_IBUF_BUFG
    SLICE_X9Y49          FDCE                                         r  u_ray_march/x_reg[9]_rep__0/C
                         clock pessimism              0.242    14.515    
                         clock uncertainty           -0.035    14.479    
    SLICE_X9Y49          FDCE (Setup_fdce_C_D)       -0.219    14.260    u_ray_march/x_reg[9]_rep__0
  -------------------------------------------------------------------
                         required time                         14.260    
                         arrival time                         -16.363    
  -------------------------------------------------------------------
                         slack                                 -2.103    

Slack (VIOLATED) :        -2.035ns  (required time - arrival time)
  Source:                 u_ray_march/y_reg[17]/C
                            (rising edge-triggered cell FDCE clocked by clk  {rise@0.000ns fall@5.000ns period=10.000ns})
  Destination:            u_ray_march/x_reg[13]/D
                            (rising edge-triggered cell FDCE clocked by clk  {rise@0.000ns fall@5.000ns period=10.000ns})
  Path Group:             clk
  Path Type:              Setup (Max at Slow Process Corner)
  Requirement:            10.000ns  (clk rise@10.000ns - clk rise@0.000ns)
  Data Path Delay:        11.691ns  (logic 3.515ns (30.065%)  route 8.176ns (69.935%))
  Logic Levels:           15  (CARRY4=4 LUT4=1 LUT5=2 LUT6=6 MUXF7=2)
  Clock Path Skew:        -0.102ns (DCD - SCD + CPR)
    Destination Clock Delay (DCD):    4.272ns = ( 14.272 - 10.000 ) 
    Source Clock Delay      (SCD):    4.616ns
    Clock Pessimism Removal (CPR):    0.242ns
  Clock Uncertainty:      0.035ns  ((TSJ^2 + TIJ^2)^1/2 + DJ) / 2 + PE
    Total System Jitter     (TSJ):    0.071ns
    Total Input Jitter      (TIJ):    0.000ns
    Discrete Jitter          (DJ):    0.000ns
    Phase Error              (PE):    0.000ns

    Location             Delay type                Incr(ns)  Path(ns)    Netlist Resource(s)
  -------------------------------------------------------------------    -------------------
                         (clock clk rise edge)        0.000     0.000 r  
    E15                                               0.000     0.000 r  clk (IN)
                         net (fo=0)                   0.000     0.000    clk
    E15                  IBUF (Prop_ibuf_I_O)         0.993     0.993 r  clk_IBUF_inst/O
                         net (fo=1, routed)           1.972     2.964    clk_IBUF
    BUFGCTRL_X0Y16       BUFG (Prop_bufg_I_O)         0.096     3.060 r  clk_IBUF_BUFG_inst/O
                         net (fo=259, routed)         1.556     4.616    u_ray_march/clk_IBUF_BUFG
    SLICE_X8Y50          FDCE                                         r  u_ray_march/y_reg[17]/C
  -------------------------------------------------------------------    -------------------
    SLICE_X8Y50          FDCE (Prop_fdce_C_Q)         0.518     5.134 r  u_ray_march/y_reg[17]/Q
                         net (fo=2, routed)           0.810     5.944    u_ray_march/y_reg[17]
    SLICE_X8Y51          LUT6 (Prop_lut6_I1_O)        0.124     6.068 r  u_ray_march/g0_b1_i_16/O
                         net (fo=58, routed)          0.722     6.790    u_ray_march/g0_b1_i_16_n_0
    SLICE_X9Y51          LUT6 (Prop_lut6_I5_O)        0.124     6.914 r  u_ray_march/g0_b1_i_5/O
                         net (fo=323, routed)         1.259     8.173    u_ray_march/g0_b1_i_5_n_0
    SLICE_X10Y47         LUT5 (Prop_lut5_I1_O)        0.124     8.297 f  u_ray_march/p_0_out_inferred__1/g0_b1_i_773/O
                         net (fo=12, routed)          1.053     9.350    u_ray_march/p_0_out_inferred__1/g0_b1_i_773_n_0
    SLICE_X12Y54         LUT6 (Prop_lut6_I2_O)        0.124     9.474 f  u_ray_march/p_0_out_inferred__1/g0_b1_i_521/O
                         net (fo=1, routed)           0.669    10.143    u_ray_march/p_0_out_inferred__1/g0_b1_i_521_n_0
    SLICE_X12Y54         LUT5 (Prop_lut5_I1_O)        0.124    10.267 f  u_ray_march/p_0_out_inferred__1/g0_b1_i_202/O
                         net (fo=1, routed)           0.000    10.267    u_ray_march/p_0_out_inferred__1/g0_b1_i_202_n_0
    SLICE_X12Y54         MUXF7 (Prop_muxf7_I1_O)      0.214    10.481 f  u_ray_march/p_0_out_inferred__1/g0_b1_i_75/O
                         net (fo=1, routed)           0.876    11.357    u_ray_march/p_0_out_inferred__1/g0_b1_i_75_n_0
    SLICE_X10Y63         LUT6 (Prop_lut6_I5_O)        0.297    11.654 f  u_ray_march/p_0_out_inferred__1/g0_b1_i_30/O
                         net (fo=1, routed)           1.017    12.671    u_ray_march/p_0_out_inferred__1/g0_b1_i_30_n_0
    SLICE_X10Y44         LUT6 (Prop_lut6_I5_O)        0.124    12.795 f  u_ray_march/p_0_out_inferred__1/g0_b1_i_9/O
                         net (fo=1, routed)           0.000    12.795    u_ray_march/p_0_out_inferred__1/g0_b1_i_9_n_0
    SLICE_X10Y44         MUXF7 (Prop_muxf7_I0_O)      0.209    13.004 f  u_ray_march/p_0_out_inferred__1/g0_b1_i_2/O
                         net (fo=47, routed)          0.980    13.984    u_ray_march/sel[1]
    SLICE_X8Y44          LUT6 (Prop_lut6_I1_O)        0.297    14.281 r  u_ray_march/g0_b1/O
                         net (fo=2, routed)           0.597    14.878    u_ray_march/g0_b1_n_0
    SLICE_X9Y46          LUT4 (Prop_lut4_I0_O)        0.124    15.002 r  u_ray_march/x[0]_i_9/O
                         net (fo=1, routed)           0.000    15.002    u_ray_march/x[0]_i_9_n_0
    SLICE_X9Y46          CARRY4 (Prop_carry4_S[1]_CO[3])
                                                      0.550    15.552 r  u_ray_march/x_reg[0]_i_2/CO[3]
                         net (fo=1, routed)           0.000    15.552    u_ray_march/x_reg[0]_i_2_n_0
    SLICE_X9Y47          CARRY4 (Prop_carry4_CI_CO[3])
                                                      0.114    15.666 r  u_ray_march/x_reg[4]_i_1/CO[3]
                         net (fo=1, routed)           0.000    15.666    u_ray_march/x_reg[4]_i_1_n_0
    SLICE_X9Y48          CARRY4 (Prop_carry4_CI_CO[3])
                                                      0.114    15.780 r  u_ray_march/x_reg[8]_i_1/CO[3]
                         net (fo=1, routed)           0.000    15.780    u_ray_march/x_reg[8]_i_1_n_0
    SLICE_X9Y49          CARRY4 (Prop_carry4_CI_O[1])
                                                      0.334    16.114 r  u_ray_march/x_reg[12]_i_1/O[1]
                         net (fo=1, routed)           0.193    16.307    u_ray_march/x_reg[12]_i_1_n_6
    SLICE_X8Y49          FDCE                                         r  u_ray_march/x_reg[13]/D
  -------------------------------------------------------------------    -------------------

                         (clock clk rise edge)       10.000    10.000 r  
    E15                                               0.000    10.000 r  clk (IN)
                         net (fo=0)                   0.000    10.000    clk
    E15                  IBUF (Prop_ibuf_I_O)         0.859    10.859 r  clk_IBUF_inst/O
                         net (fo=1, routed)           1.868    12.727    clk_IBUF
    BUFGCTRL_X0Y16       BUFG (Prop_bufg_I_O)         0.091    12.818 r  clk_IBUF_BUFG_inst/O
                         net (fo=259, routed)         1.454    14.272    u_ray_march/clk_IBUF_BUFG
    SLICE_X8Y49          FDCE                                         r  u_ray_march/x_reg[13]/C
                         clock pessimism              0.242    14.515    
                         clock uncertainty           -0.035    14.479    
    SLICE_X8Y49          FDCE (Setup_fdce_C_D)       -0.207    14.272    u_ray_march/x_reg[13]
  -------------------------------------------------------------------
                         required time                         14.272    
                         arrival time                         -16.307    
  -------------------------------------------------------------------
                         slack                                 -2.035    

Slack (VIOLATED) :        -2.026ns  (required time - arrival time)
  Source:                 u_ray_march/y_reg[17]/C
                            (rising edge-triggered cell FDCE clocked by clk  {rise@0.000ns fall@5.000ns period=10.000ns})
  Destination:            u_ray_march/x_reg[8]_rep/D
                            (rising edge-triggered cell FDCE clocked by clk  {rise@0.000ns fall@5.000ns period=10.000ns})
  Path Group:             clk
  Path Type:              Setup (Max at Slow Process Corner)
  Requirement:            10.000ns  (clk rise@10.000ns - clk rise@0.000ns)
  Data Path Delay:        11.667ns  (logic 3.302ns (28.301%)  route 8.365ns (71.699%))
  Logic Levels:           14  (CARRY4=3 LUT4=1 LUT5=2 LUT6=6 MUXF7=2)
  Clock Path Skew:        -0.102ns (DCD - SCD + CPR)
    Destination Clock Delay (DCD):    4.272ns = ( 14.272 - 10.000 ) 
    Source Clock Delay      (SCD):    4.616ns
    Clock Pessimism Removal (CPR):    0.242ns
  Clock Uncertainty:      0.035ns  ((TSJ^2 + TIJ^2)^1/2 + DJ) / 2 + PE
    Total System Jitter     (TSJ):    0.071ns
    Total Input Jitter      (TIJ):    0.000ns
    Discrete Jitter          (DJ):    0.000ns
    Phase Error              (PE):    0.000ns

    Location             Delay type                Incr(ns)  Path(ns)    Netlist Resource(s)
  -------------------------------------------------------------------    -------------------
                         (clock clk rise edge)        0.000     0.000 r  
    E15                                               0.000     0.000 r  clk (IN)
                         net (fo=0)                   0.000     0.000    clk
    E15                  IBUF (Prop_ibuf_I_O)         0.993     0.993 r  clk_IBUF_inst/O
                         net (fo=1, routed)           1.972     2.964    clk_IBUF
    BUFGCTRL_X0Y16       BUFG (Prop_bufg_I_O)         0.096     3.060 r  clk_IBUF_BUFG_inst/O
                         net (fo=259, routed)         1.556     4.616    u_ray_march/clk_IBUF_BUFG
    SLICE_X8Y50          FDCE                                         r  u_ray_march/y_reg[17]/C
  -------------------------------------------------------------------    -------------------
    SLICE_X8Y50          FDCE (Prop_fdce_C_Q)         0.518     5.134 r  u_ray_march/y_reg[17]/Q
                         net (fo=2, routed)           0.810     5.944    u_ray_march/y_reg[17]
    SLICE_X8Y51          LUT6 (Prop_lut6_I1_O)        0.124     6.068 r  u_ray_march/g0_b1_i_16/O
                         net (fo=58, routed)          0.722     6.790    u_ray_march/g0_b1_i_16_n_0
    SLICE_X9Y51          LUT6 (Prop_lut6_I5_O)        0.124     6.914 r  u_ray_march/g0_b1_i_5/O
                         net (fo=323, routed)         1.259     8.173    u_ray_march/g0_b1_i_5_n_0
    SLICE_X10Y47         LUT5 (Prop_lut5_I1_O)        0.124     8.297 f  u_ray_march/p_0_out_inferred__1/g0_b1_i_773/O
                         net (fo=12, routed)          1.053     9.350    u_ray_march/p_0_out_inferred__1/g0_b1_i_773_n_0
    SLICE_X12Y54         LUT6 (Prop_lut6_I2_O)        0.124     9.474 f  u_ray_march/p_0_out_inferred__1/g0_b1_i_521/O
                         net (fo=1, routed)           0.669    10.143    u_ray_march/p_0_out_inferred__1/g0_b1_i_521_n_0
    SLICE_X12Y54         LUT5 (Prop_lut5_I1_O)        0.124    10.267 f  u_ray_march/p_0_out_inferred__1/g0_b1_i_202/O
                         net (fo=1, routed)           0.000    10.267    u_ray_march/p_0_out_inferred__1/g0_b1_i_202_n_0
    SLICE_X12Y54         MUXF7 (Prop_muxf7_I1_O)      0.214    10.481 f  u_ray_march/p_0_out_inferred__1/g0_b1_i_75/O
                         net (fo=1, routed)           0.876    11.357    u_ray_march/p_0_out_inferred__1/g0_b1_i_75_n_0
    SLICE_X10Y63         LUT6 (Prop_lut6_I5_O)        0.297    11.654 f  u_ray_march/p_0_out_inferred__1/g0_b1_i_30/O
                         net (fo=1, routed)           1.017    12.671    u_ray_march/p_0_out_inferred__1/g0_b1_i_30_n_0
    SLICE_X10Y44         LUT6 (Prop_lut6_I5_O)        0.124    12.795 f  u_ray_march/p_0_out_inferred__1/g0_b1_i_9/O
                         net (fo=1, routed)           0.000    12.795    u_ray_march/p_0_out_inferred__1/g0_b1_i_9_n_0
    SLICE_X10Y44         MUXF7 (Prop_muxf7_I0_O)      0.209    13.004 f  u_ray_march/p_0_out_inferred__1/g0_b1_i_2/O
                         net (fo=47, routed)          0.980    13.984    u_ray_march/sel[1]
    SLICE_X8Y44          LUT6 (Prop_lut6_I1_O)        0.297    14.281 r  u_ray_march/g0_b1/O
                         net (fo=2, routed)           0.597    14.878    u_ray_march/g0_b1_n_0
    SLICE_X9Y46          LUT4 (Prop_lut4_I0_O)        0.124    15.002 r  u_ray_march/x[0]_i_9/O
                         net (fo=1, routed)           0.000    15.002    u_ray_march/x[0]_i_9_n_0
    SLICE_X9Y46          CARRY4 (Prop_carry4_S[1]_CO[3])
                                                      0.550    15.552 r  u_ray_march/x_reg[0]_i_2/CO[3]
                         net (fo=1, routed)           0.000    15.552    u_ray_march/x_reg[0]_i_2_n_0
    SLICE_X9Y47          CARRY4 (Prop_carry4_CI_CO[3])
                                                      0.114    15.666 r  u_ray_march/x_reg[4]_i_1/CO[3]
                         net (fo=1, routed)           0.000    15.666    u_ray_march/x_reg[4]_i_1_n_0
    SLICE_X9Y48          CARRY4 (Prop_carry4_CI_O[0])
                                                      0.235    15.901 r  u_ray_march/x_reg[8]_i_1/O[0]
                         net (fo=3, routed)           0.382    16.284    u_ray_march/x_reg[8]_i_1_n_7
    SLICE_X9Y49          FDCE                                         r  u_ray_march/x_reg[8]_rep/D
  -------------------------------------------------------------------    -------------------

                         (clock clk rise edge)       10.000    10.000 r  
    E15                                               0.000    10.000 r  clk (IN)
                         net (fo=0)                   0.000    10.000    clk
    E15                  IBUF (Prop_ibuf_I_O)         0.859    10.859 r  clk_IBUF_inst/O
                         net (fo=1, routed)           1.868    12.727    clk_IBUF
    BUFGCTRL_X0Y16       BUFG (Prop_bufg_I_O)         0.091    12.818 r  clk_IBUF_BUFG_inst/O
                         net (fo=259, routed)         1.454    14.272    u_ray_march/clk_IBUF_BUFG
    SLICE_X9Y49          FDCE                                         r  u_ray_march/x_reg[8]_rep/C
                         clock pessimism              0.242    14.515    
                         clock uncertainty           -0.035    14.479    
    SLICE_X9Y49          FDCE (Setup_fdce_C_D)       -0.222    14.257    u_ray_march/x_reg[8]_rep
  -------------------------------------------------------------------
                         required time                         14.257    
                         arrival time                         -16.284    
  -------------------------------------------------------------------
                         slack                                 -2.026    

Slack (VIOLATED) :        -1.942ns  (required time - arrival time)
  Source:                 u_ray_march/y_reg[17]/C
                            (rising edge-triggered cell FDCE clocked by clk  {rise@0.000ns fall@5.000ns period=10.000ns})
  Destination:            u_ray_march/x_reg[14]/D
                            (rising edge-triggered cell FDCE clocked by clk  {rise@0.000ns fall@5.000ns period=10.000ns})
  Path Group:             clk
  Path Type:              Setup (Max at Slow Process Corner)
  Requirement:            10.000ns  (clk rise@10.000ns - clk rise@0.000ns)
  Data Path Delay:        11.596ns  (logic 3.420ns (29.493%)  route 8.176ns (70.507%))
  Logic Levels:           15  (CARRY4=4 LUT4=1 LUT5=2 LUT6=6 MUXF7=2)
  Clock Path Skew:        -0.102ns (DCD - SCD + CPR)
    Destination Clock Delay (DCD):    4.272ns = ( 14.272 - 10.000 ) 
    Source Clock Delay      (SCD):    4.616ns
    Clock Pessimism Removal (CPR):    0.242ns
  Clock Uncertainty:      0.035ns  ((TSJ^2 + TIJ^2)^1/2 + DJ) / 2 + PE
    Total System Jitter     (TSJ):    0.071ns
    Total Input Jitter      (TIJ):    0.000ns
    Discrete Jitter          (DJ):    0.000ns
    Phase Error              (PE):    0.000ns

    Location             Delay type                Incr(ns)  Path(ns)    Netlist Resource(s)
  -------------------------------------------------------------------    -------------------
                         (clock clk rise edge)        0.000     0.000 r  
    E15                                               0.000     0.000 r  clk (IN)
                         net (fo=0)                   0.000     0.000    clk
    E15                  IBUF (Prop_ibuf_I_O)         0.993     0.993 r  clk_IBUF_inst/O
                         net (fo=1, routed)           1.972     2.964    clk_IBUF
    BUFGCTRL_X0Y16       BUFG (Prop_bufg_I_O)         0.096     3.060 r  clk_IBUF_BUFG_inst/O
                         net (fo=259, routed)         1.556     4.616    u_ray_march/clk_IBUF_BUFG
    SLICE_X8Y50          FDCE                                         r  u_ray_march/y_reg[17]/C
  -------------------------------------------------------------------    -------------------
    SLICE_X8Y50          FDCE (Prop_fdce_C_Q)         0.518     5.134 r  u_ray_march/y_reg[17]/Q
                         net (fo=2, routed)           0.810     5.944    u_ray_march/y_reg[17]
    SLICE_X8Y51          LUT6 (Prop_lut6_I1_O)        0.124     6.068 r  u_ray_march/g0_b1_i_16/O
                         net (fo=58, routed)          0.722     6.790    u_ray_march/g0_b1_i_16_n_0
    SLICE_X9Y51          LUT6 (Prop_lut6_I5_O)        0.124     6.914 r  u_ray_march/g0_b1_i_5/O
                         net (fo=323, routed)         1.259     8.173    u_ray_march/g0_b1_i_5_n_0
    SLICE_X10Y47         LUT5 (Prop_lut5_I1_O)        0.124     8.297 f  u_ray_march/p_0_out_inferred__1/g0_b1_i_773/O
                         net (fo=12, routed)          1.053     9.350    u_ray_march/p_0_out_inferred__1/g0_b1_i_773_n_0
    SLICE_X12Y54         LUT6 (Prop_lut6_I2_O)        0.124     9.474 f  u_ray_march/p_0_out_inferred__1/g0_b1_i_521/O
                         net (fo=1, routed)           0.669    10.143    u_ray_march/p_0_out_inferred__1/g0_b1_i_521_n_0
    SLICE_X12Y54         LUT5 (Prop_lut5_I1_O)        0.124    10.267 f  u_ray_march/p_0_out_inferred__1/g0_b1_i_202/O
                         net (fo=1, routed)           0.000    10.267    u_ray_march/p_0_out_inferred__1/g0_b1_i_202_n_0
    SLICE_X12Y54         MUXF7 (Prop_muxf7_I1_O)      0.214    10.481 f  u_ray_march/p_0_out_inferred__1/g0_b1_i_75/O
                         net (fo=1, routed)           0.876    11.357    u_ray_march/p_0_out_inferred__1/g0_b1_i_75_n_0
    SLICE_X10Y63         LUT6 (Prop_lut6_I5_O)        0.297    11.654 f  u_ray_march/p_0_out_inferred__1/g0_b1_i_30/O
                         net (fo=1, routed)           1.017    12.671    u_ray_march/p_0_out_inferred__1/g0_b1_i_30_n_0
    SLICE_X10Y44         LUT6 (Prop_lut6_I5_O)        0.124    12.795 f  u_ray_march/p_0_out_inferred__1/g0_b1_i_9/O
                         net (fo=1, routed)           0.000    12.795    u_ray_march/p_0_out_inferred__1/g0_b1_i_9_n_0
    SLICE_X10Y44         MUXF7 (Prop_muxf7_I0_O)      0.209    13.004 f  u_ray_march/p_0_out_inferred__1/g0_b1_i_2/O
                         net (fo=47, routed)          0.980    13.984    u_ray_march/sel[1]
    SLICE_X8Y44          LUT6 (Prop_lut6_I1_O)        0.297    14.281 r  u_ray_march/g0_b1/O
                         net (fo=2, routed)           0.597    14.878    u_ray_march/g0_b1_n_0
    SLICE_X9Y46          LUT4 (Prop_lut4_I0_O)        0.124    15.002 r  u_ray_march/x[0]_i_9/O
                         net (fo=1, routed)           0.000    15.002    u_ray_march/x[0]_i_9_n_0
    SLICE_X9Y46          CARRY4 (Prop_carry4_S[1]_CO[3])
                                                      0.550    15.552 r  u_ray_march/x_reg[0]_i_2/CO[3]
                         net (fo=1, routed)           0.000    15.552    u_ray_march/x_reg[0]_i_2_n_0
    SLICE_X9Y47          CARRY4 (Prop_carry4_CI_CO[3])
                                                      0.114    15.666 r  u_ray_march/x_reg[4]_i_1/CO[3]
                         net (fo=1, routed)           0.000    15.666    u_ray_march/x_reg[4]_i_1_n_0
    SLICE_X9Y48          CARRY4 (Prop_carry4_CI_CO[3])
                                                      0.114    15.780 r  u_ray_march/x_reg[8]_i_1/CO[3]
                         net (fo=1, routed)           0.000    15.780    u_ray_march/x_reg[8]_i_1_n_0
    SLICE_X9Y49          CARRY4 (Prop_carry4_CI_O[2])
                                                      0.239    16.019 r  u_ray_march/x_reg[12]_i_1/O[2]
                         net (fo=1, routed)           0.193    16.212    u_ray_march/x_reg[12]_i_1_n_5
    SLICE_X8Y49          FDCE                                         r  u_ray_march/x_reg[14]/D
  -------------------------------------------------------------------    -------------------

                         (clock clk rise edge)       10.000    10.000 r  
    E15                                               0.000    10.000 r  clk (IN)
                         net (fo=0)                   0.000    10.000    clk
    E15                  IBUF (Prop_ibuf_I_O)         0.859    10.859 r  clk_IBUF_inst/O
                         net (fo=1, routed)           1.868    12.727    clk_IBUF
    BUFGCTRL_X0Y16       BUFG (Prop_bufg_I_O)         0.091    12.818 r  clk_IBUF_BUFG_inst/O
                         net (fo=259, routed)         1.454    14.272    u_ray_march/clk_IBUF_BUFG
    SLICE_X8Y49          FDCE                                         r  u_ray_march/x_reg[14]/C
                         clock pessimism              0.242    14.515    
                         clock uncertainty           -0.035    14.479    
    SLICE_X8Y49          FDCE (Setup_fdce_C_D)       -0.209    14.270    u_ray_march/x_reg[14]
  -------------------------------------------------------------------
                         required time                         14.270    
                         arrival time                         -16.212    
  -------------------------------------------------------------------
                         slack                                 -1.942    

Slack (VIOLATED) :        -1.936ns  (required time - arrival time)
  Source:                 u_ray_march/y_reg[17]/C
                            (rising edge-triggered cell FDCE clocked by clk  {rise@0.000ns fall@5.000ns period=10.000ns})
  Destination:            u_ray_march/x_reg[9]_rep/D
                            (rising edge-triggered cell FDCE clocked by clk  {rise@0.000ns fall@5.000ns period=10.000ns})
  Path Group:             clk
  Path Type:              Setup (Max at Slow Process Corner)
  Requirement:            10.000ns  (clk rise@10.000ns - clk rise@0.000ns)
  Data Path Delay:        11.607ns  (logic 3.415ns (29.422%)  route 8.192ns (70.578%))
  Logic Levels:           14  (CARRY4=3 LUT4=1 LUT5=2 LUT6=6 MUXF7=2)
  Clock Path Skew:        -0.102ns (DCD - SCD + CPR)
    Destination Clock Delay (DCD):    4.272ns = ( 14.272 - 10.000 ) 
    Source Clock Delay      (SCD):    4.616ns
    Clock Pessimism Removal (CPR):    0.242ns
  Clock Uncertainty:      0.035ns  ((TSJ^2 + TIJ^2)^1/2 + DJ) / 2 + PE
    Total System Jitter     (TSJ):    0.071ns
    Total Input Jitter      (TIJ):    0.000ns
    Discrete Jitter          (DJ):    0.000ns
    Phase Error              (PE):    0.000ns

    Location             Delay type                Incr(ns)  Path(ns)    Netlist Resource(s)
  -------------------------------------------------------------------    -------------------
                         (clock clk rise edge)        0.000     0.000 r  
    E15                                               0.000     0.000 r  clk (IN)
                         net (fo=0)                   0.000     0.000    clk
    E15                  IBUF (Prop_ibuf_I_O)         0.993     0.993 r  clk_IBUF_inst/O
                         net (fo=1, routed)           1.972     2.964    clk_IBUF
    BUFGCTRL_X0Y16       BUFG (Prop_bufg_I_O)         0.096     3.060 r  clk_IBUF_BUFG_inst/O
                         net (fo=259, routed)         1.556     4.616    u_ray_march/clk_IBUF_BUFG
    SLICE_X8Y50          FDCE                                         r  u_ray_march/y_reg[17]/C
  -------------------------------------------------------------------    -------------------
    SLICE_X8Y50          FDCE (Prop_fdce_C_Q)         0.518     5.134 r  u_ray_march/y_reg[17]/Q
                         net (fo=2, routed)           0.810     5.944    u_ray_march/y_reg[17]
    SLICE_X8Y51          LUT6 (Prop_lut6_I1_O)        0.124     6.068 r  u_ray_march/g0_b1_i_16/O
                         net (fo=58, routed)          0.722     6.790    u_ray_march/g0_b1_i_16_n_0
    SLICE_X9Y51          LUT6 (Prop_lut6_I5_O)        0.124     6.914 r  u_ray_march/g0_b1_i_5/O
                         net (fo=323, routed)         1.259     8.173    u_ray_march/g0_b1_i_5_n_0
    SLICE_X10Y47         LUT5 (Prop_lut5_I1_O)        0.124     8.297 f  u_ray_march/p_0_out_inferred__1/g0_b1_i_773/O
                         net (fo=12, routed)          1.053     9.350    u_ray_march/p_0_out_inferred__1/g0_b1_i_773_n_0
    SLICE_X12Y54         LUT6 (Prop_lut6_I2_O)        0.124     9.474 f  u_ray_march/p_0_out_inferred__1/g0_b1_i_521/O
                         net (fo=1, routed)           0.669    10.143    u_ray_march/p_0_out_inferred__1/g0_b1_i_521_n_0
    SLICE_X12Y54         LUT5 (Prop_lut5_I1_O)        0.124    10.267 f  u_ray_march/p_0_out_inferred__1/g0_b1_i_202/O
                         net (fo=1, routed)           0.000    10.267    u_ray_march/p_0_out_inferred__1/g0_b1_i_202_n_0
    SLICE_X12Y54         MUXF7 (Prop_muxf7_I1_O)      0.214    10.481 f  u_ray_march/p_0_out_inferred__1/g0_b1_i_75/O
                         net (fo=1, routed)           0.876    11.357    u_ray_march/p_0_out_inferred__1/g0_b1_i_75_n_0
    SLICE_X10Y63         LUT6 (Prop_lut6_I5_O)        0.297    11.654 f  u_ray_march/p_0_out_inferred__1/g0_b1_i_30/O
                         net (fo=1, routed)           1.017    12.671    u_ray_march/p_0_out_inferred__1/g0_b1_i_30_n_0
    SLICE_X10Y44         LUT6 (Prop_lut6_I5_O)        0.124    12.795 f  u_ray_march/p_0_out_inferred__1/g0_b1_i_9/O
                         net (fo=1, routed)           0.000    12.795    u_ray_march/p_0_out_inferred__1/g0_b1_i_9_n_0
    SLICE_X10Y44         MUXF7 (Prop_muxf7_I0_O)      0.209    13.004 f  u_ray_march/p_0_out_inferred__1/g0_b1_i_2/O
                         net (fo=47, routed)          0.980    13.984    u_ray_march/sel[1]
    SLICE_X8Y44          LUT6 (Prop_lut6_I1_O)        0.297    14.281 r  u_ray_march/g0_b1/O
                         net (fo=2, routed)           0.597    14.878    u_ray_march/g0_b1_n_0
    SLICE_X9Y46          LUT4 (Prop_lut4_I0_O)        0.124    15.002 r  u_ray_march/x[0]_i_9/O
                         net (fo=1, routed)           0.000    15.002    u_ray_march/x[0]_i_9_n_0
    SLICE_X9Y46          CARRY4 (Prop_carry4_S[1]_CO[3])
                                                      0.550    15.552 r  u_ray_march/x_reg[0]_i_2/CO[3]
                         net (fo=1, routed)           0.000    15.552    u_ray_march/x_reg[0]_i_2_n_0
    SLICE_X9Y47          CARRY4 (Prop_carry4_CI_CO[3])
                                                      0.114    15.666 r  u_ray_march/x_reg[4]_i_1/CO[3]
                         net (fo=1, routed)           0.000    15.666    u_ray_march/x_reg[4]_i_1_n_0
    SLICE_X9Y48          CARRY4 (Prop_carry4_CI_O[1])
                                                      0.348    16.014 r  u_ray_march/x_reg[8]_i_1/O[1]
                         net (fo=3, routed)           0.209    16.223    u_ray_march/x_reg[8]_i_1_n_6
    SLICE_X8Y48          FDCE                                         r  u_ray_march/x_reg[9]_rep/D
  -------------------------------------------------------------------    -------------------

                         (clock clk rise edge)       10.000    10.000 r  
    E15                                               0.000    10.000 r  clk (IN)
                         net (fo=0)                   0.000    10.000    clk
    E15                  IBUF (Prop_ibuf_I_O)         0.859    10.859 r  clk_IBUF_inst/O
                         net (fo=1, routed)           1.868    12.727    clk_IBUF
    BUFGCTRL_X0Y16       BUFG (Prop_bufg_I_O)         0.091    12.818 r  clk_IBUF_BUFG_inst/O
                         net (fo=259, routed)         1.454    14.272    u_ray_march/clk_IBUF_BUFG
    SLICE_X8Y48          FDCE                                         r  u_ray_march/x_reg[9]_rep/C
                         clock pessimism              0.242    14.515    
                         clock uncertainty           -0.035    14.479    
    SLICE_X8Y48          FDCE (Setup_fdce_C_D)       -0.192    14.287    u_ray_march/x_reg[9]_rep
  -------------------------------------------------------------------
                         required time                         14.287    
                         arrival time                         -16.223    
  -------------------------------------------------------------------
                         slack                                 -1.936    





Min Delay Paths
--------------------------------------------------------------------------------------
Slack (MET) :             0.095ns  (arrival time - required time)
  Source:                 pe_addr_reg[9]_rep/C
                            (rising edge-triggered cell FDCE clocked by clk  {rise@0.000ns fall@5.000ns period=10.000ns})
  Destination:            u_table/data_reg_1_5/ADDRARDADDR[9]
                            (rising edge-triggered cell RAMB36E1 clocked by clk  {rise@0.000ns fall@5.000ns period=10.000ns})
  Path Group:             clk
  Path Type:              Hold (Min at Fast Process Corner)
  Requirement:            0.000ns  (clk rise@0.000ns - clk rise@0.000ns)
  Data Path Delay:        0.547ns  (logic 0.128ns (23.392%)  route 0.419ns (76.608%))
  Logic Levels:           0  
  Clock Path Skew:        0.322ns (DCD - SCD - CPR)
    Destination Clock Delay (DCD):    2.009ns
    Source Clock Delay      (SCD):    1.440ns
    Clock Pessimism Removal (CPR):    0.247ns

    Location             Delay type                Incr(ns)  Path(ns)    Netlist Resource(s)
  -------------------------------------------------------------------    -------------------
                         (clock clk rise edge)        0.000     0.000 r  
    E15                                               0.000     0.000 r  clk (IN)
                         net (fo=0)                   0.000     0.000    clk
    E15                  IBUF (Prop_ibuf_I_O)         0.221     0.221 r  clk_IBUF_inst/O
                         net (fo=1, routed)           0.634     0.855    clk_IBUF
    BUFGCTRL_X0Y16       BUFG (Prop_bufg_I_O)         0.026     0.881 r  clk_IBUF_BUFG_inst/O
                         net (fo=259, routed)         0.559     1.440    clk_IBUF_BUFG
    SLICE_X11Y62         FDCE                                         r  pe_addr_reg[9]_rep/C
  -------------------------------------------------------------------    -------------------
    SLICE_X11Y62         FDCE (Prop_fdce_C_Q)         0.128     1.568 r  pe_addr_reg[9]_rep/Q
                         net (fo=12, routed)          0.419     1.987    u_table/ADDRARDADDR[9]
    RAMB36_X0Y9          RAMB36E1                                     r  u_table/data_reg_1_5/ADDRARDADDR[9]
  -------------------------------------------------------------------    -------------------

                         (clock clk rise edge)        0.000     0.000 r  
    E15                                               0.000     0.000 r  clk (IN)
                         net (fo=0)                   0.000     0.000    clk
    E15                  IBUF (Prop_ibuf_I_O)         0.411     0.411 r  clk_IBUF_inst/O
                         net (fo=1, routed)           0.689     1.099    clk_IBUF
    BUFGCTRL_X0Y16       BUFG (Prop_bufg_I_O)         0.029     1.128 r  clk_IBUF_BUFG_inst/O
                         net (fo=259, routed)         0.881     2.009    u_table/clk_IBUF_BUFG
    RAMB36_X0Y9          RAMB36E1                                     r  u_table/data_reg_1_5/CLKARDCLK
                         clock pessimism             -0.247     1.763    
    RAMB36_X0Y9          RAMB36E1 (Hold_ramb36e1_CLKARDCLK_ADDRARDADDR[9])
                                                      0.130     1.893    u_table/data_reg_1_5
  -------------------------------------------------------------------
                         required time                         -1.893    
                         arrival time                           1.987    
  -------------------------------------------------------------------
                         slack                                  0.095    

Slack (MET) :             0.099ns  (arrival time - required time)
  Source:                 pe_addr_reg[14]_rep/C
                            (rising edge-triggered cell FDCE clocked by clk  {rise@0.000ns fall@5.000ns period=10.000ns})
  Destination:            u_table/data_reg_1_5/ADDRARDADDR[14]
                            (rising edge-triggered cell RAMB36E1 clocked by clk  {rise@0.000ns fall@5.000ns period=10.000ns})
  Path Group:             clk
  Path Type:              Hold (Min at Fast Process Corner)
  Requirement:            0.000ns  (clk rise@0.000ns - clk rise@0.000ns)
  Data Path Delay:        0.604ns  (logic 0.141ns (23.333%)  route 0.463ns (76.667%))
  Logic Levels:           0  
  Clock Path Skew:        0.322ns (DCD - SCD - CPR)
    Destination Clock Delay (DCD):    2.009ns
    Source Clock Delay      (SCD):    1.440ns
    Clock Pessimism Removal (CPR):    0.247ns

    Location             Delay type                Incr(ns)  Path(ns)    Netlist Resource(s)
  -------------------------------------------------------------------    -------------------
                         (clock clk rise edge)        0.000     0.000 r  
    E15                                               0.000     0.000 r  clk (IN)
                         net (fo=0)                   0.000     0.000    clk
    E15                  IBUF (Prop_ibuf_I_O)         0.221     0.221 r  clk_IBUF_inst/O
                         net (fo=1, routed)           0.634     0.855    clk_IBUF
    BUFGCTRL_X0Y16       BUFG (Prop_bufg_I_O)         0.026     0.881 r  clk_IBUF_BUFG_inst/O
                         net (fo=259, routed)         0.559     1.440    clk_IBUF_BUFG
    SLICE_X11Y62         FDCE                                         r  pe_addr_reg[14]_rep/C
  -------------------------------------------------------------------    -------------------
    SLICE_X11Y62         FDCE (Prop_fdce_C_Q)         0.141     1.581 r  pe_addr_reg[14]_rep/Q
                         net (fo=12, routed)          0.463     2.044    u_table/ADDRARDADDR[14]
    RAMB36_X0Y9          RAMB36E1                                     r  u_table/data_reg_1_5/ADDRARDADDR[14]
  -------------------------------------------------------------------    -------------------

                         (clock clk rise edge)        0.000     0.000 r  
    E15                                               0.000     0.000 r  clk (IN)
                         net (fo=0)                   0.000     0.000    clk
    E15                  IBUF (Prop_ibuf_I_O)         0.411     0.411 r  clk_IBUF_inst/O
                         net (fo=1, routed)           0.689     1.099    clk_IBUF
    BUFGCTRL_X0Y16       BUFG (Prop_bufg_I_O)         0.029     1.128 r  clk_IBUF_BUFG_inst/O
                         net (fo=259, routed)         0.881     2.009    u_table/clk_IBUF_BUFG
    RAMB36_X0Y9          RAMB36E1                                     r  u_table/data_reg_1_5/CLKARDCLK
                         clock pessimism             -0.247     1.763    
    RAMB36_X0Y9          RAMB36E1 (Hold_ramb36e1_CLKARDCLK_ADDRARDADDR[14])
                                                      0.183     1.946    u_table/data_reg_1_5
  -------------------------------------------------------------------
                         required time                         -1.946    
                         arrival time                           2.044    
  -------------------------------------------------------------------
                         slack                                  0.099    

Slack (MET) :             0.112ns  (arrival time - required time)
  Source:                 pe_addr_reg[0]_rep/C
                            (rising edge-triggered cell FDCE clocked by clk  {rise@0.000ns fall@5.000ns period=10.000ns})
  Destination:            u_table/data_reg_1_5/ADDRARDADDR[0]
                            (rising edge-triggered cell RAMB36E1 clocked by clk  {rise@0.000ns fall@5.000ns period=10.000ns})
  Path Group:             clk
  Path Type:              Hold (Min at Fast Process Corner)
  Requirement:            0.000ns  (clk rise@0.000ns - clk rise@0.000ns)
  Data Path Delay:        0.618ns  (logic 0.141ns (22.833%)  route 0.477ns (77.167%))
  Logic Levels:           0  
  Clock Path Skew:        0.322ns (DCD - SCD - CPR)
    Destination Clock Delay (DCD):    2.009ns
    Source Clock Delay      (SCD):    1.440ns
    Clock Pessimism Removal (CPR):    0.247ns

    Location             Delay type                Incr(ns)  Path(ns)    Netlist Resource(s)
  -------------------------------------------------------------------    -------------------
                         (clock clk rise edge)        0.000     0.000 r  
    E15                                               0.000     0.000 r  clk (IN)
                         net (fo=0)                   0.000     0.000    clk
    E15                  IBUF (Prop_ibuf_I_O)         0.221     0.221 r  clk_IBUF_inst/O
                         net (fo=1, routed)           0.634     0.855    clk_IBUF
    BUFGCTRL_X0Y16       BUFG (Prop_bufg_I_O)         0.026     0.881 r  clk_IBUF_BUFG_inst/O
                         net (fo=259, routed)         0.559     1.440    clk_IBUF_BUFG
    SLICE_X11Y62         FDCE                                         r  pe_addr_reg[0]_rep/C
  -------------------------------------------------------------------    -------------------
    SLICE_X11Y62         FDCE (Prop_fdce_C_Q)         0.141     1.581 r  pe_addr_reg[0]_rep/Q
                         net (fo=12, routed)          0.477     2.058    u_table/ADDRARDADDR[0]
    RAMB36_X0Y9          RAMB36E1                                     r  u_table/data_reg_1_5/ADDRARDADDR[0]
  -------------------------------------------------------------------    -------------------

                         (clock clk rise edge)        0.000     0.000 r  
    E15                                               0.000     0.000 r  clk (IN)
                         net (fo=0)                   0.000     0.000    clk
    E15                  IBUF (Prop_ibuf_I_O)         0.411     0.411 r  clk_IBUF_inst/O
                         net (fo=1, routed)           0.689     1.099    clk_IBUF
    BUFGCTRL_X0Y16       BUFG (Prop_bufg_I_O)         0.029     1.128 r  clk_IBUF_BUFG_inst/O
                         net (fo=259, routed)         0.881     2.009    u_table/clk_IBUF_BUFG
    RAMB36_X0Y9          RAMB36E1                                     r  u_table/data_reg_1_5/CLKARDCLK
                         clock pessimism             -0.247     1.763    
    RAMB36_X0Y9          RAMB36E1 (Hold_ramb36e1_CLKARDCLK_ADDRARDADDR[0])
                                                      0.183     1.946    u_table/data_reg_1_5
  -------------------------------------------------------------------
                         required time                         -1.946    
                         arrival time                           2.058    
  -------------------------------------------------------------------
                         slack                                  0.112    

Slack (MET) :             0.118ns  (arrival time - required time)
  Source:                 pe_addr_reg[7]_rep/C
                            (rising edge-triggered cell FDCE clocked by clk  {rise@0.000ns fall@5.000ns period=10.000ns})
  Destination:            u_table/data_reg_1_5/ADDRARDADDR[7]
                            (rising edge-triggered cell RAMB36E1 clocked by clk  {rise@0.000ns fall@5.000ns period=10.000ns})
  Path Group:             clk
  Path Type:              Hold (Min at Fast Process Corner)
  Requirement:            0.000ns  (clk rise@0.000ns - clk rise@0.000ns)
  Data Path Delay:        0.571ns  (logic 0.128ns (22.429%)  route 0.443ns (77.571%))
  Logic Levels:           0  
  Clock Path Skew:        0.322ns (DCD - SCD - CPR)
    Destination Clock Delay (DCD):    2.009ns
    Source Clock Delay      (SCD):    1.440ns
    Clock Pessimism Removal (CPR):    0.247ns

    Location             Delay type                Incr(ns)  Path(ns)    Netlist Resource(s)
  -------------------------------------------------------------------    -------------------
                         (clock clk rise edge)        0.000     0.000 r  
    E15                                               0.000     0.000 r  clk (IN)
                         net (fo=0)                   0.000     0.000    clk
    E15                  IBUF (Prop_ibuf_I_O)         0.221     0.221 r  clk_IBUF_inst/O
                         net (fo=1, routed)           0.634     0.855    clk_IBUF
    BUFGCTRL_X0Y16       BUFG (Prop_bufg_I_O)         0.026     0.881 r  clk_IBUF_BUFG_inst/O
                         net (fo=259, routed)         0.559     1.440    clk_IBUF_BUFG
    SLICE_X11Y62         FDCE                                         r  pe_addr_reg[7]_rep/C
  -------------------------------------------------------------------    -------------------
    SLICE_X11Y62         FDCE (Prop_fdce_C_Q)         0.128     1.568 r  pe_addr_reg[7]_rep/Q
                         net (fo=12, routed)          0.443     2.011    u_table/ADDRARDADDR[7]
    RAMB36_X0Y9          RAMB36E1                                     r  u_table/data_reg_1_5/ADDRARDADDR[7]
  -------------------------------------------------------------------    -------------------

                         (clock clk rise edge)        0.000     0.000 r  
    E15                                               0.000     0.000 r  clk (IN)
                         net (fo=0)                   0.000     0.000    clk
    E15                  IBUF (Prop_ibuf_I_O)         0.411     0.411 r  clk_IBUF_inst/O
                         net (fo=1, routed)           0.689     1.099    clk_IBUF
    BUFGCTRL_X0Y16       BUFG (Prop_bufg_I_O)         0.029     1.128 r  clk_IBUF_BUFG_inst/O
                         net (fo=259, routed)         0.881     2.009    u_table/clk_IBUF_BUFG
    RAMB36_X0Y9          RAMB36E1                                     r  u_table/data_reg_1_5/CLKARDCLK
                         clock pessimism             -0.247     1.763    
    RAMB36_X0Y9          RAMB36E1 (Hold_ramb36e1_CLKARDCLK_ADDRARDADDR[7])
                                                      0.130     1.893    u_table/data_reg_1_5
  -------------------------------------------------------------------
                         required time                         -1.893    
                         arrival time                           2.011    
  -------------------------------------------------------------------
                         slack                                  0.118    

Slack (MET) :             0.120ns  (arrival time - required time)
  Source:                 pe_addr_reg[7]_rep__1/C
                            (rising edge-triggered cell FDCE clocked by clk  {rise@0.000ns fall@5.000ns period=10.000ns})
  Destination:            u_table/data_reg_1_12/ADDRARDADDR[7]
                            (rising edge-triggered cell RAMB36E1 clocked by clk  {rise@0.000ns fall@5.000ns period=10.000ns})
  Path Group:             clk
  Path Type:              Hold (Min at Fast Process Corner)
  Requirement:            0.000ns  (clk rise@0.000ns - clk rise@0.000ns)
  Data Path Delay:        0.376ns  (logic 0.141ns (37.474%)  route 0.235ns (62.526%))
  Logic Levels:           0  
  Clock Path Skew:        0.073ns (DCD - SCD - CPR)
    Destination Clock Delay (DCD):    1.993ns
    Source Clock Delay      (SCD):    1.439ns
    Clock Pessimism Removal (CPR):    0.481ns

    Location             Delay type                Incr(ns)  Path(ns)    Netlist Resource(s)
  -------------------------------------------------------------------    -------------------
                         (clock clk rise edge)        0.000     0.000 r  
    E15                                               0.000     0.000 r  clk (IN)
                         net (fo=0)                   0.000     0.000    clk
    E15                  IBUF (Prop_ibuf_I_O)         0.221     0.221 r  clk_IBUF_inst/O
                         net (fo=1, routed)           0.634     0.855    clk_IBUF
    BUFGCTRL_X0Y16       BUFG (Prop_bufg_I_O)         0.026     0.881 r  clk_IBUF_BUFG_inst/O
                         net (fo=259, routed)         0.558     1.439    clk_IBUF_BUFG
    SLICE_X11Y65         FDCE                                         r  pe_addr_reg[7]_rep__1/C
  -------------------------------------------------------------------    -------------------
    SLICE_X11Y65         FDCE (Prop_fdce_C_Q)         0.141     1.580 r  pe_addr_reg[7]_rep__1/Q
                         net (fo=3, routed)           0.235     1.815    u_table/sel[7]
    RAMB36_X0Y13         RAMB36E1                                     r  u_table/data_reg_1_12/ADDRARDADDR[7]
  -------------------------------------------------------------------    -------------------

                         (clock clk rise edge)        0.000     0.000 r  
    E15                                               0.000     0.000 r  clk (IN)
                         net (fo=0)                   0.000     0.000    clk
    E15                  IBUF (Prop_ibuf_I_O)         0.411     0.411 r  clk_IBUF_inst/O
                         net (fo=1, routed)           0.689     1.099    clk_IBUF
    BUFGCTRL_X0Y16       BUFG (Prop_bufg_I_O)         0.029     1.128 r  clk_IBUF_BUFG_inst/O
                         net (fo=259, routed)         0.865     1.993    u_table/clk_IBUF_BUFG
    RAMB36_X0Y13         RAMB36E1                                     r  u_table/data_reg_1_12/CLKARDCLK
                         clock pessimism             -0.481     1.513    
    RAMB36_X0Y13         RAMB36E1 (Hold_ramb36e1_CLKARDCLK_ADDRARDADDR[7])
                                                      0.183     1.696    u_table/data_reg_1_12
  -------------------------------------------------------------------
                         required time                         -1.696    
                         arrival time                           1.815    
  -------------------------------------------------------------------
                         slack                                  0.120    

Slack (MET) :             0.126ns  (arrival time - required time)
  Source:                 pe_addr_reg[12]_rep/C
                            (rising edge-triggered cell FDCE clocked by clk  {rise@0.000ns fall@5.000ns period=10.000ns})
  Destination:            u_table/data_reg_1_5/ADDRARDADDR[12]
                            (rising edge-triggered cell RAMB36E1 clocked by clk  {rise@0.000ns fall@5.000ns period=10.000ns})
  Path Group:             clk
  Path Type:              Hold (Min at Fast Process Corner)
  Requirement:            0.000ns  (clk rise@0.000ns - clk rise@0.000ns)
  Data Path Delay:        0.633ns  (logic 0.141ns (22.289%)  route 0.492ns (77.711%))
  Logic Levels:           0  
  Clock Path Skew:        0.323ns (DCD - SCD - CPR)
    Destination Clock Delay (DCD):    2.009ns
    Source Clock Delay      (SCD):    1.439ns
    Clock Pessimism Removal (CPR):    0.247ns

    Location             Delay type                Incr(ns)  Path(ns)    Netlist Resource(s)
  -------------------------------------------------------------------    -------------------
                         (clock clk rise edge)        0.000     0.000 r  
    E15                                               0.000     0.000 r  clk (IN)
                         net (fo=0)                   0.000     0.000    clk
    E15                  IBUF (Prop_ibuf_I_O)         0.221     0.221 r  clk_IBUF_inst/O
                         net (fo=1, routed)           0.634     0.855    clk_IBUF
    BUFGCTRL_X0Y16       BUFG (Prop_bufg_I_O)         0.026     0.881 r  clk_IBUF_BUFG_inst/O
                         net (fo=259, routed)         0.558     1.439    clk_IBUF_BUFG
    SLICE_X11Y63         FDCE                                         r  pe_addr_reg[12]_rep/C
  -------------------------------------------------------------------    -------------------
    SLICE_X11Y63         FDCE (Prop_fdce_C_Q)         0.141     1.580 r  pe_addr_reg[12]_rep/Q
                         net (fo=12, routed)          0.492     2.072    u_table/ADDRARDADDR[12]
    RAMB36_X0Y9          RAMB36E1                                     r  u_table/data_reg_1_5/ADDRARDADDR[12]
  -------------------------------------------------------------------    -------------------

                         (clock clk rise edge)        0.000     0.000 r  
    E15                                               0.000     0.000 r  clk (IN)
                         net (fo=0)                   0.000     0.000    clk
    E15                  IBUF (Prop_ibuf_I_O)         0.411     0.411 r  clk_IBUF_inst/O
                         net (fo=1, routed)           0.689     1.099    clk_IBUF
    BUFGCTRL_X0Y16       BUFG (Prop_bufg_I_O)         0.029     1.128 r  clk_IBUF_BUFG_inst/O
                         net (fo=259, routed)         0.881     2.009    u_table/clk_IBUF_BUFG
    RAMB36_X0Y9          RAMB36E1                                     r  u_table/data_reg_1_5/CLKARDCLK
                         clock pessimism             -0.247     1.763    
    RAMB36_X0Y9          RAMB36E1 (Hold_ramb36e1_CLKARDCLK_ADDRARDADDR[12])
                                                      0.183     1.946    u_table/data_reg_1_5
  -------------------------------------------------------------------
                         required time                         -1.946    
                         arrival time                           2.072    
  -------------------------------------------------------------------
                         slack                                  0.126    

Slack (MET) :             0.127ns  (arrival time - required time)
  Source:                 pe_addr_reg[10]_rep/C
                            (rising edge-triggered cell FDCE clocked by clk  {rise@0.000ns fall@5.000ns period=10.000ns})
  Destination:            u_table/data_reg_1_5/ADDRARDADDR[10]
                            (rising edge-triggered cell RAMB36E1 clocked by clk  {rise@0.000ns fall@5.000ns period=10.000ns})
  Path Group:             clk
  Path Type:              Hold (Min at Fast Process Corner)
  Requirement:            0.000ns  (clk rise@0.000ns - clk rise@0.000ns)
  Data Path Delay:        0.633ns  (logic 0.164ns (25.903%)  route 0.469ns (74.097%))
  Logic Levels:           0  
  Clock Path Skew:        0.323ns (DCD - SCD - CPR)
    Destination Clock Delay (DCD):    2.009ns
    Source Clock Delay      (SCD):    1.439ns
    Clock Pessimism Removal (CPR):    0.247ns

    Location             Delay type                Incr(ns)  Path(ns)    Netlist Resource(s)
  -------------------------------------------------------------------    -------------------
                         (clock clk rise edge)        0.000     0.000 r  
    E15                                               0.000     0.000 r  clk (IN)
                         net (fo=0)                   0.000     0.000    clk
    E15                  IBUF (Prop_ibuf_I_O)         0.221     0.221 r  clk_IBUF_inst/O
                         net (fo=1, routed)           0.634     0.855    clk_IBUF
    BUFGCTRL_X0Y16       BUFG (Prop_bufg_I_O)         0.026     0.881 r  clk_IBUF_BUFG_inst/O
                         net (fo=259, routed)         0.558     1.439    clk_IBUF_BUFG
    SLICE_X10Y63         FDCE                                         r  pe_addr_reg[10]_rep/C
  -------------------------------------------------------------------    -------------------
    SLICE_X10Y63         FDCE (Prop_fdce_C_Q)         0.164     1.603 r  pe_addr_reg[10]_rep/Q
                         net (fo=12, routed)          0.469     2.072    u_table/ADDRARDADDR[10]
    RAMB36_X0Y9          RAMB36E1                                     r  u_table/data_reg_1_5/ADDRARDADDR[10]
  -------------------------------------------------------------------    -------------------

                         (clock clk rise edge)        0.000     0.000 r  
    E15                                               0.000     0.000 r  clk (IN)
                         net (fo=0)                   0.000     0.000    clk
    E15                  IBUF (Prop_ibuf_I_O)         0.411     0.411 r  clk_IBUF_inst/O
                         net (fo=1, routed)           0.689     1.099    clk_IBUF
    BUFGCTRL_X0Y16       BUFG (Prop_bufg_I_O)         0.029     1.128 r  clk_IBUF_BUFG_inst/O
                         net (fo=259, routed)         0.881     2.009    u_table/clk_IBUF_BUFG
    RAMB36_X0Y9          RAMB36E1                                     r  u_table/data_reg_1_5/CLKARDCLK
                         clock pessimism             -0.247     1.763    
    RAMB36_X0Y9          RAMB36E1 (Hold_ramb36e1_CLKARDCLK_ADDRARDADDR[10])
                                                      0.183     1.946    u_table/data_reg_1_5
  -------------------------------------------------------------------
                         required time                         -1.946    
                         arrival time                           2.072    
  -------------------------------------------------------------------
                         slack                                  0.127    

Slack (MET) :             0.130ns  (arrival time - required time)
  Source:                 pe_addr_reg[13]_rep__1/C
                            (rising edge-triggered cell FDCE clocked by clk  {rise@0.000ns fall@5.000ns period=10.000ns})
  Destination:            u_table/data_reg_0_12/ADDRARDADDR[13]
                            (rising edge-triggered cell RAMB36E1 clocked by clk  {rise@0.000ns fall@5.000ns period=10.000ns})
  Path Group:             clk
  Path Type:              Hold (Min at Fast Process Corner)
  Requirement:            0.000ns  (clk rise@0.000ns - clk rise@0.000ns)
  Data Path Delay:        0.370ns  (logic 0.141ns (38.103%)  route 0.229ns (61.897%))
  Logic Levels:           0  
  Clock Path Skew:        0.057ns (DCD - SCD - CPR)
    Destination Clock Delay (DCD):    1.997ns
    Source Clock Delay      (SCD):    1.439ns
    Clock Pessimism Removal (CPR):    0.501ns

    Location             Delay type                Incr(ns)  Path(ns)    Netlist Resource(s)
  -------------------------------------------------------------------    -------------------
                         (clock clk rise edge)        0.000     0.000 r  
    E15                                               0.000     0.000 r  clk (IN)
                         net (fo=0)                   0.000     0.000    clk
    E15                  IBUF (Prop_ibuf_I_O)         0.221     0.221 r  clk_IBUF_inst/O
                         net (fo=1, routed)           0.634     0.855    clk_IBUF
    BUFGCTRL_X0Y16       BUFG (Prop_bufg_I_O)         0.026     0.881 r  clk_IBUF_BUFG_inst/O
                         net (fo=259, routed)         0.558     1.439    clk_IBUF_BUFG
    SLICE_X9Y64          FDCE                                         r  pe_addr_reg[13]_rep__1/C
  -------------------------------------------------------------------    -------------------
    SLICE_X9Y64          FDCE (Prop_fdce_C_Q)         0.141     1.580 r  pe_addr_reg[13]_rep__1/Q
                         net (fo=3, routed)           0.229     1.809    u_table/sel[13]
    RAMB36_X0Y12         RAMB36E1                                     r  u_table/data_reg_0_12/ADDRARDADDR[13]
  -------------------------------------------------------------------    -------------------

                         (clock clk rise edge)        0.000     0.000 r  
    E15                                               0.000     0.000 r  clk (IN)
                         net (fo=0)                   0.000     0.000    clk
    E15                  IBUF (Prop_ibuf_I_O)         0.411     0.411 r  clk_IBUF_inst/O
                         net (fo=1, routed)           0.689     1.099    clk_IBUF
    BUFGCTRL_X0Y16       BUFG (Prop_bufg_I_O)         0.029     1.128 r  clk_IBUF_BUFG_inst/O
                         net (fo=259, routed)         0.869     1.997    u_table/clk_IBUF_BUFG
    RAMB36_X0Y12         RAMB36E1                                     r  u_table/data_reg_0_12/CLKARDCLK
                         clock pessimism             -0.501     1.497    
    RAMB36_X0Y12         RAMB36E1 (Hold_ramb36e1_CLKARDCLK_ADDRARDADDR[13])
                                                      0.183     1.680    u_table/data_reg_0_12
  -------------------------------------------------------------------
                         required time                         -1.680    
                         arrival time                           1.809    
  -------------------------------------------------------------------
                         slack                                  0.130    

Slack (MET) :             0.133ns  (arrival time - required time)
  Source:                 pe_addr_reg[13]_rep__1/C
                            (rising edge-triggered cell FDCE clocked by clk  {rise@0.000ns fall@5.000ns period=10.000ns})
  Destination:            u_table/data_reg_1_12/ADDRARDADDR[13]
                            (rising edge-triggered cell RAMB36E1 clocked by clk  {rise@0.000ns fall@5.000ns period=10.000ns})
  Path Group:             clk
  Path Type:              Hold (Min at Fast Process Corner)
  Requirement:            0.000ns  (clk rise@0.000ns - clk rise@0.000ns)
  Data Path Delay:        0.369ns  (logic 0.141ns (38.164%)  route 0.228ns (61.836%))
  Logic Levels:           0  
  Clock Path Skew:        0.053ns (DCD - SCD - CPR)
    Destination Clock Delay (DCD):    1.993ns
    Source Clock Delay      (SCD):    1.439ns
    Clock Pessimism Removal (CPR):    0.501ns

    Location             Delay type                Incr(ns)  Path(ns)    Netlist Resource(s)
  -------------------------------------------------------------------    -------------------
                         (clock clk rise edge)        0.000     0.000 r  
    E15                                               0.000     0.000 r  clk (IN)
                         net (fo=0)                   0.000     0.000    clk
    E15                  IBUF (Prop_ibuf_I_O)         0.221     0.221 r  clk_IBUF_inst/O
                         net (fo=1, routed)           0.634     0.855    clk_IBUF
    BUFGCTRL_X0Y16       BUFG (Prop_bufg_I_O)         0.026     0.881 r  clk_IBUF_BUFG_inst/O
                         net (fo=259, routed)         0.558     1.439    clk_IBUF_BUFG
    SLICE_X9Y64          FDCE                                         r  pe_addr_reg[13]_rep__1/C
  -------------------------------------------------------------------    -------------------
    SLICE_X9Y64          FDCE (Prop_fdce_C_Q)         0.141     1.580 r  pe_addr_reg[13]_rep__1/Q
                         net (fo=3, routed)           0.228     1.809    u_table/sel[13]
    RAMB36_X0Y13         RAMB36E1                                     r  u_table/data_reg_1_12/ADDRARDADDR[13]
  -------------------------------------------------------------------    -------------------

                         (clock clk rise edge)        0.000     0.000 r  
    E15                                               0.000     0.000 r  clk (IN)
                         net (fo=0)                   0.000     0.000    clk
    E15                  IBUF (Prop_ibuf_I_O)         0.411     0.411 r  clk_IBUF_inst/O
                         net (fo=1, routed)           0.689     1.099    clk_IBUF
    BUFGCTRL_X0Y16       BUFG (Prop_bufg_I_O)         0.029     1.128 r  clk_IBUF_BUFG_inst/O
                         net (fo=259, routed)         0.865     1.993    u_table/clk_IBUF_BUFG
    RAMB36_X0Y13         RAMB36E1                                     r  u_table/data_reg_1_12/CLKARDCLK
                         clock pessimism             -0.501     1.493    
    RAMB36_X0Y13         RAMB36E1 (Hold_ramb36e1_CLKARDCLK_ADDRARDADDR[13])
                                                      0.183     1.676    u_table/data_reg_1_12
  -------------------------------------------------------------------
                         required time                         -1.676    
                         arrival time                           1.809    
  -------------------------------------------------------------------
                         slack                                  0.133    

Slack (MET) :             0.133ns  (arrival time - required time)
  Source:                 pe_addr_reg[0]_rep__1/C
                            (rising edge-triggered cell FDCE clocked by clk  {rise@0.000ns fall@5.000ns period=10.000ns})
  Destination:            u_table/data_reg_0_12/ADDRARDADDR[0]
                            (rising edge-triggered cell RAMB36E1 clocked by clk  {rise@0.000ns fall@5.000ns period=10.000ns})
  Path Group:             clk
  Path Type:              Hold (Min at Fast Process Corner)
  Requirement:            0.000ns  (clk rise@0.000ns - clk rise@0.000ns)
  Data Path Delay:        0.394ns  (logic 0.164ns (41.660%)  route 0.230ns (58.340%))
  Logic Levels:           0  
  Clock Path Skew:        0.077ns (DCD - SCD - CPR)
    Destination Clock Delay (DCD):    1.997ns
    Source Clock Delay      (SCD):    1.439ns
    Clock Pessimism Removal (CPR):    0.481ns

    Location             Delay type                Incr(ns)  Path(ns)    Netlist Resource(s)
  -------------------------------------------------------------------    -------------------
                         (clock clk rise edge)        0.000     0.000 r  
    E15                                               0.000     0.000 r  clk (IN)
                         net (fo=0)                   0.000     0.000    clk
    E15                  IBUF (Prop_ibuf_I_O)         0.221     0.221 r  clk_IBUF_inst/O
                         net (fo=1, routed)           0.634     0.855    clk_IBUF
    BUFGCTRL_X0Y16       BUFG (Prop_bufg_I_O)         0.026     0.881 r  clk_IBUF_BUFG_inst/O
                         net (fo=259, routed)         0.558     1.439    clk_IBUF_BUFG
    SLICE_X10Y63         FDCE                                         r  pe_addr_reg[0]_rep__1/C
  -------------------------------------------------------------------    -------------------
    SLICE_X10Y63         FDCE (Prop_fdce_C_Q)         0.164     1.603 r  pe_addr_reg[0]_rep__1/Q
                         net (fo=3, routed)           0.230     1.833    u_table/sel[0]
    RAMB36_X0Y12         RAMB36E1                                     r  u_table/data_reg_0_12/ADDRARDADDR[0]
  -------------------------------------------------------------------    -------------------

                         (clock clk rise edge)        0.000     0.000 r  
    E15                                               0.000     0.000 r  clk (IN)
                         net (fo=0)                   0.000     0.000    clk
    E15                  IBUF (Prop_ibuf_I_O)         0.411     0.411 r  clk_IBUF_inst/O
                         net (fo=1, routed)           0.689     1.099    clk_IBUF
    BUFGCTRL_X0Y16       BUFG (Prop_bufg_I_O)         0.029     1.128 r  clk_IBUF_BUFG_inst/O
                         net (fo=259, routed)         0.869     1.997    u_table/clk_IBUF_BUFG
    RAMB36_X0Y12         RAMB36E1                                     r  u_table/data_reg_0_12/CLKARDCLK
                         clock pessimism             -0.481     1.517    
    RAMB36_X0Y12         RAMB36E1 (Hold_ramb36e1_CLKARDCLK_ADDRARDADDR[0])
                                                      0.183     1.700    u_table/data_reg_0_12
  -------------------------------------------------------------------
                         required time                         -1.700    
                         arrival time                           1.833    
  -------------------------------------------------------------------
                         slack                                  0.133    





Pulse Width Checks
--------------------------------------------------------------------------------------
Clock Name:         clk
Waveform(ns):       { 0.000 5.000 }
Period(ns):         10.000
Sources:            { clk }

Check Type        Corner  Lib Pin             Reference Pin  Required(ns)  Actual(ns)  Slack(ns)  Location      Pin
Min Period        n/a     RAMB36E1/CLKARDCLK  n/a            2.892         10.000      7.108      RAMB36_X1Y6   u_table/data_reg_0_0/CLKARDCLK
Min Period        n/a     RAMB36E1/CLKARDCLK  n/a            2.892         10.000      7.108      RAMB36_X2Y4   u_table/data_reg_0_1/CLKARDCLK
Min Period        n/a     RAMB36E1/CLKARDCLK  n/a            2.892         10.000      7.108      RAMB36_X0Y18  u_table/data_reg_0_10/CLKARDCLK
Min Period        n/a     RAMB36E1/CLKARDCLK  n/a            2.892         10.000      7.108      RAMB36_X1Y15  u_table/data_reg_0_11/CLKARDCLK
Min Period        n/a     RAMB36E1/CLKARDCLK  n/a            2.892         10.000      7.108      RAMB36_X0Y12  u_table/data_reg_0_12/CLKARDCLK
Min Period        n/a     RAMB36E1/CLKARDCLK  n/a            2.892         10.000      7.108      RAMB36_X1Y4   u_table/data_reg_0_2/CLKARDCLK
Min Period        n/a     RAMB36E1/CLKARDCLK  n/a            2.892         10.000      7.108      RAMB36_X2Y6   u_table/data_reg_0_3/CLKARDCLK
Min Period        n/a     RAMB36E1/CLKARDCLK  n/a            2.892         10.000      7.108      RAMB36_X0Y6   u_table/data_reg_0_4/CLKARDCLK
Min Period        n/a     RAMB36E1/CLKARDCLK  n/a            2.892         10.000      7.108      RAMB36_X0Y8   u_table/data_reg_0_5/CLKARDCLK
Min Period        n/a     RAMB36E1/CLKARDCLK  n/a            2.892         10.000      7.108      RAMB36_X2Y11  u_table/data_reg_0_6/CLKARDCLK
Low Pulse Width   Slow    FDPE/C              n/a            0.500         5.000       4.500      SLICE_X10Y61  FSM_onehot_state_reg[0]/C
Low Pulse Width   Fast    FDPE/C              n/a            0.500         5.000       4.500      SLICE_X10Y61  FSM_onehot_state_reg[0]/C
Low Pulse Width   Slow    FDCE/C              n/a            0.500         5.000       4.500      SLICE_X10Y61  FSM_onehot_state_reg[1]/C
Low Pulse Width   Fast    FDCE/C              n/a            0.500         5.000       4.500      SLICE_X10Y61  FSM_onehot_state_reg[1]/C
Low Pulse Width   Slow    FDCE/C              n/a            0.500         5.000       4.500      SLICE_X10Y61  FSM_onehot_state_reg[2]/C
Low Pulse Width   Fast    FDCE/C              n/a            0.500         5.000       4.500      SLICE_X10Y61  FSM_onehot_state_reg[2]/C
Low Pulse Width   Slow    FDCE/C              n/a            0.500         5.000       4.500      SLICE_X10Y61  FSM_onehot_state_reg[3]/C
Low Pulse Width   Fast    FDCE/C              n/a            0.500         5.000       4.500      SLICE_X10Y61  FSM_onehot_state_reg[3]/C
Low Pulse Width   Slow    FDCE/C              n/a            0.500         5.000       4.500      SLICE_X10Y61  FSM_onehot_state_reg[4]/C
Low Pulse Width   Fast    FDCE/C              n/a            0.500         5.000       4.500      SLICE_X10Y61  FSM_onehot_state_reg[4]/C
High Pulse Width  Slow    FDPE/C              n/a            0.500         5.000       4.500      SLICE_X10Y61  FSM_onehot_state_reg[0]/C
High Pulse Width  Fast    FDPE/C              n/a            0.500         5.000       4.500      SLICE_X10Y61  FSM_onehot_state_reg[0]/C
High Pulse Width  Slow    FDCE/C              n/a            0.500         5.000       4.500      SLICE_X10Y61  FSM_onehot_state_reg[1]/C
High Pulse Width  Fast    FDCE/C              n/a            0.500         5.000       4.500      SLICE_X10Y61  FSM_onehot_state_reg[1]/C
High Pulse Width  Slow    FDCE/C              n/a            0.500         5.000       4.500      SLICE_X10Y61  FSM_onehot_state_reg[2]/C
High Pulse Width  Fast    FDCE/C              n/a            0.500         5.000       4.500      SLICE_X10Y61  FSM_onehot_state_reg[2]/C
High Pulse Width  Slow    FDCE/C              n/a            0.500         5.000       4.500      SLICE_X10Y61  FSM_onehot_state_reg[3]/C
High Pulse Width  Fast    FDCE/C              n/a            0.500         5.000       4.500      SLICE_X10Y61  FSM_onehot_state_reg[3]/C
High Pulse Width  Slow    FDCE/C              n/a            0.500         5.000       4.500      SLICE_X10Y61  FSM_onehot_state_reg[4]/C
High Pulse Width  Fast    FDCE/C              n/a            0.500         5.000       4.500      SLICE_X10Y61  FSM_onehot_state_reg[4]/C



