Copyright 1986-2022 Xilinx, Inc. All Rights Reserved. Copyright 2022-2024 Advanced Micro Devices, Inc. All Rights Reserved.
---------------------------------------------------------------------------------------------------------------------------------------------
| Tool Version : Vivado v.2024.1 (win64) Build 5076996 Wed May 22 18:37:14 MDT 2024
| Date         : Wed Sep  2 01:59:10 2026
| Host         : BOOK-S5JNKNEIOB running 64-bit major release  (build 9200)
| Command      : report_timing_summary -file timing_v3_timed.rpt -max_paths 10
| Design       : particle_scorer
| Device       : 7a35ti-csg324
| Speed File   : -1L  PRODUCTION 1.23 2018-06-13
| Design State : Synthesized
---------------------------------------------------------------------------------------------------------------------------------------------

Timing Summary Report

------------------------------------------------------------------------------------------------
| Timer Settings
| --------------
------------------------------------------------------------------------------------------------

  Enable Multi Corner Analysis               :  Yes
  Enable Pessimism Removal                   :  Yes
  Pessimism Removal Resolution               :  Nearest Common Node
  Enable Input Delay Default Clock           :  No
  Enable Preset / Clear Arcs                 :  No
  Disable Flight Delays                      :  No
  Ignore I/O Paths                           :  No
  Timing Early Launch at Borrowing Latches   :  No
  Borrow Time for Max Delay Exceptions       :  Yes
  Merge Timing Exceptions                    :  Yes
  Inter-SLR Compensation                     :  Conservative

  Corner  Analyze    Analyze    
  Name    Max Paths  Min Paths  
  ------  ---------  ---------  
  Slow    Yes        Yes        
  Fast    Yes        Yes        


------------------------------------------------------------------------------------------------
| Report Methodology
| ------------------
------------------------------------------------------------------------------------------------

No report available as report_methodology has not been run prior. Run report_methodology on the current design for the summary of methodology violations.



check_timing report

Table of Contents
-----------------
1. checking no_clock (0)
2. checking constant_clock (0)
3. checking pulse_width_clock (0)
4. checking unconstrained_internal_endpoints (0)
5. checking no_input_delay (85)
6. checking no_output_delay (22)
7. checking multiple_clock (0)
8. checking generated_clocks (0)
9. checking loops (0)
10. checking partial_input_delay (0)
11. checking partial_output_delay (0)
12. checking latch_loops (0)

1. checking no_clock (0)
------------------------
 There are 0 register/latch pins with no clock.


2. checking constant_clock (0)
------------------------------
 There are 0 register/latch pins with constant_clock.


3. checking pulse_width_clock (0)
---------------------------------
 There are 0 register/latch pins which need pulse_width check


4. checking unconstrained_internal_endpoints (0)
------------------------------------------------
 There are 0 pins that are not constrained for maximum delay.

 There are 0 pins that are not constrained for maximum delay due to constant clock.


5. checking no_input_delay (85)
-------------------------------
 There are 85 input ports with no input delay specified. (HIGH)

 There are 0 input ports with no input delay but user has a false path constraint.


6. checking no_output_delay (22)
--------------------------------
 There are 22 ports with no output delay specified. (HIGH)

 There are 0 ports with no output delay but user has a false path constraint

 There are 0 ports with no output delay but with a timing clock defined on it or propagating through it


7. checking multiple_clock (0)
------------------------------
 There are 0 register/latch pins with multiple clocks.


8. checking generated_clocks (0)
--------------------------------
 There are 0 generated clocks that are not connected to a clock source.


9. checking loops (0)
---------------------
 There are 0 combinational loops in the design.


10. checking partial_input_delay (0)
------------------------------------
 There are 0 input ports with partial input delay specified.


11. checking partial_output_delay (0)
-------------------------------------
 There are 0 ports with partial output delay specified.


12. checking latch_loops (0)
----------------------------
 There are 0 combinational latch loops in the design through latch input



------------------------------------------------------------------------------------------------
| Design Timing Summary
| ---------------------
------------------------------------------------------------------------------------------------

    WNS(ns)      TNS(ns)  TNS Failing Endpoints  TNS Total Endpoints      WHS(ns)      THS(ns)  THS Failing Endpoints  THS Total Endpoints     WPWS(ns)     TPWS(ns)  TPWS Failing Endpoints  TPWS Total Endpoints  
    -------      -------  ---------------------  -------------------      -------      -------  ---------------------  -------------------     --------     --------  ----------------------  --------------------  
     -2.594      -70.693                     49                 1062        0.129        0.000                      0                 1062        4.500        0.000                       0                   293  


Timing constraints are not met.


------------------------------------------------------------------------------------------------
| Clock Summary
| -------------
------------------------------------------------------------------------------------------------

Clock  Waveform(ns)       Period(ns)      Frequency(MHz)
-----  ------------       ----------      --------------
clk    {0.000 5.000}      10.000          100.000         


------------------------------------------------------------------------------------------------
| Intra Clock Table
| -----------------
------------------------------------------------------------------------------------------------

Clock             WNS(ns)      TNS(ns)  TNS Failing Endpoints  TNS Total Endpoints      WHS(ns)      THS(ns)  THS Failing Endpoints  THS Total Endpoints     WPWS(ns)     TPWS(ns)  TPWS Failing Endpoints  TPWS Total Endpoints  
-----             -------      -------  ---------------------  -------------------      -------      -------  ---------------------  -------------------     --------     --------  ----------------------  --------------------  
clk                -2.594      -70.693                     49                 1062        0.129        0.000                      0                 1062        4.500        0.000                       0                   293  


------------------------------------------------------------------------------------------------
| Inter Clock Table
| -----------------
------------------------------------------------------------------------------------------------

From Clock    To Clock          WNS(ns)      TNS(ns)  TNS Failing Endpoints  TNS Total Endpoints      WHS(ns)      THS(ns)  THS Failing Endpoints  THS Total Endpoints  
----------    --------          -------      -------  ---------------------  -------------------      -------      -------  ---------------------  -------------------  


------------------------------------------------------------------------------------------------
| Other Path Groups Table
| -----------------------
------------------------------------------------------------------------------------------------

Path Group    From Clock    To Clock          WNS(ns)      TNS(ns)  TNS Failing Endpoints  TNS Total Endpoints      WHS(ns)      THS(ns)  THS Failing Endpoints  THS Total Endpoints  
----------    ----------    --------          -------      -------  ---------------------  -------------------      -------      -------  ---------------------  -------------------  


------------------------------------------------------------------------------------------------
| Timing Details
| --------------
------------------------------------------------------------------------------------------------


---------------------------------------------------------------------------------------------------
From Clock:  clk
  To Clock:  clk

Setup :           49  Failing Endpoints,  Worst Slack       -2.594ns,  Total Violation      -70.693ns
Hold  :            0  Failing Endpoints,  Worst Slack        0.129ns,  Total Violation        0.000ns
PW    :            0  Failing Endpoints,  Worst Slack        4.500ns,  Total Violation        0.000ns
---------------------------------------------------------------------------------------------------


Max Delay Paths
--------------------------------------------------------------------------------------
Slack (VIOLATED) :        -2.594ns  (required time - arrival time)
  Source:                 u_ray_march/y_reg[13]/C
                            (rising edge-triggered cell FDCE clocked by clk  {rise@0.000ns fall@5.000ns period=10.000ns})
  Destination:            u_ray_march/x_reg[9]_rep/D
                            (rising edge-triggered cell FDCE clocked by clk  {rise@0.000ns fall@5.000ns period=10.000ns})
  Path Group:             clk
  Path Type:              Setup (Max at Slow Process Corner)
  Requirement:            10.000ns  (clk rise@10.000ns - clk rise@0.000ns)
  Data Path Delay:        12.168ns  (logic 2.722ns (22.370%)  route 9.446ns (77.630%))
  Logic Levels:           12  (CARRY4=2 LUT5=1 LUT6=9)
  Clock Path Skew:        -0.145ns (DCD - SCD + CPR)
    Destination Clock Delay (DCD):    2.129ns = ( 12.129 - 10.000 ) 
    Source Clock Delay      (SCD):    2.453ns
    Clock Pessimism Removal (CPR):    0.179ns
  Clock Uncertainty:      0.035ns  ((TSJ^2 + TIJ^2)^1/2 + DJ) / 2 + PE
    Total System Jitter     (TSJ):    0.071ns
    Total Input Jitter      (TIJ):    0.000ns
    Discrete Jitter          (DJ):    0.000ns
    Phase Error              (PE):    0.000ns

    Location             Delay type                Incr(ns)  Path(ns)    Netlist Resource(s)
  -------------------------------------------------------------------    -------------------
                         (clock clk rise edge)        0.000     0.000 r  
                                                      0.000     0.000 r  clk (IN)
                         net (fo=0)                   0.000     0.000    clk
                         IBUF (Prop_ibuf_I_O)         0.973     0.973 r  clk_IBUF_inst/O
                         net (fo=1, unplaced)         0.800     1.773    clk_IBUF
                         BUFG (Prop_bufg_I_O)         0.096     1.869 r  clk_IBUF_BUFG_inst/O
                         net (fo=292, unplaced)       0.584     2.453    u_ray_march/clk_IBUF_BUFG
                         FDCE                                         r  u_ray_march/y_reg[13]/C
  -------------------------------------------------------------------    -------------------
                         FDCE (Prop_fdce_C_Q)         0.456     2.909 r  u_ray_march/y_reg[13]/Q
                         net (fo=6, unplaced)         0.997     3.906    u_ray_march/y_reg[13]
                         LUT6 (Prop_lut6_I0_O)        0.295     4.201 r  u_ray_march/running_i_5/O
                         net (fo=60, unplaced)        0.536     4.737    u_ray_march/running_i_5_n_0
                         LUT6 (Prop_lut6_I5_O)        0.124     4.861 r  u_ray_march/running_i_3/O
                         net (fo=371, unplaced)       1.035     5.896    u_ray_march/running_i_3_n_0
                         LUT6 (Prop_lut6_I1_O)        0.124     6.020 r  u_ray_march/x[0]_i_958/O
                         net (fo=3, unplaced)         0.920     6.940    u_ray_march/x[0]_i_958_n_0
                         LUT6 (Prop_lut6_I0_O)        0.124     7.064 r  u_ray_march/x[0]_i_539/O
                         net (fo=1, unplaced)         0.419     7.483    u_ray_march/x[0]_i_539_n_0
                         LUT5 (Prop_lut5_I2_O)        0.124     7.607 r  u_ray_march/x[0]_i_233/O
                         net (fo=1, unplaced)         0.902     8.509    u_ray_march/x[0]_i_233_n_0
                         LUT6 (Prop_lut6_I1_O)        0.124     8.633 r  u_ray_march/x[0]_i_99/O
                         net (fo=1, unplaced)         0.902     9.535    u_ray_march/x[0]_i_99_n_0
                         LUT6 (Prop_lut6_I1_O)        0.124     9.659 r  u_ray_march/x[0]_i_49/O
                         net (fo=1, unplaced)         0.902    10.561    u_ray_march/x[0]_i_49_n_0
                         LUT6 (Prop_lut6_I3_O)        0.124    10.685 r  u_ray_march/x[0]_i_28/O
                         net (fo=1, unplaced)         0.449    11.134    u_ray_march/x[0]_i_28_n_0
                         LUT6 (Prop_lut6_I5_O)        0.124    11.258 r  u_ray_march/x[0]_i_12/O
                         net (fo=56, unplaced)        1.196    12.454    u_ray_march/x[0]_i_12_n_0
                         LUT6 (Prop_lut6_I2_O)        0.124    12.578 r  u_ray_march/x[4]_i_4/O
                         net (fo=1, unplaced)         0.639    13.217    u_ray_march/x[4]_i_4_n_0
                         CARRY4 (Prop_carry4_DI[1]_CO[3])
                                                      0.507    13.724 r  u_ray_march/x_reg[4]_i_1/CO[3]
                         net (fo=1, unplaced)         0.000    13.724    u_ray_march/x_reg[4]_i_1_n_0
                         CARRY4 (Prop_carry4_CI_O[1])
                                                      0.348    14.072 r  u_ray_march/x_reg[8]_i_1/O[1]
                         net (fo=4, unplaced)         0.549    14.621    u_ray_march/x_reg[8]_i_1_n_6
                         FDCE                                         r  u_ray_march/x_reg[9]_rep/D
  -------------------------------------------------------------------    -------------------

                         (clock clk rise edge)       10.000    10.000 r  
                                                      0.000    10.000 r  clk (IN)
                         net (fo=0)                   0.000    10.000    clk
                         IBUF (Prop_ibuf_I_O)         0.840    10.840 r  clk_IBUF_inst/O
                         net (fo=1, unplaced)         0.760    11.599    clk_IBUF
                         BUFG (Prop_bufg_I_O)         0.091    11.690 r  clk_IBUF_BUFG_inst/O
                         net (fo=292, unplaced)       0.439    12.129    u_ray_march/clk_IBUF_BUFG
                         FDCE                                         r  u_ray_march/x_reg[9]_rep/C
                         clock pessimism              0.179    12.308    
                         clock uncertainty           -0.035    12.273    
                         FDCE (Setup_fdce_C_D)       -0.246    12.027    u_ray_march/x_reg[9]_rep
  -------------------------------------------------------------------
                         required time                         12.027    
                         arrival time                         -14.621    
  -------------------------------------------------------------------
                         slack                                 -2.594    

Slack (VIOLATED) :        -2.594ns  (required time - arrival time)
  Source:                 u_ray_march/y_reg[13]/C
                            (rising edge-triggered cell FDCE clocked by clk  {rise@0.000ns fall@5.000ns period=10.000ns})
  Destination:            u_ray_march/x_reg[9]_rep__0/D
                            (rising edge-triggered cell FDCE clocked by clk  {rise@0.000ns fall@5.000ns period=10.000ns})
  Path Group:             clk
  Path Type:              Setup (Max at Slow Process Corner)
  Requirement:            10.000ns  (clk rise@10.000ns - clk rise@0.000ns)
  Data Path Delay:        12.168ns  (logic 2.722ns (22.370%)  route 9.446ns (77.630%))
  Logic Levels:           12  (CARRY4=2 LUT5=1 LUT6=9)
  Clock Path Skew:        -0.145ns (DCD - SCD + CPR)
    Destination Clock Delay (DCD):    2.129ns = ( 12.129 - 10.000 ) 
    Source Clock Delay      (SCD):    2.453ns
    Clock Pessimism Removal (CPR):    0.179ns
  Clock Uncertainty:      0.035ns  ((TSJ^2 + TIJ^2)^1/2 + DJ) / 2 + PE
    Total System Jitter     (TSJ):    0.071ns
    Total Input Jitter      (TIJ):    0.000ns
    Discrete Jitter          (DJ):    0.000ns
    Phase Error              (PE):    0.000ns

    Location             Delay type                Incr(ns)  Path(ns)    Netlist Resource(s)
  -------------------------------------------------------------------    -------------------
                         (clock clk rise edge)        0.000     0.000 r  
                                                      0.000     0.000 r  clk (IN)
                         net (fo=0)                   0.000     0.000    clk
                         IBUF (Prop_ibuf_I_O)         0.973     0.973 r  clk_IBUF_inst/O
                         net (fo=1, unplaced)         0.800     1.773    clk_IBUF
                         BUFG (Prop_bufg_I_O)         0.096     1.869 r  clk_IBUF_BUFG_inst/O
                         net (fo=292, unplaced)       0.584     2.453    u_ray_march/clk_IBUF_BUFG
                         FDCE                                         r  u_ray_march/y_reg[13]/C
  -------------------------------------------------------------------    -------------------
                         FDCE (Prop_fdce_C_Q)         0.456     2.909 r  u_ray_march/y_reg[13]/Q
                         net (fo=6, unplaced)         0.997     3.906    u_ray_march/y_reg[13]
                         LUT6 (Prop_lut6_I0_O)        0.295     4.201 r  u_ray_march/running_i_5/O
                         net (fo=60, unplaced)        0.536     4.737    u_ray_march/running_i_5_n_0
                         LUT6 (Prop_lut6_I5_O)        0.124     4.861 r  u_ray_march/running_i_3/O
                         net (fo=371, unplaced)       1.035     5.896    u_ray_march/running_i_3_n_0
                         LUT6 (Prop_lut6_I1_O)        0.124     6.020 r  u_ray_march/x[0]_i_958/O
                         net (fo=3, unplaced)         0.920     6.940    u_ray_march/x[0]_i_958_n_0
                         LUT6 (Prop_lut6_I0_O)        0.124     7.064 r  u_ray_march/x[0]_i_539/O
                         net (fo=1, unplaced)         0.419     7.483    u_ray_march/x[0]_i_539_n_0
                         LUT5 (Prop_lut5_I2_O)        0.124     7.607 r  u_ray_march/x[0]_i_233/O
                         net (fo=1, unplaced)         0.902     8.509    u_ray_march/x[0]_i_233_n_0
                         LUT6 (Prop_lut6_I1_O)        0.124     8.633 r  u_ray_march/x[0]_i_99/O
                         net (fo=1, unplaced)         0.902     9.535    u_ray_march/x[0]_i_99_n_0
                         LUT6 (Prop_lut6_I1_O)        0.124     9.659 r  u_ray_march/x[0]_i_49/O
                         net (fo=1, unplaced)         0.902    10.561    u_ray_march/x[0]_i_49_n_0
                         LUT6 (Prop_lut6_I3_O)        0.124    10.685 r  u_ray_march/x[0]_i_28/O
                         net (fo=1, unplaced)         0.449    11.134    u_ray_march/x[0]_i_28_n_0
                         LUT6 (Prop_lut6_I5_O)        0.124    11.258 r  u_ray_march/x[0]_i_12/O
                         net (fo=56, unplaced)        1.196    12.454    u_ray_march/x[0]_i_12_n_0
                         LUT6 (Prop_lut6_I2_O)        0.124    12.578 r  u_ray_march/x[4]_i_4/O
                         net (fo=1, unplaced)         0.639    13.217    u_ray_march/x[4]_i_4_n_0
                         CARRY4 (Prop_carry4_DI[1]_CO[3])
                                                      0.507    13.724 r  u_ray_march/x_reg[4]_i_1/CO[3]
                         net (fo=1, unplaced)         0.000    13.724    u_ray_march/x_reg[4]_i_1_n_0
                         CARRY4 (Prop_carry4_CI_O[1])
                                                      0.348    14.072 r  u_ray_march/x_reg[8]_i_1/O[1]
                         net (fo=4, unplaced)         0.549    14.621    u_ray_march/x_reg[8]_i_1_n_6
                         FDCE                                         r  u_ray_march/x_reg[9]_rep__0/D
  -------------------------------------------------------------------    -------------------

                         (clock clk rise edge)       10.000    10.000 r  
                                                      0.000    10.000 r  clk (IN)
                         net (fo=0)                   0.000    10.000    clk
                         IBUF (Prop_ibuf_I_O)         0.840    10.840 r  clk_IBUF_inst/O
                         net (fo=1, unplaced)         0.760    11.599    clk_IBUF
                         BUFG (Prop_bufg_I_O)         0.091    11.690 r  clk_IBUF_BUFG_inst/O
                         net (fo=292, unplaced)       0.439    12.129    u_ray_march/clk_IBUF_BUFG
                         FDCE                                         r  u_ray_march/x_reg[9]_rep__0/C
                         clock pessimism              0.179    12.308    
                         clock uncertainty           -0.035    12.273    
                         FDCE (Setup_fdce_C_D)       -0.246    12.027    u_ray_march/x_reg[9]_rep__0
  -------------------------------------------------------------------
                         required time                         12.027    
                         arrival time                         -14.621    
  -------------------------------------------------------------------
                         slack                                 -2.594    

Slack (VIOLATED) :        -2.594ns  (required time - arrival time)
  Source:                 u_ray_march/y_reg[13]/C
                            (rising edge-triggered cell FDCE clocked by clk  {rise@0.000ns fall@5.000ns period=10.000ns})
  Destination:            u_ray_march/x_reg[9]_rep__1/D
                            (rising edge-triggered cell FDCE clocked by clk  {rise@0.000ns fall@5.000ns period=10.000ns})
  Path Group:             clk
  Path Type:              Setup (Max at Slow Process Corner)
  Requirement:            10.000ns  (clk rise@10.000ns - clk rise@0.000ns)
  Data Path Delay:        12.168ns  (logic 2.722ns (22.370%)  route 9.446ns (77.630%))
  Logic Levels:           12  (CARRY4=2 LUT5=1 LUT6=9)
  Clock Path Skew:        -0.145ns (DCD - SCD + CPR)
    Destination Clock Delay (DCD):    2.129ns = ( 12.129 - 10.000 ) 
    Source Clock Delay      (SCD):    2.453ns
    Clock Pessimism Removal (CPR):    0.179ns
  Clock Uncertainty:      0.035ns  ((TSJ^2 + TIJ^2)^1/2 + DJ) / 2 + PE
    Total System Jitter     (TSJ):    0.071ns
    Total Input Jitter      (TIJ):    0.000ns
    Discrete Jitter          (DJ):    0.000ns
    Phase Error              (PE):    0.000ns

    Location             Delay type                Incr(ns)  Path(ns)    Netlist Resource(s)
  -------------------------------------------------------------------    -------------------
                         (clock clk rise edge)        0.000     0.000 r  
                                                      0.000     0.000 r  clk (IN)
                         net (fo=0)                   0.000     0.000    clk
                         IBUF (Prop_ibuf_I_O)         0.973     0.973 r  clk_IBUF_inst/O
                         net (fo=1, unplaced)         0.800     1.773    clk_IBUF
                         BUFG (Prop_bufg_I_O)         0.096     1.869 r  clk_IBUF_BUFG_inst/O
                         net (fo=292, unplaced)       0.584     2.453    u_ray_march/clk_IBUF_BUFG
                         FDCE                                         r  u_ray_march/y_reg[13]/C
  -------------------------------------------------------------------    -------------------
                         FDCE (Prop_fdce_C_Q)         0.456     2.909 r  u_ray_march/y_reg[13]/Q
                         net (fo=6, unplaced)         0.997     3.906    u_ray_march/y_reg[13]
                         LUT6 (Prop_lut6_I0_O)        0.295     4.201 r  u_ray_march/running_i_5/O
                         net (fo=60, unplaced)        0.536     4.737    u_ray_march/running_i_5_n_0
                         LUT6 (Prop_lut6_I5_O)        0.124     4.861 r  u_ray_march/running_i_3/O
                         net (fo=371, unplaced)       1.035     5.896    u_ray_march/running_i_3_n_0
                         LUT6 (Prop_lut6_I1_O)        0.124     6.020 r  u_ray_march/x[0]_i_958/O
                         net (fo=3, unplaced)         0.920     6.940    u_ray_march/x[0]_i_958_n_0
                         LUT6 (Prop_lut6_I0_O)        0.124     7.064 r  u_ray_march/x[0]_i_539/O
                         net (fo=1, unplaced)         0.419     7.483    u_ray_march/x[0]_i_539_n_0
                         LUT5 (Prop_lut5_I2_O)        0.124     7.607 r  u_ray_march/x[0]_i_233/O
                         net (fo=1, unplaced)         0.902     8.509    u_ray_march/x[0]_i_233_n_0
                         LUT6 (Prop_lut6_I1_O)        0.124     8.633 r  u_ray_march/x[0]_i_99/O
                         net (fo=1, unplaced)         0.902     9.535    u_ray_march/x[0]_i_99_n_0
                         LUT6 (Prop_lut6_I1_O)        0.124     9.659 r  u_ray_march/x[0]_i_49/O
                         net (fo=1, unplaced)         0.902    10.561    u_ray_march/x[0]_i_49_n_0
                         LUT6 (Prop_lut6_I3_O)        0.124    10.685 r  u_ray_march/x[0]_i_28/O
                         net (fo=1, unplaced)         0.449    11.134    u_ray_march/x[0]_i_28_n_0
                         LUT6 (Prop_lut6_I5_O)        0.124    11.258 r  u_ray_march/x[0]_i_12/O
                         net (fo=56, unplaced)        1.196    12.454    u_ray_march/x[0]_i_12_n_0
                         LUT6 (Prop_lut6_I2_O)        0.124    12.578 r  u_ray_march/x[4]_i_4/O
                         net (fo=1, unplaced)         0.639    13.217    u_ray_march/x[4]_i_4_n_0
                         CARRY4 (Prop_carry4_DI[1]_CO[3])
                                                      0.507    13.724 r  u_ray_march/x_reg[4]_i_1/CO[3]
                         net (fo=1, unplaced)         0.000    13.724    u_ray_march/x_reg[4]_i_1_n_0
                         CARRY4 (Prop_carry4_CI_O[1])
                                                      0.348    14.072 r  u_ray_march/x_reg[8]_i_1/O[1]
                         net (fo=4, unplaced)         0.549    14.621    u_ray_march/x_reg[8]_i_1_n_6
                         FDCE                                         r  u_ray_march/x_reg[9]_rep__1/D
  -------------------------------------------------------------------    -------------------

                         (clock clk rise edge)       10.000    10.000 r  
                                                      0.000    10.000 r  clk (IN)
                         net (fo=0)                   0.000    10.000    clk
                         IBUF (Prop_ibuf_I_O)         0.840    10.840 r  clk_IBUF_inst/O
                         net (fo=1, unplaced)         0.760    11.599    clk_IBUF
                         BUFG (Prop_bufg_I_O)         0.091    11.690 r  clk_IBUF_BUFG_inst/O
                         net (fo=292, unplaced)       0.439    12.129    u_ray_march/clk_IBUF_BUFG
                         FDCE                                         r  u_ray_march/x_reg[9]_rep__1/C
                         clock pessimism              0.179    12.308    
                         clock uncertainty           -0.035    12.273    
                         FDCE (Setup_fdce_C_D)       -0.246    12.027    u_ray_march/x_reg[9]_rep__1
  -------------------------------------------------------------------
                         required time                         12.027    
                         arrival time                         -14.621    
  -------------------------------------------------------------------
                         slack                                 -2.594    

Slack (VIOLATED) :        -2.273ns  (required time - arrival time)
  Source:                 u_ray_march/y_reg[13]/C
                            (rising edge-triggered cell FDCE clocked by clk  {rise@0.000ns fall@5.000ns period=10.000ns})
  Destination:            u_ray_march/x_reg[8]_rep/D
                            (rising edge-triggered cell FDCE clocked by clk  {rise@0.000ns fall@5.000ns period=10.000ns})
  Path Group:             clk
  Path Type:              Setup (Max at Slow Process Corner)
  Requirement:            10.000ns  (clk rise@10.000ns - clk rise@0.000ns)
  Data Path Delay:        11.858ns  (logic 2.609ns (22.002%)  route 9.249ns (77.998%))
  Logic Levels:           12  (CARRY4=2 LUT5=1 LUT6=9)
  Clock Path Skew:        -0.145ns (DCD - SCD + CPR)
    Destination Clock Delay (DCD):    2.129ns = ( 12.129 - 10.000 ) 
    Source Clock Delay      (SCD):    2.453ns
    Clock Pessimism Removal (CPR):    0.179ns
  Clock Uncertainty:      0.035ns  ((TSJ^2 + TIJ^2)^1/2 + DJ) / 2 + PE
    Total System Jitter     (TSJ):    0.071ns
    Total Input Jitter      (TIJ):    0.000ns
    Discrete Jitter          (DJ):    0.000ns
    Phase Error              (PE):    0.000ns

    Location             Delay type                Incr(ns)  Path(ns)    Netlist Resource(s)
  -------------------------------------------------------------------    -------------------
                         (clock clk rise edge)        0.000     0.000 r  
                                                      0.000     0.000 r  clk (IN)
                         net (fo=0)                   0.000     0.000    clk
                         IBUF (Prop_ibuf_I_O)         0.973     0.973 r  clk_IBUF_inst/O
                         net (fo=1, unplaced)         0.800     1.773    clk_IBUF
                         BUFG (Prop_bufg_I_O)         0.096     1.869 r  clk_IBUF_BUFG_inst/O
                         net (fo=292, unplaced)       0.584     2.453    u_ray_march/clk_IBUF_BUFG
                         FDCE                                         r  u_ray_march/y_reg[13]/C
  -------------------------------------------------------------------    -------------------
                         FDCE (Prop_fdce_C_Q)         0.456     2.909 r  u_ray_march/y_reg[13]/Q
                         net (fo=6, unplaced)         0.997     3.906    u_ray_march/y_reg[13]
                         LUT6 (Prop_lut6_I0_O)        0.295     4.201 r  u_ray_march/running_i_5/O
                         net (fo=60, unplaced)        0.536     4.737    u_ray_march/running_i_5_n_0
                         LUT6 (Prop_lut6_I5_O)        0.124     4.861 r  u_ray_march/running_i_3/O
                         net (fo=371, unplaced)       1.035     5.896    u_ray_march/running_i_3_n_0
                         LUT6 (Prop_lut6_I1_O)        0.124     6.020 r  u_ray_march/x[0]_i_958/O
                         net (fo=3, unplaced)         0.920     6.940    u_ray_march/x[0]_i_958_n_0
                         LUT6 (Prop_lut6_I0_O)        0.124     7.064 r  u_ray_march/x[0]_i_539/O
                         net (fo=1, unplaced)         0.419     7.483    u_ray_march/x[0]_i_539_n_0
                         LUT5 (Prop_lut5_I2_O)        0.124     7.607 r  u_ray_march/x[0]_i_233/O
                         net (fo=1, unplaced)         0.902     8.509    u_ray_march/x[0]_i_233_n_0
                         LUT6 (Prop_lut6_I1_O)        0.124     8.633 r  u_ray_march/x[0]_i_99/O
                         net (fo=1, unplaced)         0.902     9.535    u_ray_march/x[0]_i_99_n_0
                         LUT6 (Prop_lut6_I1_O)        0.124     9.659 r  u_ray_march/x[0]_i_49/O
                         net (fo=1, unplaced)         0.902    10.561    u_ray_march/x[0]_i_49_n_0
                         LUT6 (Prop_lut6_I3_O)        0.124    10.685 r  u_ray_march/x[0]_i_28/O
                         net (fo=1, unplaced)         0.449    11.134    u_ray_march/x[0]_i_28_n_0
                         LUT6 (Prop_lut6_I5_O)        0.124    11.258 r  u_ray_march/x[0]_i_12/O
                         net (fo=56, unplaced)        1.196    12.454    u_ray_march/x[0]_i_12_n_0
                         LUT6 (Prop_lut6_I2_O)        0.124    12.578 r  u_ray_march/x[4]_i_4/O
                         net (fo=1, unplaced)         0.639    13.217    u_ray_march/x[4]_i_4_n_0
                         CARRY4 (Prop_carry4_DI[1]_CO[3])
                                                      0.507    13.724 r  u_ray_march/x_reg[4]_i_1/CO[3]
                         net (fo=1, unplaced)         0.000    13.724    u_ray_march/x_reg[4]_i_1_n_0
                         CARRY4 (Prop_carry4_CI_O[0])
                                                      0.235    13.959 r  u_ray_march/x_reg[8]_i_1/O[0]
                         net (fo=3, unplaced)         0.352    14.311    u_ray_march/x_reg[8]_i_1_n_7
                         FDCE                                         r  u_ray_march/x_reg[8]_rep/D
  -------------------------------------------------------------------    -------------------

                         (clock clk rise edge)       10.000    10.000 r  
                                                      0.000    10.000 r  clk (IN)
                         net (fo=0)                   0.000    10.000    clk
                         IBUF (Prop_ibuf_I_O)         0.840    10.840 r  clk_IBUF_inst/O
                         net (fo=1, unplaced)         0.760    11.599    clk_IBUF
                         BUFG (Prop_bufg_I_O)         0.091    11.690 r  clk_IBUF_BUFG_inst/O
                         net (fo=292, unplaced)       0.439    12.129    u_ray_march/clk_IBUF_BUFG
                         FDCE                                         r  u_ray_march/x_reg[8]_rep/C
                         clock pessimism              0.179    12.308    
                         clock uncertainty           -0.035    12.273    
                         FDCE (Setup_fdce_C_D)       -0.235    12.038    u_ray_march/x_reg[8]_rep
  -------------------------------------------------------------------
                         required time                         12.038    
                         arrival time                         -14.311    
  -------------------------------------------------------------------
                         slack                                 -2.273    

Slack (VIOLATED) :        -2.273ns  (required time - arrival time)
  Source:                 u_ray_march/y_reg[13]/C
                            (rising edge-triggered cell FDCE clocked by clk  {rise@0.000ns fall@5.000ns period=10.000ns})
  Destination:            u_ray_march/x_reg[8]_rep__0/D
                            (rising edge-triggered cell FDCE clocked by clk  {rise@0.000ns fall@5.000ns period=10.000ns})
  Path Group:             clk
  Path Type:              Setup (Max at Slow Process Corner)
  Requirement:            10.000ns  (clk rise@10.000ns - clk rise@0.000ns)
  Data Path Delay:        11.858ns  (logic 2.609ns (22.002%)  route 9.249ns (77.998%))
  Logic Levels:           12  (CARRY4=2 LUT5=1 LUT6=9)
  Clock Path Skew:        -0.145ns (DCD - SCD + CPR)
    Destination Clock Delay (DCD):    2.129ns = ( 12.129 - 10.000 ) 
    Source Clock Delay      (SCD):    2.453ns
    Clock Pessimism Removal (CPR):    0.179ns
  Clock Uncertainty:      0.035ns  ((TSJ^2 + TIJ^2)^1/2 + DJ) / 2 + PE
    Total System Jitter     (TSJ):    0.071ns
    Total Input Jitter      (TIJ):    0.000ns
    Discrete Jitter          (DJ):    0.000ns
    Phase Error              (PE):    0.000ns

    Location             Delay type                Incr(ns)  Path(ns)    Netlist Resource(s)
  -------------------------------------------------------------------    -------------------
                         (clock clk rise edge)        0.000     0.000 r  
                                                      0.000     0.000 r  clk (IN)
                         net (fo=0)                   0.000     0.000    clk
                         IBUF (Prop_ibuf_I_O)         0.973     0.973 r  clk_IBUF_inst/O
                         net (fo=1, unplaced)         0.800     1.773    clk_IBUF
                         BUFG (Prop_bufg_I_O)         0.096     1.869 r  clk_IBUF_BUFG_inst/O
                         net (fo=292, unplaced)       0.584     2.453    u_ray_march/clk_IBUF_BUFG
                         FDCE                                         r  u_ray_march/y_reg[13]/C
  -------------------------------------------------------------------    -------------------
                         FDCE (Prop_fdce_C_Q)         0.456     2.909 r  u_ray_march/y_reg[13]/Q
                         net (fo=6, unplaced)         0.997     3.906    u_ray_march/y_reg[13]
                         LUT6 (Prop_lut6_I0_O)        0.295     4.201 r  u_ray_march/running_i_5/O
                         net (fo=60, unplaced)        0.536     4.737    u_ray_march/running_i_5_n_0
                         LUT6 (Prop_lut6_I5_O)        0.124     4.861 r  u_ray_march/running_i_3/O
                         net (fo=371, unplaced)       1.035     5.896    u_ray_march/running_i_3_n_0
                         LUT6 (Prop_lut6_I1_O)        0.124     6.020 r  u_ray_march/x[0]_i_958/O
                         net (fo=3, unplaced)         0.920     6.940    u_ray_march/x[0]_i_958_n_0
                         LUT6 (Prop_lut6_I0_O)        0.124     7.064 r  u_ray_march/x[0]_i_539/O
                         net (fo=1, unplaced)         0.419     7.483    u_ray_march/x[0]_i_539_n_0
                         LUT5 (Prop_lut5_I2_O)        0.124     7.607 r  u_ray_march/x[0]_i_233/O
                         net (fo=1, unplaced)         0.902     8.509    u_ray_march/x[0]_i_233_n_0
                         LUT6 (Prop_lut6_I1_O)        0.124     8.633 r  u_ray_march/x[0]_i_99/O
                         net (fo=1, unplaced)         0.902     9.535    u_ray_march/x[0]_i_99_n_0
                         LUT6 (Prop_lut6_I1_O)        0.124     9.659 r  u_ray_march/x[0]_i_49/O
                         net (fo=1, unplaced)         0.902    10.561    u_ray_march/x[0]_i_49_n_0
                         LUT6 (Prop_lut6_I3_O)        0.124    10.685 r  u_ray_march/x[0]_i_28/O
                         net (fo=1, unplaced)         0.449    11.134    u_ray_march/x[0]_i_28_n_0
                         LUT6 (Prop_lut6_I5_O)        0.124    11.258 r  u_ray_march/x[0]_i_12/O
                         net (fo=56, unplaced)        1.196    12.454    u_ray_march/x[0]_i_12_n_0
                         LUT6 (Prop_lut6_I2_O)        0.124    12.578 r  u_ray_march/x[4]_i_4/O
                         net (fo=1, unplaced)         0.639    13.217    u_ray_march/x[4]_i_4_n_0
                         CARRY4 (Prop_carry4_DI[1]_CO[3])
                                                      0.507    13.724 r  u_ray_march/x_reg[4]_i_1/CO[3]
                         net (fo=1, unplaced)         0.000    13.724    u_ray_march/x_reg[4]_i_1_n_0
                         CARRY4 (Prop_carry4_CI_O[0])
                                                      0.235    13.959 r  u_ray_march/x_reg[8]_i_1/O[0]
                         net (fo=3, unplaced)         0.352    14.311    u_ray_march/x_reg[8]_i_1_n_7
                         FDCE                                         r  u_ray_march/x_reg[8]_rep__0/D
  -------------------------------------------------------------------    -------------------

                         (clock clk rise edge)       10.000    10.000 r  
                                                      0.000    10.000 r  clk (IN)
                         net (fo=0)                   0.000    10.000    clk
                         IBUF (Prop_ibuf_I_O)         0.840    10.840 r  clk_IBUF_inst/O
                         net (fo=1, unplaced)         0.760    11.599    clk_IBUF
                         BUFG (Prop_bufg_I_O)         0.091    11.690 r  clk_IBUF_BUFG_inst/O
                         net (fo=292, unplaced)       0.439    12.129    u_ray_march/clk_IBUF_BUFG
                         FDCE                                         r  u_ray_march/x_reg[8]_rep__0/C
                         clock pessimism              0.179    12.308    
                         clock uncertainty           -0.035    12.273    
                         FDCE (Setup_fdce_C_D)       -0.235    12.038    u_ray_march/x_reg[8]_rep__0
  -------------------------------------------------------------------
                         required time                         12.038    
                         arrival time                         -14.311    
  -------------------------------------------------------------------
                         slack                                 -2.273    

Slack (VIOLATED) :        -2.273ns  (required time - arrival time)
  Source:                 u_ray_march/y_reg[13]/C
                            (rising edge-triggered cell FDCE clocked by clk  {rise@0.000ns fall@5.000ns period=10.000ns})
  Destination:            u_ray_march/y_reg[8]_rep/D
                            (rising edge-triggered cell FDCE clocked by clk  {rise@0.000ns fall@5.000ns period=10.000ns})
  Path Group:             clk
  Path Type:              Setup (Max at Slow Process Corner)
  Requirement:            10.000ns  (clk rise@10.000ns - clk rise@0.000ns)
  Data Path Delay:        11.858ns  (logic 2.609ns (22.002%)  route 9.249ns (77.998%))
  Logic Levels:           12  (CARRY4=2 LUT5=1 LUT6=9)
  Clock Path Skew:        -0.145ns (DCD - SCD + CPR)
    Destination Clock Delay (DCD):    2.129ns = ( 12.129 - 10.000 ) 
    Source Clock Delay      (SCD):    2.453ns
    Clock Pessimism Removal (CPR):    0.179ns
  Clock Uncertainty:      0.035ns  ((TSJ^2 + TIJ^2)^1/2 + DJ) / 2 + PE
    Total System Jitter     (TSJ):    0.071ns
    Total Input Jitter      (TIJ):    0.000ns
    Discrete Jitter          (DJ):    0.000ns
    Phase Error              (PE):    0.000ns

    Location             Delay type                Incr(ns)  Path(ns)    Netlist Resource(s)
  -------------------------------------------------------------------    -------------------
                         (clock clk rise edge)        0.000     0.000 r  
                                                      0.000     0.000 r  clk (IN)
                         net (fo=0)                   0.000     0.000    clk
                         IBUF (Prop_ibuf_I_O)         0.973     0.973 r  clk_IBUF_inst/O
                         net (fo=1, unplaced)         0.800     1.773    clk_IBUF
                         BUFG (Prop_bufg_I_O)         0.096     1.869 r  clk_IBUF_BUFG_inst/O
                         net (fo=292, unplaced)       0.584     2.453    u_ray_march/clk_IBUF_BUFG
                         FDCE                                         r  u_ray_march/y_reg[13]/C
  -------------------------------------------------------------------    -------------------
                         FDCE (Prop_fdce_C_Q)         0.456     2.909 r  u_ray_march/y_reg[13]/Q
                         net (fo=6, unplaced)         0.997     3.906    u_ray_march/y_reg[13]
                         LUT6 (Prop_lut6_I0_O)        0.295     4.201 r  u_ray_march/running_i_5/O
                         net (fo=60, unplaced)        0.536     4.737    u_ray_march/running_i_5_n_0
                         LUT6 (Prop_lut6_I5_O)        0.124     4.861 r  u_ray_march/running_i_3/O
                         net (fo=371, unplaced)       1.035     5.896    u_ray_march/running_i_3_n_0
                         LUT6 (Prop_lut6_I1_O)        0.124     6.020 r  u_ray_march/x[0]_i_958/O
                         net (fo=3, unplaced)         0.920     6.940    u_ray_march/x[0]_i_958_n_0
                         LUT6 (Prop_lut6_I0_O)        0.124     7.064 r  u_ray_march/x[0]_i_539/O
                         net (fo=1, unplaced)         0.419     7.483    u_ray_march/x[0]_i_539_n_0
                         LUT5 (Prop_lut5_I2_O)        0.124     7.607 r  u_ray_march/x[0]_i_233/O
                         net (fo=1, unplaced)         0.902     8.509    u_ray_march/x[0]_i_233_n_0
                         LUT6 (Prop_lut6_I1_O)        0.124     8.633 r  u_ray_march/x[0]_i_99/O
                         net (fo=1, unplaced)         0.902     9.535    u_ray_march/x[0]_i_99_n_0
                         LUT6 (Prop_lut6_I1_O)        0.124     9.659 r  u_ray_march/x[0]_i_49/O
                         net (fo=1, unplaced)         0.902    10.561    u_ray_march/x[0]_i_49_n_0
                         LUT6 (Prop_lut6_I3_O)        0.124    10.685 r  u_ray_march/x[0]_i_28/O
                         net (fo=1, unplaced)         0.449    11.134    u_ray_march/x[0]_i_28_n_0
                         LUT6 (Prop_lut6_I5_O)        0.124    11.258 r  u_ray_march/x[0]_i_12/O
                         net (fo=56, unplaced)        1.196    12.454    u_ray_march/x[0]_i_12_n_0
                         LUT6 (Prop_lut6_I2_O)        0.124    12.578 r  u_ray_march/y[4]_i_4/O
                         net (fo=1, unplaced)         0.639    13.217    u_ray_march/y[4]_i_4_n_0
                         CARRY4 (Prop_carry4_DI[1]_CO[3])
                                                      0.507    13.724 r  u_ray_march/y_reg[4]_i_1/CO[3]
                         net (fo=1, unplaced)         0.000    13.724    u_ray_march/y_reg[4]_i_1_n_0
                         CARRY4 (Prop_carry4_CI_O[0])
                                                      0.235    13.959 r  u_ray_march/y_reg[8]_i_1/O[0]
                         net (fo=3, unplaced)         0.352    14.311    u_ray_march/y_reg[8]_i_1_n_7
                         FDCE                                         r  u_ray_march/y_reg[8]_rep/D
  -------------------------------------------------------------------    -------------------

                         (clock clk rise edge)       10.000    10.000 r  
                                                      0.000    10.000 r  clk (IN)
                         net (fo=0)                   0.000    10.000    clk
                         IBUF (Prop_ibuf_I_O)         0.840    10.840 r  clk_IBUF_inst/O
                         net (fo=1, unplaced)         0.760    11.599    clk_IBUF
                         BUFG (Prop_bufg_I_O)         0.091    11.690 r  clk_IBUF_BUFG_inst/O
                         net (fo=292, unplaced)       0.439    12.129    u_ray_march/clk_IBUF_BUFG
                         FDCE                                         r  u_ray_march/y_reg[8]_rep/C
                         clock pessimism              0.179    12.308    
                         clock uncertainty           -0.035    12.273    
                         FDCE (Setup_fdce_C_D)       -0.235    12.038    u_ray_march/y_reg[8]_rep
  -------------------------------------------------------------------
                         required time                         12.038    
                         arrival time                         -14.311    
  -------------------------------------------------------------------
                         slack                                 -2.273    

Slack (VIOLATED) :        -2.273ns  (required time - arrival time)
  Source:                 u_ray_march/y_reg[13]/C
                            (rising edge-triggered cell FDCE clocked by clk  {rise@0.000ns fall@5.000ns period=10.000ns})
  Destination:            u_ray_march/y_reg[8]_rep__0/D
                            (rising edge-triggered cell FDCE clocked by clk  {rise@0.000ns fall@5.000ns period=10.000ns})
  Path Group:             clk
  Path Type:              Setup (Max at Slow Process Corner)
  Requirement:            10.000ns  (clk rise@10.000ns - clk rise@0.000ns)
  Data Path Delay:        11.858ns  (logic 2.609ns (22.002%)  route 9.249ns (77.998%))
  Logic Levels:           12  (CARRY4=2 LUT5=1 LUT6=9)
  Clock Path Skew:        -0.145ns (DCD - SCD + CPR)
    Destination Clock Delay (DCD):    2.129ns = ( 12.129 - 10.000 ) 
    Source Clock Delay      (SCD):    2.453ns
    Clock Pessimism Removal (CPR):    0.179ns
  Clock Uncertainty:      0.035ns  ((TSJ^2 + TIJ^2)^1/2 + DJ) / 2 + PE
    Total System Jitter     (TSJ):    0.071ns
    Total Input Jitter      (TIJ):    0.000ns
    Discrete Jitter          (DJ):    0.000ns
    Phase Error              (PE):    0.000ns

    Location             Delay type                Incr(ns)  Path(ns)    Netlist Resource(s)
  -------------------------------------------------------------------    -------------------
                         (clock clk rise edge)        0.000     0.000 r  
                                                      0.000     0.000 r  clk (IN)
                         net (fo=0)                   0.000     0.000    clk
                         IBUF (Prop_ibuf_I_O)         0.973     0.973 r  clk_IBUF_inst/O
                         net (fo=1, unplaced)         0.800     1.773    clk_IBUF
                         BUFG (Prop_bufg_I_O)         0.096     1.869 r  clk_IBUF_BUFG_inst/O
                         net (fo=292, unplaced)       0.584     2.453    u_ray_march/clk_IBUF_BUFG
                         FDCE                                         r  u_ray_march/y_reg[13]/C
  -------------------------------------------------------------------    -------------------
                         FDCE (Prop_fdce_C_Q)         0.456     2.909 r  u_ray_march/y_reg[13]/Q
                         net (fo=6, unplaced)         0.997     3.906    u_ray_march/y_reg[13]
                         LUT6 (Prop_lut6_I0_O)        0.295     4.201 r  u_ray_march/running_i_5/O
                         net (fo=60, unplaced)        0.536     4.737    u_ray_march/running_i_5_n_0
                         LUT6 (Prop_lut6_I5_O)        0.124     4.861 r  u_ray_march/running_i_3/O
                         net (fo=371, unplaced)       1.035     5.896    u_ray_march/running_i_3_n_0
                         LUT6 (Prop_lut6_I1_O)        0.124     6.020 r  u_ray_march/x[0]_i_958/O
                         net (fo=3, unplaced)         0.920     6.940    u_ray_march/x[0]_i_958_n_0
                         LUT6 (Prop_lut6_I0_O)        0.124     7.064 r  u_ray_march/x[0]_i_539/O
                         net (fo=1, unplaced)         0.419     7.483    u_ray_march/x[0]_i_539_n_0
                         LUT5 (Prop_lut5_I2_O)        0.124     7.607 r  u_ray_march/x[0]_i_233/O
                         net (fo=1, unplaced)         0.902     8.509    u_ray_march/x[0]_i_233_n_0
                         LUT6 (Prop_lut6_I1_O)        0.124     8.633 r  u_ray_march/x[0]_i_99/O
                         net (fo=1, unplaced)         0.902     9.535    u_ray_march/x[0]_i_99_n_0
                         LUT6 (Prop_lut6_I1_O)        0.124     9.659 r  u_ray_march/x[0]_i_49/O
                         net (fo=1, unplaced)         0.902    10.561    u_ray_march/x[0]_i_49_n_0
                         LUT6 (Prop_lut6_I3_O)        0.124    10.685 r  u_ray_march/x[0]_i_28/O
                         net (fo=1, unplaced)         0.449    11.134    u_ray_march/x[0]_i_28_n_0
                         LUT6 (Prop_lut6_I5_O)        0.124    11.258 r  u_ray_march/x[0]_i_12/O
                         net (fo=56, unplaced)        1.196    12.454    u_ray_march/x[0]_i_12_n_0
                         LUT6 (Prop_lut6_I2_O)        0.124    12.578 r  u_ray_march/y[4]_i_4/O
                         net (fo=1, unplaced)         0.639    13.217    u_ray_march/y[4]_i_4_n_0
                         CARRY4 (Prop_carry4_DI[1]_CO[3])
                                                      0.507    13.724 r  u_ray_march/y_reg[4]_i_1/CO[3]
                         net (fo=1, unplaced)         0.000    13.724    u_ray_march/y_reg[4]_i_1_n_0
                         CARRY4 (Prop_carry4_CI_O[0])
                                                      0.235    13.959 r  u_ray_march/y_reg[8]_i_1/O[0]
                         net (fo=3, unplaced)         0.352    14.311    u_ray_march/y_reg[8]_i_1_n_7
                         FDCE                                         r  u_ray_march/y_reg[8]_rep__0/D
  -------------------------------------------------------------------    -------------------

                         (clock clk rise edge)       10.000    10.000 r  
                                                      0.000    10.000 r  clk (IN)
                         net (fo=0)                   0.000    10.000    clk
                         IBUF (Prop_ibuf_I_O)         0.840    10.840 r  clk_IBUF_inst/O
                         net (fo=1, unplaced)         0.760    11.599    clk_IBUF
                         BUFG (Prop_bufg_I_O)         0.091    11.690 r  clk_IBUF_BUFG_inst/O
                         net (fo=292, unplaced)       0.439    12.129    u_ray_march/clk_IBUF_BUFG
                         FDCE                                         r  u_ray_march/y_reg[8]_rep__0/C
                         clock pessimism              0.179    12.308    
                         clock uncertainty           -0.035    12.273    
                         FDCE (Setup_fdce_C_D)       -0.235    12.038    u_ray_march/y_reg[8]_rep__0
  -------------------------------------------------------------------
                         required time                         12.038    
                         arrival time                         -14.311    
  -------------------------------------------------------------------
                         slack                                 -2.273    

Slack (VIOLATED) :        -1.965ns  (required time - arrival time)
  Source:                 u_ray_march/y_reg[13]/C
                            (rising edge-triggered cell FDCE clocked by clk  {rise@0.000ns fall@5.000ns period=10.000ns})
  Destination:            u_ray_march/x_reg[17]/D
                            (rising edge-triggered cell FDCE clocked by clk  {rise@0.000ns fall@5.000ns period=10.000ns})
  Path Group:             clk
  Path Type:              Setup (Max at Slow Process Corner)
  Requirement:            10.000ns  (clk rise@10.000ns - clk rise@0.000ns)
  Data Path Delay:        11.847ns  (logic 2.950ns (24.901%)  route 8.897ns (75.099%))
  Logic Levels:           14  (CARRY4=4 LUT5=1 LUT6=9)
  Clock Path Skew:        -0.145ns (DCD - SCD + CPR)
    Destination Clock Delay (DCD):    2.129ns = ( 12.129 - 10.000 ) 
    Source Clock Delay      (SCD):    2.453ns
    Clock Pessimism Removal (CPR):    0.179ns
  Clock Uncertainty:      0.035ns  ((TSJ^2 + TIJ^2)^1/2 + DJ) / 2 + PE
    Total System Jitter     (TSJ):    0.071ns
    Total Input Jitter      (TIJ):    0.000ns
    Discrete Jitter          (DJ):    0.000ns
    Phase Error              (PE):    0.000ns

    Location             Delay type                Incr(ns)  Path(ns)    Netlist Resource(s)
  -------------------------------------------------------------------    -------------------
                         (clock clk rise edge)        0.000     0.000 r  
                                                      0.000     0.000 r  clk (IN)
                         net (fo=0)                   0.000     0.000    clk
                         IBUF (Prop_ibuf_I_O)         0.973     0.973 r  clk_IBUF_inst/O
                         net (fo=1, unplaced)         0.800     1.773    clk_IBUF
                         BUFG (Prop_bufg_I_O)         0.096     1.869 r  clk_IBUF_BUFG_inst/O
                         net (fo=292, unplaced)       0.584     2.453    u_ray_march/clk_IBUF_BUFG
                         FDCE                                         r  u_ray_march/y_reg[13]/C
  -------------------------------------------------------------------    -------------------
                         FDCE (Prop_fdce_C_Q)         0.456     2.909 r  u_ray_march/y_reg[13]/Q
                         net (fo=6, unplaced)         0.997     3.906    u_ray_march/y_reg[13]
                         LUT6 (Prop_lut6_I0_O)        0.295     4.201 r  u_ray_march/running_i_5/O
                         net (fo=60, unplaced)        0.536     4.737    u_ray_march/running_i_5_n_0
                         LUT6 (Prop_lut6_I5_O)        0.124     4.861 r  u_ray_march/running_i_3/O
                         net (fo=371, unplaced)       1.035     5.896    u_ray_march/running_i_3_n_0
                         LUT6 (Prop_lut6_I1_O)        0.124     6.020 r  u_ray_march/x[0]_i_958/O
                         net (fo=3, unplaced)         0.920     6.940    u_ray_march/x[0]_i_958_n_0
                         LUT6 (Prop_lut6_I0_O)        0.124     7.064 r  u_ray_march/x[0]_i_539/O
                         net (fo=1, unplaced)         0.419     7.483    u_ray_march/x[0]_i_539_n_0
                         LUT5 (Prop_lut5_I2_O)        0.124     7.607 r  u_ray_march/x[0]_i_233/O
                         net (fo=1, unplaced)         0.902     8.509    u_ray_march/x[0]_i_233_n_0
                         LUT6 (Prop_lut6_I1_O)        0.124     8.633 r  u_ray_march/x[0]_i_99/O
                         net (fo=1, unplaced)         0.902     9.535    u_ray_march/x[0]_i_99_n_0
                         LUT6 (Prop_lut6_I1_O)        0.124     9.659 r  u_ray_march/x[0]_i_49/O
                         net (fo=1, unplaced)         0.902    10.561    u_ray_march/x[0]_i_49_n_0
                         LUT6 (Prop_lut6_I3_O)        0.124    10.685 r  u_ray_march/x[0]_i_28/O
                         net (fo=1, unplaced)         0.449    11.134    u_ray_march/x[0]_i_28_n_0
                         LUT6 (Prop_lut6_I5_O)        0.124    11.258 r  u_ray_march/x[0]_i_12/O
                         net (fo=56, unplaced)        1.196    12.454    u_ray_march/x[0]_i_12_n_0
                         LUT6 (Prop_lut6_I2_O)        0.124    12.578 r  u_ray_march/x[4]_i_4/O
                         net (fo=1, unplaced)         0.639    13.217    u_ray_march/x[4]_i_4_n_0
                         CARRY4 (Prop_carry4_DI[1]_CO[3])
                                                      0.507    13.724 r  u_ray_march/x_reg[4]_i_1/CO[3]
                         net (fo=1, unplaced)         0.000    13.724    u_ray_march/x_reg[4]_i_1_n_0
                         CARRY4 (Prop_carry4_CI_CO[3])
                                                      0.114    13.838 r  u_ray_march/x_reg[8]_i_1/CO[3]
                         net (fo=1, unplaced)         0.000    13.838    u_ray_march/x_reg[8]_i_1_n_0
                         CARRY4 (Prop_carry4_CI_CO[3])
                                                      0.114    13.952 r  u_ray_march/x_reg[12]_i_1/CO[3]
                         net (fo=1, unplaced)         0.000    13.952    u_ray_march/x_reg[12]_i_1_n_0
                         CARRY4 (Prop_carry4_CI_O[1])
                                                      0.348    14.300 r  u_ray_march/x_reg[16]_i_1/O[1]
                         net (fo=1, unplaced)         0.000    14.300    u_ray_march/x_reg[16]_i_1_n_6
                         FDCE                                         r  u_ray_march/x_reg[17]/D
  -------------------------------------------------------------------    -------------------

                         (clock clk rise edge)       10.000    10.000 r  
                                                      0.000    10.000 r  clk (IN)
                         net (fo=0)                   0.000    10.000    clk
                         IBUF (Prop_ibuf_I_O)         0.840    10.840 r  clk_IBUF_inst/O
                         net (fo=1, unplaced)         0.760    11.599    clk_IBUF
                         BUFG (Prop_bufg_I_O)         0.091    11.690 r  clk_IBUF_BUFG_inst/O
                         net (fo=292, unplaced)       0.439    12.129    u_ray_march/clk_IBUF_BUFG
                         FDCE                                         r  u_ray_march/x_reg[17]/C
                         clock pessimism              0.179    12.308    
                         clock uncertainty           -0.035    12.273    
                         FDCE (Setup_fdce_C_D)        0.062    12.335    u_ray_march/x_reg[17]
  -------------------------------------------------------------------
                         required time                         12.335    
                         arrival time                         -14.300    
  -------------------------------------------------------------------
                         slack                                 -1.965    

Slack (VIOLATED) :        -1.965ns  (required time - arrival time)
  Source:                 u_ray_march/y_reg[13]/C
                            (rising edge-triggered cell FDCE clocked by clk  {rise@0.000ns fall@5.000ns period=10.000ns})
  Destination:            u_ray_march/y_reg[17]/D
                            (rising edge-triggered cell FDCE clocked by clk  {rise@0.000ns fall@5.000ns period=10.000ns})
  Path Group:             clk
  Path Type:              Setup (Max at Slow Process Corner)
  Requirement:            10.000ns  (clk rise@10.000ns - clk rise@0.000ns)
  Data Path Delay:        11.847ns  (logic 2.950ns (24.901%)  route 8.897ns (75.099%))
  Logic Levels:           14  (CARRY4=4 LUT5=1 LUT6=9)
  Clock Path Skew:        -0.145ns (DCD - SCD + CPR)
    Destination Clock Delay (DCD):    2.129ns = ( 12.129 - 10.000 ) 
    Source Clock Delay      (SCD):    2.453ns
    Clock Pessimism Removal (CPR):    0.179ns
  Clock Uncertainty:      0.035ns  ((TSJ^2 + TIJ^2)^1/2 + DJ) / 2 + PE
    Total System Jitter     (TSJ):    0.071ns
    Total Input Jitter      (TIJ):    0.000ns
    Discrete Jitter          (DJ):    0.000ns
    Phase Error              (PE):    0.000ns

    Location             Delay type                Incr(ns)  Path(ns)    Netlist Resource(s)
  -------------------------------------------------------------------    -------------------
                         (clock clk rise edge)        0.000     0.000 r  
                                                      0.000     0.000 r  clk (IN)
                         net (fo=0)                   0.000     0.000    clk
                         IBUF (Prop_ibuf_I_O)         0.973     0.973 r  clk_IBUF_inst/O
                         net (fo=1, unplaced)         0.800     1.773    clk_IBUF
                         BUFG (Prop_bufg_I_O)         0.096     1.869 r  clk_IBUF_BUFG_inst/O
                         net (fo=292, unplaced)       0.584     2.453    u_ray_march/clk_IBUF_BUFG
                         FDCE                                         r  u_ray_march/y_reg[13]/C
  -------------------------------------------------------------------    -------------------
                         FDCE (Prop_fdce_C_Q)         0.456     2.909 r  u_ray_march/y_reg[13]/Q
                         net (fo=6, unplaced)         0.997     3.906    u_ray_march/y_reg[13]
                         LUT6 (Prop_lut6_I0_O)        0.295     4.201 r  u_ray_march/running_i_5/O
                         net (fo=60, unplaced)        0.536     4.737    u_ray_march/running_i_5_n_0
                         LUT6 (Prop_lut6_I5_O)        0.124     4.861 r  u_ray_march/running_i_3/O
                         net (fo=371, unplaced)       1.035     5.896    u_ray_march/running_i_3_n_0
                         LUT6 (Prop_lut6_I1_O)        0.124     6.020 r  u_ray_march/x[0]_i_958/O
                         net (fo=3, unplaced)         0.920     6.940    u_ray_march/x[0]_i_958_n_0
                         LUT6 (Prop_lut6_I0_O)        0.124     7.064 r  u_ray_march/x[0]_i_539/O
                         net (fo=1, unplaced)         0.419     7.483    u_ray_march/x[0]_i_539_n_0
                         LUT5 (Prop_lut5_I2_O)        0.124     7.607 r  u_ray_march/x[0]_i_233/O
                         net (fo=1, unplaced)         0.902     8.509    u_ray_march/x[0]_i_233_n_0
                         LUT6 (Prop_lut6_I1_O)        0.124     8.633 r  u_ray_march/x[0]_i_99/O
                         net (fo=1, unplaced)         0.902     9.535    u_ray_march/x[0]_i_99_n_0
                         LUT6 (Prop_lut6_I1_O)        0.124     9.659 r  u_ray_march/x[0]_i_49/O
                         net (fo=1, unplaced)         0.902    10.561    u_ray_march/x[0]_i_49_n_0
                         LUT6 (Prop_lut6_I3_O)        0.124    10.685 r  u_ray_march/x[0]_i_28/O
                         net (fo=1, unplaced)         0.449    11.134    u_ray_march/x[0]_i_28_n_0
                         LUT6 (Prop_lut6_I5_O)        0.124    11.258 r  u_ray_march/x[0]_i_12/O
                         net (fo=56, unplaced)        1.196    12.454    u_ray_march/x[0]_i_12_n_0
                         LUT6 (Prop_lut6_I2_O)        0.124    12.578 r  u_ray_march/y[4]_i_4/O
                         net (fo=1, unplaced)         0.639    13.217    u_ray_march/y[4]_i_4_n_0
                         CARRY4 (Prop_carry4_DI[1]_CO[3])
                                                      0.507    13.724 r  u_ray_march/y_reg[4]_i_1/CO[3]
                         net (fo=1, unplaced)         0.000    13.724    u_ray_march/y_reg[4]_i_1_n_0
                         CARRY4 (Prop_carry4_CI_CO[3])
                                                      0.114    13.838 r  u_ray_march/y_reg[8]_i_1/CO[3]
                         net (fo=1, unplaced)         0.000    13.838    u_ray_march/y_reg[8]_i_1_n_0
                         CARRY4 (Prop_carry4_CI_CO[3])
                                                      0.114    13.952 r  u_ray_march/y_reg[12]_i_1/CO[3]
                         net (fo=1, unplaced)         0.000    13.952    u_ray_march/y_reg[12]_i_1_n_0
                         CARRY4 (Prop_carry4_CI_O[1])
                                                      0.348    14.300 r  u_ray_march/y_reg[16]_i_1/O[1]
                         net (fo=1, unplaced)         0.000    14.300    u_ray_march/y_reg[16]_i_1_n_6
                         FDCE                                         r  u_ray_march/y_reg[17]/D
  -------------------------------------------------------------------    -------------------

                         (clock clk rise edge)       10.000    10.000 r  
                                                      0.000    10.000 r  clk (IN)
                         net (fo=0)                   0.000    10.000    clk
                         IBUF (Prop_ibuf_I_O)         0.840    10.840 r  clk_IBUF_inst/O
                         net (fo=1, unplaced)         0.760    11.599    clk_IBUF
                         BUFG (Prop_bufg_I_O)         0.091    11.690 r  clk_IBUF_BUFG_inst/O
                         net (fo=292, unplaced)       0.439    12.129    u_ray_march/clk_IBUF_BUFG
                         FDCE                                         r  u_ray_march/y_reg[17]/C
                         clock pessimism              0.179    12.308    
                         clock uncertainty           -0.035    12.273    
                         FDCE (Setup_fdce_C_D)        0.062    12.335    u_ray_march/y_reg[17]
  -------------------------------------------------------------------
                         required time                         12.335    
                         arrival time                         -14.300    
  -------------------------------------------------------------------
                         slack                                 -1.965    

Slack (VIOLATED) :        -1.852ns  (required time - arrival time)
  Source:                 u_ray_march/y_reg[13]/C
                            (rising edge-triggered cell FDCE clocked by clk  {rise@0.000ns fall@5.000ns period=10.000ns})
  Destination:            u_ray_march/x_reg[16]/D
                            (rising edge-triggered cell FDCE clocked by clk  {rise@0.000ns fall@5.000ns period=10.000ns})
  Path Group:             clk
  Path Type:              Setup (Max at Slow Process Corner)
  Requirement:            10.000ns  (clk rise@10.000ns - clk rise@0.000ns)
  Data Path Delay:        11.734ns  (logic 2.837ns (24.178%)  route 8.897ns (75.822%))
  Logic Levels:           14  (CARRY4=4 LUT5=1 LUT6=9)
  Clock Path Skew:        -0.145ns (DCD - SCD + CPR)
    Destination Clock Delay (DCD):    2.129ns = ( 12.129 - 10.000 ) 
    Source Clock Delay      (SCD):    2.453ns
    Clock Pessimism Removal (CPR):    0.179ns
  Clock Uncertainty:      0.035ns  ((TSJ^2 + TIJ^2)^1/2 + DJ) / 2 + PE
    Total System Jitter     (TSJ):    0.071ns
    Total Input Jitter      (TIJ):    0.000ns
    Discrete Jitter          (DJ):    0.000ns
    Phase Error              (PE):    0.000ns

    Location             Delay type                Incr(ns)  Path(ns)    Netlist Resource(s)
  -------------------------------------------------------------------    -------------------
                         (clock clk rise edge)        0.000     0.000 r  
                                                      0.000     0.000 r  clk (IN)
                         net (fo=0)                   0.000     0.000    clk
                         IBUF (Prop_ibuf_I_O)         0.973     0.973 r  clk_IBUF_inst/O
                         net (fo=1, unplaced)         0.800     1.773    clk_IBUF
                         BUFG (Prop_bufg_I_O)         0.096     1.869 r  clk_IBUF_BUFG_inst/O
                         net (fo=292, unplaced)       0.584     2.453    u_ray_march/clk_IBUF_BUFG
                         FDCE                                         r  u_ray_march/y_reg[13]/C
  -------------------------------------------------------------------    -------------------
                         FDCE (Prop_fdce_C_Q)         0.456     2.909 r  u_ray_march/y_reg[13]/Q
                         net (fo=6, unplaced)         0.997     3.906    u_ray_march/y_reg[13]
                         LUT6 (Prop_lut6_I0_O)        0.295     4.201 r  u_ray_march/running_i_5/O
                         net (fo=60, unplaced)        0.536     4.737    u_ray_march/running_i_5_n_0
                         LUT6 (Prop_lut6_I5_O)        0.124     4.861 r  u_ray_march/running_i_3/O
                         net (fo=371, unplaced)       1.035     5.896    u_ray_march/running_i_3_n_0
                         LUT6 (Prop_lut6_I1_O)        0.124     6.020 r  u_ray_march/x[0]_i_958/O
                         net (fo=3, unplaced)         0.920     6.940    u_ray_march/x[0]_i_958_n_0
                         LUT6 (Prop_lut6_I0_O)        0.124     7.064 r  u_ray_march/x[0]_i_539/O
                         net (fo=1, unplaced)         0.419     7.483    u_ray_march/x[0]_i_539_n_0
                         LUT5 (Prop_lut5_I2_O)        0.124     7.607 r  u_ray_march/x[0]_i_233/O
                         net (fo=1, unplaced)         0.902     8.509    u_ray_march/x[0]_i_233_n_0
                         LUT6 (Prop_lut6_I1_O)        0.124     8.633 r  u_ray_march/x[0]_i_99/O
                         net (fo=1, unplaced)         0.902     9.535    u_ray_march/x[0]_i_99_n_0
                         LUT6 (Prop_lut6_I1_O)        0.124     9.659 r  u_ray_march/x[0]_i_49/O
                         net (fo=1, unplaced)         0.902    10.561    u_ray_march/x[0]_i_49_n_0
                         LUT6 (Prop_lut6_I3_O)        0.124    10.685 r  u_ray_march/x[0]_i_28/O
                         net (fo=1, unplaced)         0.449    11.134    u_ray_march/x[0]_i_28_n_0
                         LUT6 (Prop_lut6_I5_O)        0.124    11.258 r  u_ray_march/x[0]_i_12/O
                         net (fo=56, unplaced)        1.196    12.454    u_ray_march/x[0]_i_12_n_0
                         LUT6 (Prop_lut6_I2_O)        0.124    12.578 r  u_ray_march/x[4]_i_4/O
                         net (fo=1, unplaced)         0.639    13.217    u_ray_march/x[4]_i_4_n_0
                         CARRY4 (Prop_carry4_DI[1]_CO[3])
                                                      0.507    13.724 r  u_ray_march/x_reg[4]_i_1/CO[3]
                         net (fo=1, unplaced)         0.000    13.724    u_ray_march/x_reg[4]_i_1_n_0
                         CARRY4 (Prop_carry4_CI_CO[3])
                                                      0.114    13.838 r  u_ray_march/x_reg[8]_i_1/CO[3]
                         net (fo=1, unplaced)         0.000    13.838    u_ray_march/x_reg[8]_i_1_n_0
                         CARRY4 (Prop_carry4_CI_CO[3])
                                                      0.114    13.952 r  u_ray_march/x_reg[12]_i_1/CO[3]
                         net (fo=1, unplaced)         0.000    13.952    u_ray_march/x_reg[12]_i_1_n_0
                         CARRY4 (Prop_carry4_CI_O[0])
                                                      0.235    14.187 r  u_ray_march/x_reg[16]_i_1/O[0]
                         net (fo=1, unplaced)         0.000    14.187    u_ray_march/x_reg[16]_i_1_n_7
                         FDCE                                         r  u_ray_march/x_reg[16]/D
  -------------------------------------------------------------------    -------------------

                         (clock clk rise edge)       10.000    10.000 r  
                                                      0.000    10.000 r  clk (IN)
                         net (fo=0)                   0.000    10.000    clk
                         IBUF (Prop_ibuf_I_O)         0.840    10.840 r  clk_IBUF_inst/O
                         net (fo=1, unplaced)         0.760    11.599    clk_IBUF
                         BUFG (Prop_bufg_I_O)         0.091    11.690 r  clk_IBUF_BUFG_inst/O
                         net (fo=292, unplaced)       0.439    12.129    u_ray_march/clk_IBUF_BUFG
                         FDCE                                         r  u_ray_march/x_reg[16]/C
                         clock pessimism              0.179    12.308    
                         clock uncertainty           -0.035    12.273    
                         FDCE (Setup_fdce_C_D)        0.062    12.335    u_ray_march/x_reg[16]
  -------------------------------------------------------------------
                         required time                         12.335    
                         arrival time                         -14.187    
  -------------------------------------------------------------------
                         slack                                 -1.852    





Min Delay Paths
--------------------------------------------------------------------------------------
Slack (MET) :             0.129ns  (arrival time - required time)
  Source:                 u_pe/weight_o_reg[11]/C
                            (rising edge-triggered cell FDCE clocked by clk  {rise@0.000ns fall@5.000ns period=10.000ns})
  Destination:            u_pe/weight_o_reg[11]/D
                            (rising edge-triggered cell FDCE clocked by clk  {rise@0.000ns fall@5.000ns period=10.000ns})
  Path Group:             clk
  Path Type:              Hold (Min at Fast Process Corner)
  Requirement:            0.000ns  (clk rise@0.000ns - clk rise@0.000ns)
  Data Path Delay:        0.379ns  (logic 0.249ns (65.656%)  route 0.130ns (34.344%))
  Logic Levels:           2  (CARRY4=1 LUT6=1)
  Clock Path Skew:        0.145ns (DCD - SCD - CPR)
    Destination Clock Delay (DCD):    1.034ns
    Source Clock Delay      (SCD):    0.679ns
    Clock Pessimism Removal (CPR):    0.210ns

    Location             Delay type                Incr(ns)  Path(ns)    Netlist Resource(s)
  -------------------------------------------------------------------    -------------------
                         (clock clk rise edge)        0.000     0.000 r  
                                                      0.000     0.000 r  clk (IN)
                         net (fo=0)                   0.000     0.000    clk
                         IBUF (Prop_ibuf_I_O)         0.202     0.202 r  clk_IBUF_inst/O
                         net (fo=1, unplaced)         0.337     0.539    clk_IBUF
                         BUFG (Prop_bufg_I_O)         0.026     0.565 r  clk_IBUF_BUFG_inst/O
                         net (fo=292, unplaced)       0.114     0.679    u_pe/clk_IBUF_BUFG
                         FDCE                                         r  u_pe/weight_o_reg[11]/C
  -------------------------------------------------------------------    -------------------
                         FDCE (Prop_fdce_C_Q)         0.141     0.820 r  u_pe/weight_o_reg[11]/Q
                         net (fo=2, unplaced)         0.130     0.950    u_table/weight_o_OBUF[11]
                         LUT6 (Prop_lut6_I5_O)        0.045     0.995 r  u_table/weight_o[8]_i_6/O
                         net (fo=1, unplaced)         0.000     0.995    u_table/weight_o[8]_i_6_n_0
                         CARRY4 (Prop_carry4_S[3]_O[3])
                                                      0.063     1.058 r  u_table/weight_o_reg[8]_i_1/O[3]
                         net (fo=1, unplaced)         0.000     1.058    u_pe/weight_o_reg[11]_0[3]
                         FDCE                                         r  u_pe/weight_o_reg[11]/D
  -------------------------------------------------------------------    -------------------

                         (clock clk rise edge)        0.000     0.000 r  
                                                      0.000     0.000 r  clk (IN)
                         net (fo=0)                   0.000     0.000    clk
                         IBUF (Prop_ibuf_I_O)         0.391     0.391 r  clk_IBUF_inst/O
                         net (fo=1, unplaced)         0.355     0.746    clk_IBUF
                         BUFG (Prop_bufg_I_O)         0.029     0.775 r  clk_IBUF_BUFG_inst/O
                         net (fo=292, unplaced)       0.259     1.034    u_pe/clk_IBUF_BUFG
                         FDCE                                         r  u_pe/weight_o_reg[11]/C
                         clock pessimism             -0.210     0.824    
                         FDCE (Hold_fdce_C_D)         0.105     0.929    u_pe/weight_o_reg[11]
  -------------------------------------------------------------------
                         required time                         -0.929    
                         arrival time                           1.058    
  -------------------------------------------------------------------
                         slack                                  0.129    

Slack (MET) :             0.129ns  (arrival time - required time)
  Source:                 u_pe/weight_o_reg[15]/C
                            (rising edge-triggered cell FDCE clocked by clk  {rise@0.000ns fall@5.000ns period=10.000ns})
  Destination:            u_pe/weight_o_reg[15]/D
                            (rising edge-triggered cell FDCE clocked by clk  {rise@0.000ns fall@5.000ns period=10.000ns})
  Path Group:             clk
  Path Type:              Hold (Min at Fast Process Corner)
  Requirement:            0.000ns  (clk rise@0.000ns - clk rise@0.000ns)
  Data Path Delay:        0.379ns  (logic 0.249ns (65.656%)  route 0.130ns (34.344%))
  Logic Levels:           2  (CARRY4=1 LUT6=1)
  Clock Path Skew:        0.145ns (DCD - SCD - CPR)
    Destination Clock Delay (DCD):    1.034ns
    Source Clock Delay      (SCD):    0.679ns
    Clock Pessimism Removal (CPR):    0.210ns

    Location             Delay type                Incr(ns)  Path(ns)    Netlist Resource(s)
  -------------------------------------------------------------------    -------------------
                         (clock clk rise edge)        0.000     0.000 r  
                                                      0.000     0.000 r  clk (IN)
                         net (fo=0)                   0.000     0.000    clk
                         IBUF (Prop_ibuf_I_O)         0.202     0.202 r  clk_IBUF_inst/O
                         net (fo=1, unplaced)         0.337     0.539    clk_IBUF
                         BUFG (Prop_bufg_I_O)         0.026     0.565 r  clk_IBUF_BUFG_inst/O
                         net (fo=292, unplaced)       0.114     0.679    u_pe/clk_IBUF_BUFG
                         FDCE                                         r  u_pe/weight_o_reg[15]/C
  -------------------------------------------------------------------    -------------------
                         FDCE (Prop_fdce_C_Q)         0.141     0.820 r  u_pe/weight_o_reg[15]/Q
                         net (fo=2, unplaced)         0.130     0.950    u_table/weight_o_OBUF[15]
                         LUT6 (Prop_lut6_I5_O)        0.045     0.995 r  u_table/weight_o[12]_i_3/O
                         net (fo=1, unplaced)         0.000     0.995    u_table/weight_o[12]_i_3_n_0
                         CARRY4 (Prop_carry4_S[3]_O[3])
                                                      0.063     1.058 r  u_table/weight_o_reg[12]_i_1/O[3]
                         net (fo=1, unplaced)         0.000     1.058    u_pe/weight_o_reg[15]_0[3]
                         FDCE                                         r  u_pe/weight_o_reg[15]/D
  -------------------------------------------------------------------    -------------------

                         (clock clk rise edge)        0.000     0.000 r  
                                                      0.000     0.000 r  clk (IN)
                         net (fo=0)                   0.000     0.000    clk
                         IBUF (Prop_ibuf_I_O)         0.391     0.391 r  clk_IBUF_inst/O
                         net (fo=1, unplaced)         0.355     0.746    clk_IBUF
                         BUFG (Prop_bufg_I_O)         0.029     0.775 r  clk_IBUF_BUFG_inst/O
                         net (fo=292, unplaced)       0.259     1.034    u_pe/clk_IBUF_BUFG
                         FDCE                                         r  u_pe/weight_o_reg[15]/C
                         clock pessimism             -0.210     0.824    
                         FDCE (Hold_fdce_C_D)         0.105     0.929    u_pe/weight_o_reg[15]
  -------------------------------------------------------------------
                         required time                         -0.929    
                         arrival time                           1.058    
  -------------------------------------------------------------------
                         slack                                  0.129    

Slack (MET) :             0.129ns  (arrival time - required time)
  Source:                 u_pe/weight_o_reg[19]/C
                            (rising edge-triggered cell FDCE clocked by clk  {rise@0.000ns fall@5.000ns period=10.000ns})
  Destination:            u_pe/weight_o_reg[19]/D
                            (rising edge-triggered cell FDCE clocked by clk  {rise@0.000ns fall@5.000ns period=10.000ns})
  Path Group:             clk
  Path Type:              Hold (Min at Fast Process Corner)
  Requirement:            0.000ns  (clk rise@0.000ns - clk rise@0.000ns)
  Data Path Delay:        0.379ns  (logic 0.249ns (65.656%)  route 0.130ns (34.344%))
  Logic Levels:           2  (CARRY4=1 LUT6=1)
  Clock Path Skew:        0.145ns (DCD - SCD - CPR)
    Destination Clock Delay (DCD):    1.034ns
    Source Clock Delay      (SCD):    0.679ns
    Clock Pessimism Removal (CPR):    0.210ns

    Location             Delay type                Incr(ns)  Path(ns)    Netlist Resource(s)
  -------------------------------------------------------------------    -------------------
                         (clock clk rise edge)        0.000     0.000 r  
                                                      0.000     0.000 r  clk (IN)
                         net (fo=0)                   0.000     0.000    clk
                         IBUF (Prop_ibuf_I_O)         0.202     0.202 r  clk_IBUF_inst/O
                         net (fo=1, unplaced)         0.337     0.539    clk_IBUF
                         BUFG (Prop_bufg_I_O)         0.026     0.565 r  clk_IBUF_BUFG_inst/O
                         net (fo=292, unplaced)       0.114     0.679    u_pe/clk_IBUF_BUFG
                         FDCE                                         r  u_pe/weight_o_reg[19]/C
  -------------------------------------------------------------------    -------------------
                         FDCE (Prop_fdce_C_Q)         0.141     0.820 r  u_pe/weight_o_reg[19]/Q
                         net (fo=2, unplaced)         0.130     0.950    u_table/weight_o_OBUF[19]
                         LUT6 (Prop_lut6_I5_O)        0.045     0.995 r  u_table/weight_o[16]_i_2/O
                         net (fo=1, unplaced)         0.000     0.995    u_table/weight_o[16]_i_2_n_0
                         CARRY4 (Prop_carry4_S[3]_O[3])
                                                      0.063     1.058 r  u_table/weight_o_reg[16]_i_1/O[3]
                         net (fo=1, unplaced)         0.000     1.058    u_pe/weight_o_reg[19]_0[3]
                         FDCE                                         r  u_pe/weight_o_reg[19]/D
  -------------------------------------------------------------------    -------------------

                         (clock clk rise edge)        0.000     0.000 r  
                                                      0.000     0.000 r  clk (IN)
                         net (fo=0)                   0.000     0.000    clk
                         IBUF (Prop_ibuf_I_O)         0.391     0.391 r  clk_IBUF_inst/O
                         net (fo=1, unplaced)         0.355     0.746    clk_IBUF
                         BUFG (Prop_bufg_I_O)         0.029     0.775 r  clk_IBUF_BUFG_inst/O
                         net (fo=292, unplaced)       0.259     1.034    u_pe/clk_IBUF_BUFG
                         FDCE                                         r  u_pe/weight_o_reg[19]/C
                         clock pessimism             -0.210     0.824    
                         FDCE (Hold_fdce_C_D)         0.105     0.929    u_pe/weight_o_reg[19]
  -------------------------------------------------------------------
                         required time                         -0.929    
                         arrival time                           1.058    
  -------------------------------------------------------------------
                         slack                                  0.129    

Slack (MET) :             0.129ns  (arrival time - required time)
  Source:                 u_pe/weight_o_reg[3]/C
                            (rising edge-triggered cell FDCE clocked by clk  {rise@0.000ns fall@5.000ns period=10.000ns})
  Destination:            u_pe/weight_o_reg[3]/D
                            (rising edge-triggered cell FDCE clocked by clk  {rise@0.000ns fall@5.000ns period=10.000ns})
  Path Group:             clk
  Path Type:              Hold (Min at Fast Process Corner)
  Requirement:            0.000ns  (clk rise@0.000ns - clk rise@0.000ns)
  Data Path Delay:        0.379ns  (logic 0.249ns (65.656%)  route 0.130ns (34.344%))
  Logic Levels:           2  (CARRY4=1 LUT6=1)
  Clock Path Skew:        0.145ns (DCD - SCD - CPR)
    Destination Clock Delay (DCD):    1.034ns
    Source Clock Delay      (SCD):    0.679ns
    Clock Pessimism Removal (CPR):    0.210ns

    Location             Delay type                Incr(ns)  Path(ns)    Netlist Resource(s)
  -------------------------------------------------------------------    -------------------
                         (clock clk rise edge)        0.000     0.000 r  
                                                      0.000     0.000 r  clk (IN)
                         net (fo=0)                   0.000     0.000    clk
                         IBUF (Prop_ibuf_I_O)         0.202     0.202 r  clk_IBUF_inst/O
                         net (fo=1, unplaced)         0.337     0.539    clk_IBUF
                         BUFG (Prop_bufg_I_O)         0.026     0.565 r  clk_IBUF_BUFG_inst/O
                         net (fo=292, unplaced)       0.114     0.679    u_pe/clk_IBUF_BUFG
                         FDCE                                         r  u_pe/weight_o_reg[3]/C
  -------------------------------------------------------------------    -------------------
                         FDCE (Prop_fdce_C_Q)         0.141     0.820 r  u_pe/weight_o_reg[3]/Q
                         net (fo=2, unplaced)         0.130     0.950    u_table/weight_o_OBUF[3]
                         LUT6 (Prop_lut6_I5_O)        0.045     0.995 r  u_table/weight_o[0]_i_7/O
                         net (fo=1, unplaced)         0.000     0.995    u_table/weight_o[0]_i_7_n_0
                         CARRY4 (Prop_carry4_S[3]_O[3])
                                                      0.063     1.058 r  u_table/weight_o_reg[0]_i_2/O[3]
                         net (fo=1, unplaced)         0.000     1.058    u_pe/O[3]
                         FDCE                                         r  u_pe/weight_o_reg[3]/D
  -------------------------------------------------------------------    -------------------

                         (clock clk rise edge)        0.000     0.000 r  
                                                      0.000     0.000 r  clk (IN)
                         net (fo=0)                   0.000     0.000    clk
                         IBUF (Prop_ibuf_I_O)         0.391     0.391 r  clk_IBUF_inst/O
                         net (fo=1, unplaced)         0.355     0.746    clk_IBUF
                         BUFG (Prop_bufg_I_O)         0.029     0.775 r  clk_IBUF_BUFG_inst/O
                         net (fo=292, unplaced)       0.259     1.034    u_pe/clk_IBUF_BUFG
                         FDCE                                         r  u_pe/weight_o_reg[3]/C
                         clock pessimism             -0.210     0.824    
                         FDCE (Hold_fdce_C_D)         0.105     0.929    u_pe/weight_o_reg[3]
  -------------------------------------------------------------------
                         required time                         -0.929    
                         arrival time                           1.058    
  -------------------------------------------------------------------
                         slack                                  0.129    

Slack (MET) :             0.129ns  (arrival time - required time)
  Source:                 u_pe/weight_o_reg[7]/C
                            (rising edge-triggered cell FDCE clocked by clk  {rise@0.000ns fall@5.000ns period=10.000ns})
  Destination:            u_pe/weight_o_reg[7]/D
                            (rising edge-triggered cell FDCE clocked by clk  {rise@0.000ns fall@5.000ns period=10.000ns})
  Path Group:             clk
  Path Type:              Hold (Min at Fast Process Corner)
  Requirement:            0.000ns  (clk rise@0.000ns - clk rise@0.000ns)
  Data Path Delay:        0.379ns  (logic 0.249ns (65.656%)  route 0.130ns (34.344%))
  Logic Levels:           2  (CARRY4=1 LUT6=1)
  Clock Path Skew:        0.145ns (DCD - SCD - CPR)
    Destination Clock Delay (DCD):    1.034ns
    Source Clock Delay      (SCD):    0.679ns
    Clock Pessimism Removal (CPR):    0.210ns

    Location             Delay type                Incr(ns)  Path(ns)    Netlist Resource(s)
  -------------------------------------------------------------------    -------------------
                         (clock clk rise edge)        0.000     0.000 r  
                                                      0.000     0.000 r  clk (IN)
                         net (fo=0)                   0.000     0.000    clk
                         IBUF (Prop_ibuf_I_O)         0.202     0.202 r  clk_IBUF_inst/O
                         net (fo=1, unplaced)         0.337     0.539    clk_IBUF
                         BUFG (Prop_bufg_I_O)         0.026     0.565 r  clk_IBUF_BUFG_inst/O
                         net (fo=292, unplaced)       0.114     0.679    u_pe/clk_IBUF_BUFG
                         FDCE                                         r  u_pe/weight_o_reg[7]/C
  -------------------------------------------------------------------    -------------------
                         FDCE (Prop_fdce_C_Q)         0.141     0.820 r  u_pe/weight_o_reg[7]/Q
                         net (fo=2, unplaced)         0.130     0.950    u_table/weight_o_OBUF[7]
                         LUT6 (Prop_lut6_I5_O)        0.045     0.995 r  u_table/weight_o[4]_i_6/O
                         net (fo=1, unplaced)         0.000     0.995    u_table/weight_o[4]_i_6_n_0
                         CARRY4 (Prop_carry4_S[3]_O[3])
                                                      0.063     1.058 r  u_table/weight_o_reg[4]_i_1/O[3]
                         net (fo=1, unplaced)         0.000     1.058    u_pe/weight_o_reg[7]_0[3]
                         FDCE                                         r  u_pe/weight_o_reg[7]/D
  -------------------------------------------------------------------    -------------------

                         (clock clk rise edge)        0.000     0.000 r  
                                                      0.000     0.000 r  clk (IN)
                         net (fo=0)                   0.000     0.000    clk
                         IBUF (Prop_ibuf_I_O)         0.391     0.391 r  clk_IBUF_inst/O
                         net (fo=1, unplaced)         0.355     0.746    clk_IBUF
                         BUFG (Prop_bufg_I_O)         0.029     0.775 r  clk_IBUF_BUFG_inst/O
                         net (fo=292, unplaced)       0.259     1.034    u_pe/clk_IBUF_BUFG
                         FDCE                                         r  u_pe/weight_o_reg[7]/C
                         clock pessimism             -0.210     0.824    
                         FDCE (Hold_fdce_C_D)         0.105     0.929    u_pe/weight_o_reg[7]
  -------------------------------------------------------------------
                         required time                         -0.929    
                         arrival time                           1.058    
  -------------------------------------------------------------------
                         slack                                  0.129    

Slack (MET) :             0.136ns  (arrival time - required time)
  Source:                 u_pe/weight_o_reg[0]/C
                            (rising edge-triggered cell FDCE clocked by clk  {rise@0.000ns fall@5.000ns period=10.000ns})
  Destination:            u_pe/weight_o_reg[0]/D
                            (rising edge-triggered cell FDCE clocked by clk  {rise@0.000ns fall@5.000ns period=10.000ns})
  Path Group:             clk
  Path Type:              Hold (Min at Fast Process Corner)
  Requirement:            0.000ns  (clk rise@0.000ns - clk rise@0.000ns)
  Data Path Delay:        0.386ns  (logic 0.256ns (66.351%)  route 0.130ns (33.649%))
  Logic Levels:           2  (CARRY4=1 LUT6=1)
  Clock Path Skew:        0.145ns (DCD - SCD - CPR)
    Destination Clock Delay (DCD):    1.034ns
    Source Clock Delay      (SCD):    0.679ns
    Clock Pessimism Removal (CPR):    0.210ns

    Location             Delay type                Incr(ns)  Path(ns)    Netlist Resource(s)
  -------------------------------------------------------------------    -------------------
                         (clock clk rise edge)        0.000     0.000 r  
                                                      0.000     0.000 r  clk (IN)
                         net (fo=0)                   0.000     0.000    clk
                         IBUF (Prop_ibuf_I_O)         0.202     0.202 r  clk_IBUF_inst/O
                         net (fo=1, unplaced)         0.337     0.539    clk_IBUF
                         BUFG (Prop_bufg_I_O)         0.026     0.565 r  clk_IBUF_BUFG_inst/O
                         net (fo=292, unplaced)       0.114     0.679    u_pe/clk_IBUF_BUFG
                         FDCE                                         r  u_pe/weight_o_reg[0]/C
  -------------------------------------------------------------------    -------------------
                         FDCE (Prop_fdce_C_Q)         0.141     0.820 r  u_pe/weight_o_reg[0]/Q
                         net (fo=2, unplaced)         0.130     0.950    u_table/weight_o_OBUF[0]
                         LUT6 (Prop_lut6_I5_O)        0.045     0.995 r  u_table/weight_o[0]_i_10/O
                         net (fo=1, unplaced)         0.000     0.995    u_table/weight_o[0]_i_10_n_0
                         CARRY4 (Prop_carry4_S[0]_O[0])
                                                      0.070     1.065 r  u_table/weight_o_reg[0]_i_2/O[0]
                         net (fo=1, unplaced)         0.000     1.065    u_pe/O[0]
                         FDCE                                         r  u_pe/weight_o_reg[0]/D
  -------------------------------------------------------------------    -------------------

                         (clock clk rise edge)        0.000     0.000 r  
                                                      0.000     0.000 r  clk (IN)
                         net (fo=0)                   0.000     0.000    clk
                         IBUF (Prop_ibuf_I_O)         0.391     0.391 r  clk_IBUF_inst/O
                         net (fo=1, unplaced)         0.355     0.746    clk_IBUF
                         BUFG (Prop_bufg_I_O)         0.029     0.775 r  clk_IBUF_BUFG_inst/O
                         net (fo=292, unplaced)       0.259     1.034    u_pe/clk_IBUF_BUFG
                         FDCE                                         r  u_pe/weight_o_reg[0]/C
                         clock pessimism             -0.210     0.824    
                         FDCE (Hold_fdce_C_D)         0.105     0.929    u_pe/weight_o_reg[0]
  -------------------------------------------------------------------
                         required time                         -0.929    
                         arrival time                           1.065    
  -------------------------------------------------------------------
                         slack                                  0.136    

Slack (MET) :             0.136ns  (arrival time - required time)
  Source:                 u_pe/weight_o_reg[12]/C
                            (rising edge-triggered cell FDCE clocked by clk  {rise@0.000ns fall@5.000ns period=10.000ns})
  Destination:            u_pe/weight_o_reg[12]/D
                            (rising edge-triggered cell FDCE clocked by clk  {rise@0.000ns fall@5.000ns period=10.000ns})
  Path Group:             clk
  Path Type:              Hold (Min at Fast Process Corner)
  Requirement:            0.000ns  (clk rise@0.000ns - clk rise@0.000ns)
  Data Path Delay:        0.386ns  (logic 0.256ns (66.351%)  route 0.130ns (33.649%))
  Logic Levels:           2  (CARRY4=1 LUT6=1)
  Clock Path Skew:        0.145ns (DCD - SCD - CPR)
    Destination Clock Delay (DCD):    1.034ns
    Source Clock Delay      (SCD):    0.679ns
    Clock Pessimism Removal (CPR):    0.210ns

    Location             Delay type                Incr(ns)  Path(ns)    Netlist Resource(s)
  -------------------------------------------------------------------    -------------------
                         (clock clk rise edge)        0.000     0.000 r  
                                                      0.000     0.000 r  clk (IN)
                         net (fo=0)                   0.000     0.000    clk
                         IBUF (Prop_ibuf_I_O)         0.202     0.202 r  clk_IBUF_inst/O
                         net (fo=1, unplaced)         0.337     0.539    clk_IBUF
                         BUFG (Prop_bufg_I_O)         0.026     0.565 r  clk_IBUF_BUFG_inst/O
                         net (fo=292, unplaced)       0.114     0.679    u_pe/clk_IBUF_BUFG
                         FDCE                                         r  u_pe/weight_o_reg[12]/C
  -------------------------------------------------------------------    -------------------
                         FDCE (Prop_fdce_C_Q)         0.141     0.820 r  u_pe/weight_o_reg[12]/Q
                         net (fo=2, unplaced)         0.130     0.950    u_table/weight_o_OBUF[12]
                         LUT6 (Prop_lut6_I5_O)        0.045     0.995 r  u_table/weight_o[12]_i_6/O
                         net (fo=1, unplaced)         0.000     0.995    u_table/weight_o[12]_i_6_n_0
                         CARRY4 (Prop_carry4_S[0]_O[0])
                                                      0.070     1.065 r  u_table/weight_o_reg[12]_i_1/O[0]
                         net (fo=1, unplaced)         0.000     1.065    u_pe/weight_o_reg[15]_0[0]
                         FDCE                                         r  u_pe/weight_o_reg[12]/D
  -------------------------------------------------------------------    -------------------

                         (clock clk rise edge)        0.000     0.000 r  
                                                      0.000     0.000 r  clk (IN)
                         net (fo=0)                   0.000     0.000    clk
                         IBUF (Prop_ibuf_I_O)         0.391     0.391 r  clk_IBUF_inst/O
                         net (fo=1, unplaced)         0.355     0.746    clk_IBUF
                         BUFG (Prop_bufg_I_O)         0.029     0.775 r  clk_IBUF_BUFG_inst/O
                         net (fo=292, unplaced)       0.259     1.034    u_pe/clk_IBUF_BUFG
                         FDCE                                         r  u_pe/weight_o_reg[12]/C
                         clock pessimism             -0.210     0.824    
                         FDCE (Hold_fdce_C_D)         0.105     0.929    u_pe/weight_o_reg[12]
  -------------------------------------------------------------------
                         required time                         -0.929    
                         arrival time                           1.065    
  -------------------------------------------------------------------
                         slack                                  0.136    

Slack (MET) :             0.136ns  (arrival time - required time)
  Source:                 u_pe/weight_o_reg[16]/C
                            (rising edge-triggered cell FDCE clocked by clk  {rise@0.000ns fall@5.000ns period=10.000ns})
  Destination:            u_pe/weight_o_reg[16]/D
                            (rising edge-triggered cell FDCE clocked by clk  {rise@0.000ns fall@5.000ns period=10.000ns})
  Path Group:             clk
  Path Type:              Hold (Min at Fast Process Corner)
  Requirement:            0.000ns  (clk rise@0.000ns - clk rise@0.000ns)
  Data Path Delay:        0.386ns  (logic 0.256ns (66.351%)  route 0.130ns (33.649%))
  Logic Levels:           2  (CARRY4=1 LUT6=1)
  Clock Path Skew:        0.145ns (DCD - SCD - CPR)
    Destination Clock Delay (DCD):    1.034ns
    Source Clock Delay      (SCD):    0.679ns
    Clock Pessimism Removal (CPR):    0.210ns

    Location             Delay type                Incr(ns)  Path(ns)    Netlist Resource(s)
  -------------------------------------------------------------------    -------------------
                         (clock clk rise edge)        0.000     0.000 r  
                                                      0.000     0.000 r  clk (IN)
                         net (fo=0)                   0.000     0.000    clk
                         IBUF (Prop_ibuf_I_O)         0.202     0.202 r  clk_IBUF_inst/O
                         net (fo=1, unplaced)         0.337     0.539    clk_IBUF
                         BUFG (Prop_bufg_I_O)         0.026     0.565 r  clk_IBUF_BUFG_inst/O
                         net (fo=292, unplaced)       0.114     0.679    u_pe/clk_IBUF_BUFG
                         FDCE                                         r  u_pe/weight_o_reg[16]/C
  -------------------------------------------------------------------    -------------------
                         FDCE (Prop_fdce_C_Q)         0.141     0.820 r  u_pe/weight_o_reg[16]/Q
                         net (fo=2, unplaced)         0.130     0.950    u_table/weight_o_OBUF[16]
                         LUT6 (Prop_lut6_I5_O)        0.045     0.995 r  u_table/weight_o[16]_i_5/O
                         net (fo=1, unplaced)         0.000     0.995    u_table/weight_o[16]_i_5_n_0
                         CARRY4 (Prop_carry4_S[0]_O[0])
                                                      0.070     1.065 r  u_table/weight_o_reg[16]_i_1/O[0]
                         net (fo=1, unplaced)         0.000     1.065    u_pe/weight_o_reg[19]_0[0]
                         FDCE                                         r  u_pe/weight_o_reg[16]/D
  -------------------------------------------------------------------    -------------------

                         (clock clk rise edge)        0.000     0.000 r  
                                                      0.000     0.000 r  clk (IN)
                         net (fo=0)                   0.000     0.000    clk
                         IBUF (Prop_ibuf_I_O)         0.391     0.391 r  clk_IBUF_inst/O
                         net (fo=1, unplaced)         0.355     0.746    clk_IBUF
                         BUFG (Prop_bufg_I_O)         0.029     0.775 r  clk_IBUF_BUFG_inst/O
                         net (fo=292, unplaced)       0.259     1.034    u_pe/clk_IBUF_BUFG
                         FDCE                                         r  u_pe/weight_o_reg[16]/C
                         clock pessimism             -0.210     0.824    
                         FDCE (Hold_fdce_C_D)         0.105     0.929    u_pe/weight_o_reg[16]
  -------------------------------------------------------------------
                         required time                         -0.929    
                         arrival time                           1.065    
  -------------------------------------------------------------------
                         slack                                  0.136    

Slack (MET) :             0.136ns  (arrival time - required time)
  Source:                 u_pe/weight_o_reg[4]/C
                            (rising edge-triggered cell FDCE clocked by clk  {rise@0.000ns fall@5.000ns period=10.000ns})
  Destination:            u_pe/weight_o_reg[4]/D
                            (rising edge-triggered cell FDCE clocked by clk  {rise@0.000ns fall@5.000ns period=10.000ns})
  Path Group:             clk
  Path Type:              Hold (Min at Fast Process Corner)
  Requirement:            0.000ns  (clk rise@0.000ns - clk rise@0.000ns)
  Data Path Delay:        0.386ns  (logic 0.256ns (66.351%)  route 0.130ns (33.649%))
  Logic Levels:           2  (CARRY4=1 LUT6=1)
  Clock Path Skew:        0.145ns (DCD - SCD - CPR)
    Destination Clock Delay (DCD):    1.034ns
    Source Clock Delay      (SCD):    0.679ns
    Clock Pessimism Removal (CPR):    0.210ns

    Location             Delay type                Incr(ns)  Path(ns)    Netlist Resource(s)
  -------------------------------------------------------------------    -------------------
                         (clock clk rise edge)        0.000     0.000 r  
                                                      0.000     0.000 r  clk (IN)
                         net (fo=0)                   0.000     0.000    clk
                         IBUF (Prop_ibuf_I_O)         0.202     0.202 r  clk_IBUF_inst/O
                         net (fo=1, unplaced)         0.337     0.539    clk_IBUF
                         BUFG (Prop_bufg_I_O)         0.026     0.565 r  clk_IBUF_BUFG_inst/O
                         net (fo=292, unplaced)       0.114     0.679    u_pe/clk_IBUF_BUFG
                         FDCE                                         r  u_pe/weight_o_reg[4]/C
  -------------------------------------------------------------------    -------------------
                         FDCE (Prop_fdce_C_Q)         0.141     0.820 r  u_pe/weight_o_reg[4]/Q
                         net (fo=2, unplaced)         0.130     0.950    u_table/weight_o_OBUF[4]
                         LUT6 (Prop_lut6_I5_O)        0.045     0.995 r  u_table/weight_o[4]_i_9/O
                         net (fo=1, unplaced)         0.000     0.995    u_table/weight_o[4]_i_9_n_0
                         CARRY4 (Prop_carry4_S[0]_O[0])
                                                      0.070     1.065 r  u_table/weight_o_reg[4]_i_1/O[0]
                         net (fo=1, unplaced)         0.000     1.065    u_pe/weight_o_reg[7]_0[0]
                         FDCE                                         r  u_pe/weight_o_reg[4]/D
  -------------------------------------------------------------------    -------------------

                         (clock clk rise edge)        0.000     0.000 r  
                                                      0.000     0.000 r  clk (IN)
                         net (fo=0)                   0.000     0.000    clk
                         IBUF (Prop_ibuf_I_O)         0.391     0.391 r  clk_IBUF_inst/O
                         net (fo=1, unplaced)         0.355     0.746    clk_IBUF
                         BUFG (Prop_bufg_I_O)         0.029     0.775 r  clk_IBUF_BUFG_inst/O
                         net (fo=292, unplaced)       0.259     1.034    u_pe/clk_IBUF_BUFG
                         FDCE                                         r  u_pe/weight_o_reg[4]/C
                         clock pessimism             -0.210     0.824    
                         FDCE (Hold_fdce_C_D)         0.105     0.929    u_pe/weight_o_reg[4]
  -------------------------------------------------------------------
                         required time                         -0.929    
                         arrival time                           1.065    
  -------------------------------------------------------------------
                         slack                                  0.136    

Slack (MET) :             0.136ns  (arrival time - required time)
  Source:                 u_pe/weight_o_reg[8]/C
                            (rising edge-triggered cell FDCE clocked by clk  {rise@0.000ns fall@5.000ns period=10.000ns})
  Destination:            u_pe/weight_o_reg[8]/D
                            (rising edge-triggered cell FDCE clocked by clk  {rise@0.000ns fall@5.000ns period=10.000ns})
  Path Group:             clk
  Path Type:              Hold (Min at Fast Process Corner)
  Requirement:            0.000ns  (clk rise@0.000ns - clk rise@0.000ns)
  Data Path Delay:        0.386ns  (logic 0.256ns (66.351%)  route 0.130ns (33.649%))
  Logic Levels:           2  (CARRY4=1 LUT6=1)
  Clock Path Skew:        0.145ns (DCD - SCD - CPR)
    Destination Clock Delay (DCD):    1.034ns
    Source Clock Delay      (SCD):    0.679ns
    Clock Pessimism Removal (CPR):    0.210ns

    Location             Delay type                Incr(ns)  Path(ns)    Netlist Resource(s)
  -------------------------------------------------------------------    -------------------
                         (clock clk rise edge)        0.000     0.000 r  
                                                      0.000     0.000 r  clk (IN)
                         net (fo=0)                   0.000     0.000    clk
                         IBUF (Prop_ibuf_I_O)         0.202     0.202 r  clk_IBUF_inst/O
                         net (fo=1, unplaced)         0.337     0.539    clk_IBUF
                         BUFG (Prop_bufg_I_O)         0.026     0.565 r  clk_IBUF_BUFG_inst/O
                         net (fo=292, unplaced)       0.114     0.679    u_pe/clk_IBUF_BUFG
                         FDCE                                         r  u_pe/weight_o_reg[8]/C
  -------------------------------------------------------------------    -------------------
                         FDCE (Prop_fdce_C_Q)         0.141     0.820 r  u_pe/weight_o_reg[8]/Q
                         net (fo=2, unplaced)         0.130     0.950    u_table/weight_o_OBUF[8]
                         LUT6 (Prop_lut6_I5_O)        0.045     0.995 r  u_table/weight_o[8]_i_9/O
                         net (fo=1, unplaced)         0.000     0.995    u_table/weight_o[8]_i_9_n_0
                         CARRY4 (Prop_carry4_S[0]_O[0])
                                                      0.070     1.065 r  u_table/weight_o_reg[8]_i_1/O[0]
                         net (fo=1, unplaced)         0.000     1.065    u_pe/weight_o_reg[11]_0[0]
                         FDCE                                         r  u_pe/weight_o_reg[8]/D
  -------------------------------------------------------------------    -------------------

                         (clock clk rise edge)        0.000     0.000 r  
                                                      0.000     0.000 r  clk (IN)
                         net (fo=0)                   0.000     0.000    clk
                         IBUF (Prop_ibuf_I_O)         0.391     0.391 r  clk_IBUF_inst/O
                         net (fo=1, unplaced)         0.355     0.746    clk_IBUF
                         BUFG (Prop_bufg_I_O)         0.029     0.775 r  clk_IBUF_BUFG_inst/O
                         net (fo=292, unplaced)       0.259     1.034    u_pe/clk_IBUF_BUFG
                         FDCE                                         r  u_pe/weight_o_reg[8]/C
                         clock pessimism             -0.210     0.824    
                         FDCE (Hold_fdce_C_D)         0.105     0.929    u_pe/weight_o_reg[8]
  -------------------------------------------------------------------
                         required time                         -0.929    
                         arrival time                           1.065    
  -------------------------------------------------------------------
                         slack                                  0.136    





Pulse Width Checks
--------------------------------------------------------------------------------------
Clock Name:         clk
Waveform(ns):       { 0.000 5.000 }
Period(ns):         10.000
Sources:            { clk }

Check Type        Corner  Lib Pin             Reference Pin  Required(ns)  Actual(ns)  Slack(ns)  Location  Pin
Min Period        n/a     RAMB36E1/CLKARDCLK  n/a            2.892         10.000      7.108                u_table/data_reg_0_0/CLKARDCLK
Min Period        n/a     RAMB36E1/CLKARDCLK  n/a            2.892         10.000      7.108                u_table/data_reg_0_1/CLKARDCLK
Min Period        n/a     RAMB36E1/CLKARDCLK  n/a            2.892         10.000      7.108                u_table/data_reg_0_10/CLKARDCLK
Min Period        n/a     RAMB36E1/CLKARDCLK  n/a            2.892         10.000      7.108                u_table/data_reg_0_11/CLKARDCLK
Min Period        n/a     RAMB36E1/CLKARDCLK  n/a            2.892         10.000      7.108                u_table/data_reg_0_12/CLKARDCLK
Min Period        n/a     RAMB36E1/CLKARDCLK  n/a            2.892         10.000      7.108                u_table/data_reg_0_2/CLKARDCLK
Min Period        n/a     RAMB36E1/CLKARDCLK  n/a            2.892         10.000      7.108                u_table/data_reg_0_3/CLKARDCLK
Min Period        n/a     RAMB36E1/CLKARDCLK  n/a            2.892         10.000      7.108                u_table/data_reg_0_4/CLKARDCLK
Min Period        n/a     RAMB36E1/CLKARDCLK  n/a            2.892         10.000      7.108                u_table/data_reg_0_5/CLKARDCLK
Min Period        n/a     RAMB36E1/CLKARDCLK  n/a            2.892         10.000      7.108                u_table/data_reg_0_6/CLKARDCLK
Low Pulse Width   Slow    FDPE/C              n/a            0.500         5.000       4.500                FSM_onehot_state_reg[0]/C
Low Pulse Width   Fast    FDPE/C              n/a            0.500         5.000       4.500                FSM_onehot_state_reg[0]/C
Low Pulse Width   Slow    FDCE/C              n/a            0.500         5.000       4.500                FSM_onehot_state_reg[1]/C
Low Pulse Width   Fast    FDCE/C              n/a            0.500         5.000       4.500                FSM_onehot_state_reg[1]/C
Low Pulse Width   Slow    FDCE/C              n/a            0.500         5.000       4.500                FSM_onehot_state_reg[2]/C
Low Pulse Width   Fast    FDCE/C              n/a            0.500         5.000       4.500                FSM_onehot_state_reg[2]/C
Low Pulse Width   Slow    FDCE/C              n/a            0.500         5.000       4.500                FSM_onehot_state_reg[3]/C
Low Pulse Width   Fast    FDCE/C              n/a            0.500         5.000       4.500                FSM_onehot_state_reg[3]/C
Low Pulse Width   Slow    FDCE/C              n/a            0.500         5.000       4.500                FSM_onehot_state_reg[4]/C
Low Pulse Width   Fast    FDCE/C              n/a            0.500         5.000       4.500                FSM_onehot_state_reg[4]/C
High Pulse Width  Slow    FDPE/C              n/a            0.500         5.000       4.500                FSM_onehot_state_reg[0]/C
High Pulse Width  Fast    FDPE/C              n/a            0.500         5.000       4.500                FSM_onehot_state_reg[0]/C
High Pulse Width  Slow    FDCE/C              n/a            0.500         5.000       4.500                FSM_onehot_state_reg[1]/C
High Pulse Width  Fast    FDCE/C              n/a            0.500         5.000       4.500                FSM_onehot_state_reg[1]/C
High Pulse Width  Slow    FDCE/C              n/a            0.500         5.000       4.500                FSM_onehot_state_reg[2]/C
High Pulse Width  Fast    FDCE/C              n/a            0.500         5.000       4.500                FSM_onehot_state_reg[2]/C
High Pulse Width  Slow    FDCE/C              n/a            0.500         5.000       4.500                FSM_onehot_state_reg[3]/C
High Pulse Width  Fast    FDCE/C              n/a            0.500         5.000       4.500                FSM_onehot_state_reg[3]/C
High Pulse Width  Slow    FDCE/C              n/a            0.500         5.000       4.500                FSM_onehot_state_reg[4]/C
High Pulse Width  Fast    FDCE/C              n/a            0.500         5.000       4.500                FSM_onehot_state_reg[4]/C



