Copyright 1986-2022 Xilinx, Inc. All Rights Reserved. Copyright 2022-2024 Advanced Micro Devices, Inc. All Rights Reserved.
---------------------------------------------------------------------------------------------------------------------------------------------
| Tool Version : Vivado v.2024.1 (win64) Build 5076996 Wed May 22 18:37:14 MDT 2024
| Date         : Wed Sep  2 14:32:13 2026
| Host         : BOOK-S5JNKNEIOB running 64-bit major release  (build 9200)
| Command      : report_timing_summary -file timing_direction_gen.rpt -max_paths 10
| Design       : direction_gen
| Device       : 7a35ti-csg324
| Speed File   : -1L  PRODUCTION 1.23 2018-06-13
| Design State : Synthesized
---------------------------------------------------------------------------------------------------------------------------------------------

Timing Summary Report

------------------------------------------------------------------------------------------------
| Timer Settings
| --------------
------------------------------------------------------------------------------------------------

  Enable Multi Corner Analysis               :  Yes
  Enable Pessimism Removal                   :  Yes
  Pessimism Removal Resolution               :  Nearest Common Node
  Enable Input Delay Default Clock           :  No
  Enable Preset / Clear Arcs                 :  No
  Disable Flight Delays                      :  No
  Ignore I/O Paths                           :  No
  Timing Early Launch at Borrowing Latches   :  No
  Borrow Time for Max Delay Exceptions       :  Yes
  Merge Timing Exceptions                    :  Yes
  Inter-SLR Compensation                     :  Conservative

  Corner  Analyze    Analyze    
  Name    Max Paths  Min Paths  
  ------  ---------  ---------  
  Slow    Yes        Yes        
  Fast    Yes        Yes        


------------------------------------------------------------------------------------------------
| Report Methodology
| ------------------
------------------------------------------------------------------------------------------------

No report available as report_methodology has not been run prior. Run report_methodology on the current design for the summary of methodology violations.



check_timing report

Table of Contents
-----------------
1. checking no_clock (0)
2. checking constant_clock (0)
3. checking pulse_width_clock (0)
4. checking unconstrained_internal_endpoints (0)
5. checking no_input_delay (27)
6. checking no_output_delay (37)
7. checking multiple_clock (0)
8. checking generated_clocks (0)
9. checking loops (0)
10. checking partial_input_delay (0)
11. checking partial_output_delay (0)
12. checking latch_loops (0)

1. checking no_clock (0)
------------------------
 There are 0 register/latch pins with no clock.


2. checking constant_clock (0)
------------------------------
 There are 0 register/latch pins with constant_clock.


3. checking pulse_width_clock (0)
---------------------------------
 There are 0 register/latch pins which need pulse_width check


4. checking unconstrained_internal_endpoints (0)
------------------------------------------------
 There are 0 pins that are not constrained for maximum delay.

 There are 0 pins that are not constrained for maximum delay due to constant clock.


5. checking no_input_delay (27)
-------------------------------
 There are 27 input ports with no input delay specified. (HIGH)

 There are 0 input ports with no input delay but user has a false path constraint.


6. checking no_output_delay (37)
--------------------------------
 There are 37 ports with no output delay specified. (HIGH)

 There are 0 ports with no output delay but user has a false path constraint

 There are 0 ports with no output delay but with a timing clock defined on it or propagating through it


7. checking multiple_clock (0)
------------------------------
 There are 0 register/latch pins with multiple clocks.


8. checking generated_clocks (0)
--------------------------------
 There are 0 generated clocks that are not connected to a clock source.


9. checking loops (0)
---------------------
 There are 0 combinational loops in the design.


10. checking partial_input_delay (0)
------------------------------------
 There are 0 input ports with partial input delay specified.


11. checking partial_output_delay (0)
-------------------------------------
 There are 0 ports with partial output delay specified.


12. checking latch_loops (0)
----------------------------
 There are 0 combinational latch loops in the design through latch input



------------------------------------------------------------------------------------------------
| Design Timing Summary
| ---------------------
------------------------------------------------------------------------------------------------

    WNS(ns)      TNS(ns)  TNS Failing Endpoints  TNS Total Endpoints      WHS(ns)      THS(ns)  THS Failing Endpoints  THS Total Endpoints     WPWS(ns)     TPWS(ns)  TPWS Failing Endpoints  TPWS Total Endpoints  
    -------      -------  ---------------------  -------------------      -------      -------  ---------------------  -------------------     --------     --------  ----------------------  --------------------  
      4.119        0.000                      0                  345        0.142        0.000                      0                  345        4.500        0.000                       0                   188  


All user specified timing constraints are met.


------------------------------------------------------------------------------------------------
| Clock Summary
| -------------
------------------------------------------------------------------------------------------------

Clock  Waveform(ns)       Period(ns)      Frequency(MHz)
-----  ------------       ----------      --------------
clk    {0.000 5.000}      10.000          100.000         


------------------------------------------------------------------------------------------------
| Intra Clock Table
| -----------------
------------------------------------------------------------------------------------------------

Clock             WNS(ns)      TNS(ns)  TNS Failing Endpoints  TNS Total Endpoints      WHS(ns)      THS(ns)  THS Failing Endpoints  THS Total Endpoints     WPWS(ns)     TPWS(ns)  TPWS Failing Endpoints  TPWS Total Endpoints  
-----             -------      -------  ---------------------  -------------------      -------      -------  ---------------------  -------------------     --------     --------  ----------------------  --------------------  
clk                 4.119        0.000                      0                  345        0.142        0.000                      0                  345        4.500        0.000                       0                   188  


------------------------------------------------------------------------------------------------
| Inter Clock Table
| -----------------
------------------------------------------------------------------------------------------------

From Clock    To Clock          WNS(ns)      TNS(ns)  TNS Failing Endpoints  TNS Total Endpoints      WHS(ns)      THS(ns)  THS Failing Endpoints  THS Total Endpoints  
----------    --------          -------      -------  ---------------------  -------------------      -------      -------  ---------------------  -------------------  


------------------------------------------------------------------------------------------------
| Other Path Groups Table
| -----------------------
------------------------------------------------------------------------------------------------

Path Group    From Clock    To Clock          WNS(ns)      TNS(ns)  TNS Failing Endpoints  TNS Total Endpoints      WHS(ns)      THS(ns)  THS Failing Endpoints  THS Total Endpoints  
----------    ----------    --------          -------      -------  ---------------------  -------------------      -------      -------  ---------------------  -------------------  


------------------------------------------------------------------------------------------------
| Timing Details
| --------------
------------------------------------------------------------------------------------------------


---------------------------------------------------------------------------------------------------
From Clock:  clk
  To Clock:  clk

Setup :            0  Failing Endpoints,  Worst Slack        4.119ns,  Total Violation        0.000ns
Hold  :            0  Failing Endpoints,  Worst Slack        0.142ns,  Total Violation        0.000ns
PW    :            0  Failing Endpoints,  Worst Slack        4.500ns,  Total Violation        0.000ns
---------------------------------------------------------------------------------------------------


Max Delay Paths
--------------------------------------------------------------------------------------
Slack (MET) :             4.119ns  (required time - arrival time)
  Source:                 u_cordic/u_core/y_reg_reg[15]/C
                            (rising edge-triggered cell FDCE clocked by clk  {rise@0.000ns fall@5.000ns period=10.000ns})
  Destination:            u_cordic/u_core/x_reg_reg[15]/D
                            (rising edge-triggered cell FDCE clocked by clk  {rise@0.000ns fall@5.000ns period=10.000ns})
  Path Group:             clk
  Path Type:              Setup (Max at Slow Process Corner)
  Requirement:            10.000ns  (clk rise@10.000ns - clk rise@0.000ns)
  Data Path Delay:        5.730ns  (logic 2.545ns (44.415%)  route 3.185ns (55.585%))
  Logic Levels:           8  (CARRY4=4 LUT3=2 LUT5=1 LUT6=1)
  Clock Path Skew:        -0.145ns (DCD - SCD + CPR)
    Destination Clock Delay (DCD):    2.129ns = ( 12.129 - 10.000 ) 
    Source Clock Delay      (SCD):    2.453ns
    Clock Pessimism Removal (CPR):    0.179ns
  Clock Uncertainty:      0.035ns  ((TSJ^2 + TIJ^2)^1/2 + DJ) / 2 + PE
    Total System Jitter     (TSJ):    0.071ns
    Total Input Jitter      (TIJ):    0.000ns
    Discrete Jitter          (DJ):    0.000ns
    Phase Error              (PE):    0.000ns

    Location             Delay type                Incr(ns)  Path(ns)    Netlist Resource(s)
  -------------------------------------------------------------------    -------------------
                         (clock clk rise edge)        0.000     0.000 r  
                                                      0.000     0.000 r  clk (IN)
                         net (fo=0)                   0.000     0.000    clk
                         IBUF (Prop_ibuf_I_O)         0.973     0.973 r  clk_IBUF_inst/O
                         net (fo=1, unplaced)         0.800     1.773    clk_IBUF
                         BUFG (Prop_bufg_I_O)         0.096     1.869 r  clk_IBUF_BUFG_inst/O
                         net (fo=187, unplaced)       0.584     2.453    u_cordic/u_core/CLK
                         FDCE                                         r  u_cordic/u_core/y_reg_reg[15]/C
  -------------------------------------------------------------------    -------------------
                         FDCE (Prop_fdce_C_Q)         0.456     2.909 r  u_cordic/u_core/y_reg_reg[15]/Q
                         net (fo=8, unplaced)         1.003     3.912    u_cordic/u_core/y_reg[15]
                         LUT6 (Prop_lut6_I0_O)        0.295     4.207 f  u_cordic/u_core/i__carry_i_15__0/O
                         net (fo=2, unplaced)         0.430     4.637    u_cordic/u_core/i__carry_i_15__0_n_0
                         LUT3 (Prop_lut3_I0_O)        0.150     4.787 f  u_cordic/u_core/i__carry_i_9__0/O
                         net (fo=2, unplaced)         0.460     5.247    u_cordic/u_core/i__carry_i_9__0_n_0
                         LUT5 (Prop_lut5_I0_O)        0.124     5.371 r  u_cordic/u_core/i__carry_i_5__1/O
                         net (fo=1, unplaced)         0.665     6.036    u_cordic/u_core/i__carry_i_5__1_n_0
                         CARRY4 (Prop_carry4_S[0]_CO[3])
                                                      0.656     6.692 r  u_cordic/u_core/_inferred__7/i__carry/CO[3]
                         net (fo=1, unplaced)         0.009     6.701    u_cordic/u_core/_inferred__7/i__carry_n_0
                         CARRY4 (Prop_carry4_CI_CO[3])
                                                      0.114     6.815 r  u_cordic/u_core/_inferred__7/i__carry__0/CO[3]
                         net (fo=1, unplaced)         0.000     6.815    u_cordic/u_core/_inferred__7/i__carry__0_n_0
                         CARRY4 (Prop_carry4_CI_CO[3])
                                                      0.114     6.929 r  u_cordic/u_core/_inferred__7/i__carry__1/CO[3]
                         net (fo=1, unplaced)         0.000     6.929    u_cordic/u_core/_inferred__7/i__carry__1_n_0
                         CARRY4 (Prop_carry4_CI_O[3])
                                                      0.329     7.258 r  u_cordic/u_core/_inferred__7/i__carry__2/O[3]
                         net (fo=1, unplaced)         0.618     7.876    u_cordic/u_core/in8[15]
                         LUT3 (Prop_lut3_I1_O)        0.307     8.183 r  u_cordic/u_core/x_reg[15]_i_1/O
                         net (fo=1, unplaced)         0.000     8.183    u_cordic/u_core/x_reg[15]_i_1_n_0
                         FDCE                                         r  u_cordic/u_core/x_reg_reg[15]/D
  -------------------------------------------------------------------    -------------------

                         (clock clk rise edge)       10.000    10.000 r  
                                                      0.000    10.000 r  clk (IN)
                         net (fo=0)                   0.000    10.000    clk
                         IBUF (Prop_ibuf_I_O)         0.840    10.840 r  clk_IBUF_inst/O
                         net (fo=1, unplaced)         0.760    11.599    clk_IBUF
                         BUFG (Prop_bufg_I_O)         0.091    11.690 r  clk_IBUF_BUFG_inst/O
                         net (fo=187, unplaced)       0.439    12.129    u_cordic/u_core/CLK
                         FDCE                                         r  u_cordic/u_core/x_reg_reg[15]/C
                         clock pessimism              0.179    12.308    
                         clock uncertainty           -0.035    12.273    
                         FDCE (Setup_fdce_C_D)        0.029    12.302    u_cordic/u_core/x_reg_reg[15]
  -------------------------------------------------------------------
                         required time                         12.302    
                         arrival time                          -8.183    
  -------------------------------------------------------------------
                         slack                                  4.119    

Slack (MET) :             4.119ns  (required time - arrival time)
  Source:                 u_cordic/u_core/x_reg_reg[15]/C
                            (rising edge-triggered cell FDCE clocked by clk  {rise@0.000ns fall@5.000ns period=10.000ns})
  Destination:            u_cordic/u_core/y_reg_reg[15]/D
                            (rising edge-triggered cell FDCE clocked by clk  {rise@0.000ns fall@5.000ns period=10.000ns})
  Path Group:             clk
  Path Type:              Setup (Max at Slow Process Corner)
  Requirement:            10.000ns  (clk rise@10.000ns - clk rise@0.000ns)
  Data Path Delay:        5.730ns  (logic 2.545ns (44.415%)  route 3.185ns (55.585%))
  Logic Levels:           8  (CARRY4=4 LUT2=1 LUT3=1 LUT5=1 LUT6=1)
  Clock Path Skew:        -0.145ns (DCD - SCD + CPR)
    Destination Clock Delay (DCD):    2.129ns = ( 12.129 - 10.000 ) 
    Source Clock Delay      (SCD):    2.453ns
    Clock Pessimism Removal (CPR):    0.179ns
  Clock Uncertainty:      0.035ns  ((TSJ^2 + TIJ^2)^1/2 + DJ) / 2 + PE
    Total System Jitter     (TSJ):    0.071ns
    Total Input Jitter      (TIJ):    0.000ns
    Discrete Jitter          (DJ):    0.000ns
    Phase Error              (PE):    0.000ns

    Location             Delay type                Incr(ns)  Path(ns)    Netlist Resource(s)
  -------------------------------------------------------------------    -------------------
                         (clock clk rise edge)        0.000     0.000 r  
                                                      0.000     0.000 r  clk (IN)
                         net (fo=0)                   0.000     0.000    clk
                         IBUF (Prop_ibuf_I_O)         0.973     0.973 r  clk_IBUF_inst/O
                         net (fo=1, unplaced)         0.800     1.773    clk_IBUF
                         BUFG (Prop_bufg_I_O)         0.096     1.869 r  clk_IBUF_BUFG_inst/O
                         net (fo=187, unplaced)       0.584     2.453    u_cordic/u_core/CLK
                         FDCE                                         r  u_cordic/u_core/x_reg_reg[15]/C
  -------------------------------------------------------------------    -------------------
                         FDCE (Prop_fdce_C_Q)         0.456     2.909 r  u_cordic/u_core/x_reg_reg[15]/Q
                         net (fo=8, unplaced)         1.003     3.912    u_cordic/u_core/x_reg[15]
                         LUT6 (Prop_lut6_I0_O)        0.295     4.207 r  u_cordic/u_core/i__carry_i_14/O
                         net (fo=2, unplaced)         0.430     4.637    u_cordic/u_core/i__carry_i_14_n_0
                         LUT3 (Prop_lut3_I0_O)        0.150     4.787 r  u_cordic/u_core/i__carry_i_8/O
                         net (fo=2, unplaced)         0.460     5.247    u_cordic/u_core/i__carry_i_8_n_0
                         LUT5 (Prop_lut5_I0_O)        0.124     5.371 r  u_cordic/u_core/i__carry_i_4__1__0/O
                         net (fo=1, unplaced)         0.665     6.036    u_cordic/u_core/i__carry_i_4__1__0_n_0
                         CARRY4 (Prop_carry4_S[0]_CO[3])
                                                      0.656     6.692 r  u_cordic/u_core/_inferred__4/i__carry/CO[3]
                         net (fo=1, unplaced)         0.009     6.701    u_cordic/u_core/_inferred__4/i__carry_n_0
                         CARRY4 (Prop_carry4_CI_CO[3])
                                                      0.114     6.815 r  u_cordic/u_core/_inferred__4/i__carry__0/CO[3]
                         net (fo=1, unplaced)         0.000     6.815    u_cordic/u_core/_inferred__4/i__carry__0_n_0
                         CARRY4 (Prop_carry4_CI_CO[3])
                                                      0.114     6.929 r  u_cordic/u_core/_inferred__4/i__carry__1/CO[3]
                         net (fo=1, unplaced)         0.000     6.929    u_cordic/u_core/_inferred__4/i__carry__1_n_0
                         CARRY4 (Prop_carry4_CI_O[3])
                                                      0.329     7.258 r  u_cordic/u_core/_inferred__4/i__carry__2/O[3]
                         net (fo=1, unplaced)         0.618     7.876    u_cordic/u_core/in7[15]
                         LUT2 (Prop_lut2_I0_O)        0.307     8.183 r  u_cordic/u_core/y_reg[15]_i_1/O
                         net (fo=1, unplaced)         0.000     8.183    u_cordic/u_core/y_reg[15]_i_1_n_0
                         FDCE                                         r  u_cordic/u_core/y_reg_reg[15]/D
  -------------------------------------------------------------------    -------------------

                         (clock clk rise edge)       10.000    10.000 r  
                                                      0.000    10.000 r  clk (IN)
                         net (fo=0)                   0.000    10.000    clk
                         IBUF (Prop_ibuf_I_O)         0.840    10.840 r  clk_IBUF_inst/O
                         net (fo=1, unplaced)         0.760    11.599    clk_IBUF
                         BUFG (Prop_bufg_I_O)         0.091    11.690 r  clk_IBUF_BUFG_inst/O
                         net (fo=187, unplaced)       0.439    12.129    u_cordic/u_core/CLK
                         FDCE                                         r  u_cordic/u_core/y_reg_reg[15]/C
                         clock pessimism              0.179    12.308    
                         clock uncertainty           -0.035    12.273    
                         FDCE (Setup_fdce_C_D)        0.029    12.302    u_cordic/u_core/y_reg_reg[15]
  -------------------------------------------------------------------
                         required time                         12.302    
                         arrival time                          -8.183    
  -------------------------------------------------------------------
                         slack                                  4.119    

Slack (MET) :             4.233ns  (required time - arrival time)
  Source:                 u_cordic/u_core/y_reg_reg[15]/C
                            (rising edge-triggered cell FDCE clocked by clk  {rise@0.000ns fall@5.000ns period=10.000ns})
  Destination:            u_cordic/u_core/x_reg_reg[11]/D
                            (rising edge-triggered cell FDCE clocked by clk  {rise@0.000ns fall@5.000ns period=10.000ns})
  Path Group:             clk
  Path Type:              Setup (Max at Slow Process Corner)
  Requirement:            10.000ns  (clk rise@10.000ns - clk rise@0.000ns)
  Data Path Delay:        5.616ns  (logic 2.431ns (43.287%)  route 3.185ns (56.713%))
  Logic Levels:           7  (CARRY4=3 LUT3=2 LUT5=1 LUT6=1)
  Clock Path Skew:        -0.145ns (DCD - SCD + CPR)
    Destination Clock Delay (DCD):    2.129ns = ( 12.129 - 10.000 ) 
    Source Clock Delay      (SCD):    2.453ns
    Clock Pessimism Removal (CPR):    0.179ns
  Clock Uncertainty:      0.035ns  ((TSJ^2 + TIJ^2)^1/2 + DJ) / 2 + PE
    Total System Jitter     (TSJ):    0.071ns
    Total Input Jitter      (TIJ):    0.000ns
    Discrete Jitter          (DJ):    0.000ns
    Phase Error              (PE):    0.000ns

    Location             Delay type                Incr(ns)  Path(ns)    Netlist Resource(s)
  -------------------------------------------------------------------    -------------------
                         (clock clk rise edge)        0.000     0.000 r  
                                                      0.000     0.000 r  clk (IN)
                         net (fo=0)                   0.000     0.000    clk
                         IBUF (Prop_ibuf_I_O)         0.973     0.973 r  clk_IBUF_inst/O
                         net (fo=1, unplaced)         0.800     1.773    clk_IBUF
                         BUFG (Prop_bufg_I_O)         0.096     1.869 r  clk_IBUF_BUFG_inst/O
                         net (fo=187, unplaced)       0.584     2.453    u_cordic/u_core/CLK
                         FDCE                                         r  u_cordic/u_core/y_reg_reg[15]/C
  -------------------------------------------------------------------    -------------------
                         FDCE (Prop_fdce_C_Q)         0.456     2.909 r  u_cordic/u_core/y_reg_reg[15]/Q
                         net (fo=8, unplaced)         1.003     3.912    u_cordic/u_core/y_reg[15]
                         LUT6 (Prop_lut6_I0_O)        0.295     4.207 f  u_cordic/u_core/i__carry_i_15__0/O
                         net (fo=2, unplaced)         0.430     4.637    u_cordic/u_core/i__carry_i_15__0_n_0
                         LUT3 (Prop_lut3_I0_O)        0.150     4.787 f  u_cordic/u_core/i__carry_i_9__0/O
                         net (fo=2, unplaced)         0.460     5.247    u_cordic/u_core/i__carry_i_9__0_n_0
                         LUT5 (Prop_lut5_I0_O)        0.124     5.371 r  u_cordic/u_core/i__carry_i_5__1/O
                         net (fo=1, unplaced)         0.665     6.036    u_cordic/u_core/i__carry_i_5__1_n_0
                         CARRY4 (Prop_carry4_S[0]_CO[3])
                                                      0.656     6.692 r  u_cordic/u_core/_inferred__7/i__carry/CO[3]
                         net (fo=1, unplaced)         0.009     6.701    u_cordic/u_core/_inferred__7/i__carry_n_0
                         CARRY4 (Prop_carry4_CI_CO[3])
                                                      0.114     6.815 r  u_cordic/u_core/_inferred__7/i__carry__0/CO[3]
                         net (fo=1, unplaced)         0.000     6.815    u_cordic/u_core/_inferred__7/i__carry__0_n_0
                         CARRY4 (Prop_carry4_CI_O[3])
                                                      0.329     7.144 r  u_cordic/u_core/_inferred__7/i__carry__1/O[3]
                         net (fo=1, unplaced)         0.618     7.762    u_cordic/u_core/in8[11]
                         LUT3 (Prop_lut3_I1_O)        0.307     8.069 r  u_cordic/u_core/x_reg[11]_i_1/O
                         net (fo=1, unplaced)         0.000     8.069    u_cordic/u_core/x_reg[11]_i_1_n_0
                         FDCE                                         r  u_cordic/u_core/x_reg_reg[11]/D
  -------------------------------------------------------------------    -------------------

                         (clock clk rise edge)       10.000    10.000 r  
                                                      0.000    10.000 r  clk (IN)
                         net (fo=0)                   0.000    10.000    clk
                         IBUF (Prop_ibuf_I_O)         0.840    10.840 r  clk_IBUF_inst/O
                         net (fo=1, unplaced)         0.760    11.599    clk_IBUF
                         BUFG (Prop_bufg_I_O)         0.091    11.690 r  clk_IBUF_BUFG_inst/O
                         net (fo=187, unplaced)       0.439    12.129    u_cordic/u_core/CLK
                         FDCE                                         r  u_cordic/u_core/x_reg_reg[11]/C
                         clock pessimism              0.179    12.308    
                         clock uncertainty           -0.035    12.273    
                         FDCE (Setup_fdce_C_D)        0.029    12.302    u_cordic/u_core/x_reg_reg[11]
  -------------------------------------------------------------------
                         required time                         12.302    
                         arrival time                          -8.069    
  -------------------------------------------------------------------
                         slack                                  4.233    

Slack (MET) :             4.233ns  (required time - arrival time)
  Source:                 u_cordic/u_core/x_reg_reg[15]/C
                            (rising edge-triggered cell FDCE clocked by clk  {rise@0.000ns fall@5.000ns period=10.000ns})
  Destination:            u_cordic/u_core/y_reg_reg[11]/D
                            (rising edge-triggered cell FDCE clocked by clk  {rise@0.000ns fall@5.000ns period=10.000ns})
  Path Group:             clk
  Path Type:              Setup (Max at Slow Process Corner)
  Requirement:            10.000ns  (clk rise@10.000ns - clk rise@0.000ns)
  Data Path Delay:        5.616ns  (logic 2.431ns (43.287%)  route 3.185ns (56.713%))
  Logic Levels:           7  (CARRY4=3 LUT2=1 LUT3=1 LUT5=1 LUT6=1)
  Clock Path Skew:        -0.145ns (DCD - SCD + CPR)
    Destination Clock Delay (DCD):    2.129ns = ( 12.129 - 10.000 ) 
    Source Clock Delay      (SCD):    2.453ns
    Clock Pessimism Removal (CPR):    0.179ns
  Clock Uncertainty:      0.035ns  ((TSJ^2 + TIJ^2)^1/2 + DJ) / 2 + PE
    Total System Jitter     (TSJ):    0.071ns
    Total Input Jitter      (TIJ):    0.000ns
    Discrete Jitter          (DJ):    0.000ns
    Phase Error              (PE):    0.000ns

    Location             Delay type                Incr(ns)  Path(ns)    Netlist Resource(s)
  -------------------------------------------------------------------    -------------------
                         (clock clk rise edge)        0.000     0.000 r  
                                                      0.000     0.000 r  clk (IN)
                         net (fo=0)                   0.000     0.000    clk
                         IBUF (Prop_ibuf_I_O)         0.973     0.973 r  clk_IBUF_inst/O
                         net (fo=1, unplaced)         0.800     1.773    clk_IBUF
                         BUFG (Prop_bufg_I_O)         0.096     1.869 r  clk_IBUF_BUFG_inst/O
                         net (fo=187, unplaced)       0.584     2.453    u_cordic/u_core/CLK
                         FDCE                                         r  u_cordic/u_core/x_reg_reg[15]/C
  -------------------------------------------------------------------    -------------------
                         FDCE (Prop_fdce_C_Q)         0.456     2.909 r  u_cordic/u_core/x_reg_reg[15]/Q
                         net (fo=8, unplaced)         1.003     3.912    u_cordic/u_core/x_reg[15]
                         LUT6 (Prop_lut6_I0_O)        0.295     4.207 r  u_cordic/u_core/i__carry_i_14/O
                         net (fo=2, unplaced)         0.430     4.637    u_cordic/u_core/i__carry_i_14_n_0
                         LUT3 (Prop_lut3_I0_O)        0.150     4.787 r  u_cordic/u_core/i__carry_i_8/O
                         net (fo=2, unplaced)         0.460     5.247    u_cordic/u_core/i__carry_i_8_n_0
                         LUT5 (Prop_lut5_I0_O)        0.124     5.371 r  u_cordic/u_core/i__carry_i_4__1__0/O
                         net (fo=1, unplaced)         0.665     6.036    u_cordic/u_core/i__carry_i_4__1__0_n_0
                         CARRY4 (Prop_carry4_S[0]_CO[3])
                                                      0.656     6.692 r  u_cordic/u_core/_inferred__4/i__carry/CO[3]
                         net (fo=1, unplaced)         0.009     6.701    u_cordic/u_core/_inferred__4/i__carry_n_0
                         CARRY4 (Prop_carry4_CI_CO[3])
                                                      0.114     6.815 r  u_cordic/u_core/_inferred__4/i__carry__0/CO[3]
                         net (fo=1, unplaced)         0.000     6.815    u_cordic/u_core/_inferred__4/i__carry__0_n_0
                         CARRY4 (Prop_carry4_CI_O[3])
                                                      0.329     7.144 r  u_cordic/u_core/_inferred__4/i__carry__1/O[3]
                         net (fo=1, unplaced)         0.618     7.762    u_cordic/u_core/in7[11]
                         LUT2 (Prop_lut2_I0_O)        0.307     8.069 r  u_cordic/u_core/y_reg[11]_i_1/O
                         net (fo=1, unplaced)         0.000     8.069    u_cordic/u_core/y_reg[11]_i_1_n_0
                         FDCE                                         r  u_cordic/u_core/y_reg_reg[11]/D
  -------------------------------------------------------------------    -------------------

                         (clock clk rise edge)       10.000    10.000 r  
                                                      0.000    10.000 r  clk (IN)
                         net (fo=0)                   0.000    10.000    clk
                         IBUF (Prop_ibuf_I_O)         0.840    10.840 r  clk_IBUF_inst/O
                         net (fo=1, unplaced)         0.760    11.599    clk_IBUF
                         BUFG (Prop_bufg_I_O)         0.091    11.690 r  clk_IBUF_BUFG_inst/O
                         net (fo=187, unplaced)       0.439    12.129    u_cordic/u_core/CLK
                         FDCE                                         r  u_cordic/u_core/y_reg_reg[11]/C
                         clock pessimism              0.179    12.308    
                         clock uncertainty           -0.035    12.273    
                         FDCE (Setup_fdce_C_D)        0.029    12.302    u_cordic/u_core/y_reg_reg[11]
  -------------------------------------------------------------------
                         required time                         12.302    
                         arrival time                          -8.069    
  -------------------------------------------------------------------
                         slack                                  4.233    

Slack (MET) :             4.293ns  (required time - arrival time)
  Source:                 u_cordic/u_core/y_reg_reg[15]/C
                            (rising edge-triggered cell FDCE clocked by clk  {rise@0.000ns fall@5.000ns period=10.000ns})
  Destination:            u_cordic/u_core/x_reg_reg[17]/D
                            (rising edge-triggered cell FDCE clocked by clk  {rise@0.000ns fall@5.000ns period=10.000ns})
  Path Group:             clk
  Path Type:              Setup (Max at Slow Process Corner)
  Requirement:            10.000ns  (clk rise@10.000ns - clk rise@0.000ns)
  Data Path Delay:        5.556ns  (logic 2.677ns (48.182%)  route 2.879ns (51.818%))
  Logic Levels:           9  (CARRY4=5 LUT2=1 LUT3=1 LUT5=1 LUT6=1)
  Clock Path Skew:        -0.145ns (DCD - SCD + CPR)
    Destination Clock Delay (DCD):    2.129ns = ( 12.129 - 10.000 ) 
    Source Clock Delay      (SCD):    2.453ns
    Clock Pessimism Removal (CPR):    0.179ns
  Clock Uncertainty:      0.035ns  ((TSJ^2 + TIJ^2)^1/2 + DJ) / 2 + PE
    Total System Jitter     (TSJ):    0.071ns
    Total Input Jitter      (TIJ):    0.000ns
    Discrete Jitter          (DJ):    0.000ns
    Phase Error              (PE):    0.000ns

    Location             Delay type                Incr(ns)  Path(ns)    Netlist Resource(s)
  -------------------------------------------------------------------    -------------------
                         (clock clk rise edge)        0.000     0.000 r  
                                                      0.000     0.000 r  clk (IN)
                         net (fo=0)                   0.000     0.000    clk
                         IBUF (Prop_ibuf_I_O)         0.973     0.973 r  clk_IBUF_inst/O
                         net (fo=1, unplaced)         0.800     1.773    clk_IBUF
                         BUFG (Prop_bufg_I_O)         0.096     1.869 r  clk_IBUF_BUFG_inst/O
                         net (fo=187, unplaced)       0.584     2.453    u_cordic/u_core/CLK
                         FDCE                                         r  u_cordic/u_core/y_reg_reg[15]/C
  -------------------------------------------------------------------    -------------------
                         FDCE (Prop_fdce_C_Q)         0.456     2.909 r  u_cordic/u_core/y_reg_reg[15]/Q
                         net (fo=8, unplaced)         1.003     3.912    u_cordic/u_core/y_reg[15]
                         LUT6 (Prop_lut6_I0_O)        0.295     4.207 f  u_cordic/u_core/i__carry_i_15__0/O
                         net (fo=2, unplaced)         0.430     4.637    u_cordic/u_core/i__carry_i_15__0_n_0
                         LUT3 (Prop_lut3_I0_O)        0.150     4.787 f  u_cordic/u_core/i__carry_i_9__0/O
                         net (fo=2, unplaced)         0.460     5.247    u_cordic/u_core/i__carry_i_9__0_n_0
                         LUT5 (Prop_lut5_I0_O)        0.124     5.371 r  u_cordic/u_core/i__carry_i_5__1/O
                         net (fo=1, unplaced)         0.665     6.036    u_cordic/u_core/i__carry_i_5__1_n_0
                         CARRY4 (Prop_carry4_S[0]_CO[3])
                                                      0.656     6.692 r  u_cordic/u_core/_inferred__7/i__carry/CO[3]
                         net (fo=1, unplaced)         0.009     6.701    u_cordic/u_core/_inferred__7/i__carry_n_0
                         CARRY4 (Prop_carry4_CI_CO[3])
                                                      0.114     6.815 r  u_cordic/u_core/_inferred__7/i__carry__0/CO[3]
                         net (fo=1, unplaced)         0.000     6.815    u_cordic/u_core/_inferred__7/i__carry__0_n_0
                         CARRY4 (Prop_carry4_CI_CO[3])
                                                      0.114     6.929 r  u_cordic/u_core/_inferred__7/i__carry__1/CO[3]
                         net (fo=1, unplaced)         0.000     6.929    u_cordic/u_core/_inferred__7/i__carry__1_n_0
                         CARRY4 (Prop_carry4_CI_CO[3])
                                                      0.114     7.043 r  u_cordic/u_core/_inferred__7/i__carry__2/CO[3]
                         net (fo=1, unplaced)         0.000     7.043    u_cordic/u_core/_inferred__7/i__carry__2_n_0
                         CARRY4 (Prop_carry4_CI_O[1])
                                                      0.348     7.391 r  u_cordic/u_core/_inferred__7/i__carry__3/O[1]
                         net (fo=1, unplaced)         0.312     7.703    u_cordic/u_core/in8[17]
                         LUT2 (Prop_lut2_I0_O)        0.306     8.009 r  u_cordic/u_core/x_reg[17]_i_1/O
                         net (fo=1, unplaced)         0.000     8.009    u_cordic/u_core/x_reg[17]_i_1_n_0
                         FDCE                                         r  u_cordic/u_core/x_reg_reg[17]/D
  -------------------------------------------------------------------    -------------------

                         (clock clk rise edge)       10.000    10.000 r  
                                                      0.000    10.000 r  clk (IN)
                         net (fo=0)                   0.000    10.000    clk
                         IBUF (Prop_ibuf_I_O)         0.840    10.840 r  clk_IBUF_inst/O
                         net (fo=1, unplaced)         0.760    11.599    clk_IBUF
                         BUFG (Prop_bufg_I_O)         0.091    11.690 r  clk_IBUF_BUFG_inst/O
                         net (fo=187, unplaced)       0.439    12.129    u_cordic/u_core/CLK
                         FDCE                                         r  u_cordic/u_core/x_reg_reg[17]/C
                         clock pessimism              0.179    12.308    
                         clock uncertainty           -0.035    12.273    
                         FDCE (Setup_fdce_C_D)        0.029    12.302    u_cordic/u_core/x_reg_reg[17]
  -------------------------------------------------------------------
                         required time                         12.302    
                         arrival time                          -8.009    
  -------------------------------------------------------------------
                         slack                                  4.293    

Slack (MET) :             4.293ns  (required time - arrival time)
  Source:                 u_cordic/u_core/x_reg_reg[15]/C
                            (rising edge-triggered cell FDCE clocked by clk  {rise@0.000ns fall@5.000ns period=10.000ns})
  Destination:            u_cordic/u_core/y_reg_reg[17]/D
                            (rising edge-triggered cell FDCE clocked by clk  {rise@0.000ns fall@5.000ns period=10.000ns})
  Path Group:             clk
  Path Type:              Setup (Max at Slow Process Corner)
  Requirement:            10.000ns  (clk rise@10.000ns - clk rise@0.000ns)
  Data Path Delay:        5.556ns  (logic 2.677ns (48.182%)  route 2.879ns (51.818%))
  Logic Levels:           9  (CARRY4=5 LUT2=1 LUT3=1 LUT5=1 LUT6=1)
  Clock Path Skew:        -0.145ns (DCD - SCD + CPR)
    Destination Clock Delay (DCD):    2.129ns = ( 12.129 - 10.000 ) 
    Source Clock Delay      (SCD):    2.453ns
    Clock Pessimism Removal (CPR):    0.179ns
  Clock Uncertainty:      0.035ns  ((TSJ^2 + TIJ^2)^1/2 + DJ) / 2 + PE
    Total System Jitter     (TSJ):    0.071ns
    Total Input Jitter      (TIJ):    0.000ns
    Discrete Jitter          (DJ):    0.000ns
    Phase Error              (PE):    0.000ns

    Location             Delay type                Incr(ns)  Path(ns)    Netlist Resource(s)
  -------------------------------------------------------------------    -------------------
                         (clock clk rise edge)        0.000     0.000 r  
                                                      0.000     0.000 r  clk (IN)
                         net (fo=0)                   0.000     0.000    clk
                         IBUF (Prop_ibuf_I_O)         0.973     0.973 r  clk_IBUF_inst/O
                         net (fo=1, unplaced)         0.800     1.773    clk_IBUF
                         BUFG (Prop_bufg_I_O)         0.096     1.869 r  clk_IBUF_BUFG_inst/O
                         net (fo=187, unplaced)       0.584     2.453    u_cordic/u_core/CLK
                         FDCE                                         r  u_cordic/u_core/x_reg_reg[15]/C
  -------------------------------------------------------------------    -------------------
                         FDCE (Prop_fdce_C_Q)         0.456     2.909 r  u_cordic/u_core/x_reg_reg[15]/Q
                         net (fo=8, unplaced)         1.003     3.912    u_cordic/u_core/x_reg[15]
                         LUT6 (Prop_lut6_I0_O)        0.295     4.207 r  u_cordic/u_core/i__carry_i_14/O
                         net (fo=2, unplaced)         0.430     4.637    u_cordic/u_core/i__carry_i_14_n_0
                         LUT3 (Prop_lut3_I0_O)        0.150     4.787 r  u_cordic/u_core/i__carry_i_8/O
                         net (fo=2, unplaced)         0.460     5.247    u_cordic/u_core/i__carry_i_8_n_0
                         LUT5 (Prop_lut5_I0_O)        0.124     5.371 r  u_cordic/u_core/i__carry_i_4__1__0/O
                         net (fo=1, unplaced)         0.665     6.036    u_cordic/u_core/i__carry_i_4__1__0_n_0
                         CARRY4 (Prop_carry4_S[0]_CO[3])
                                                      0.656     6.692 r  u_cordic/u_core/_inferred__4/i__carry/CO[3]
                         net (fo=1, unplaced)         0.009     6.701    u_cordic/u_core/_inferred__4/i__carry_n_0
                         CARRY4 (Prop_carry4_CI_CO[3])
                                                      0.114     6.815 r  u_cordic/u_core/_inferred__4/i__carry__0/CO[3]
                         net (fo=1, unplaced)         0.000     6.815    u_cordic/u_core/_inferred__4/i__carry__0_n_0
                         CARRY4 (Prop_carry4_CI_CO[3])
                                                      0.114     6.929 r  u_cordic/u_core/_inferred__4/i__carry__1/CO[3]
                         net (fo=1, unplaced)         0.000     6.929    u_cordic/u_core/_inferred__4/i__carry__1_n_0
                         CARRY4 (Prop_carry4_CI_CO[3])
                                                      0.114     7.043 r  u_cordic/u_core/_inferred__4/i__carry__2/CO[3]
                         net (fo=1, unplaced)         0.000     7.043    u_cordic/u_core/_inferred__4/i__carry__2_n_0
                         CARRY4 (Prop_carry4_CI_O[1])
                                                      0.348     7.391 r  u_cordic/u_core/_inferred__4/i__carry__3/O[1]
                         net (fo=1, unplaced)         0.312     7.703    u_cordic/u_core/in7[17]
                         LUT2 (Prop_lut2_I0_O)        0.306     8.009 r  u_cordic/u_core/y_reg[17]_i_1/O
                         net (fo=1, unplaced)         0.000     8.009    u_cordic/u_core/y_reg[17]_i_1_n_0
                         FDCE                                         r  u_cordic/u_core/y_reg_reg[17]/D
  -------------------------------------------------------------------    -------------------

                         (clock clk rise edge)       10.000    10.000 r  
                                                      0.000    10.000 r  clk (IN)
                         net (fo=0)                   0.000    10.000    clk
                         IBUF (Prop_ibuf_I_O)         0.840    10.840 r  clk_IBUF_inst/O
                         net (fo=1, unplaced)         0.760    11.599    clk_IBUF
                         BUFG (Prop_bufg_I_O)         0.091    11.690 r  clk_IBUF_BUFG_inst/O
                         net (fo=187, unplaced)       0.439    12.129    u_cordic/u_core/CLK
                         FDCE                                         r  u_cordic/u_core/y_reg_reg[17]/C
                         clock pessimism              0.179    12.308    
                         clock uncertainty           -0.035    12.273    
                         FDCE (Setup_fdce_C_D)        0.029    12.302    u_cordic/u_core/y_reg_reg[17]
  -------------------------------------------------------------------
                         required time                         12.302    
                         arrival time                          -8.009    
  -------------------------------------------------------------------
                         slack                                  4.293    

Slack (MET) :             4.347ns  (required time - arrival time)
  Source:                 u_cordic/u_core/y_reg_reg[15]/C
                            (rising edge-triggered cell FDCE clocked by clk  {rise@0.000ns fall@5.000ns period=10.000ns})
  Destination:            u_cordic/u_core/x_reg_reg[7]/D
                            (rising edge-triggered cell FDCE clocked by clk  {rise@0.000ns fall@5.000ns period=10.000ns})
  Path Group:             clk
  Path Type:              Setup (Max at Slow Process Corner)
  Requirement:            10.000ns  (clk rise@10.000ns - clk rise@0.000ns)
  Data Path Delay:        5.502ns  (logic 2.317ns (42.112%)  route 3.185ns (57.888%))
  Logic Levels:           6  (CARRY4=2 LUT2=1 LUT3=1 LUT5=1 LUT6=1)
  Clock Path Skew:        -0.145ns (DCD - SCD + CPR)
    Destination Clock Delay (DCD):    2.129ns = ( 12.129 - 10.000 ) 
    Source Clock Delay      (SCD):    2.453ns
    Clock Pessimism Removal (CPR):    0.179ns
  Clock Uncertainty:      0.035ns  ((TSJ^2 + TIJ^2)^1/2 + DJ) / 2 + PE
    Total System Jitter     (TSJ):    0.071ns
    Total Input Jitter      (TIJ):    0.000ns
    Discrete Jitter          (DJ):    0.000ns
    Phase Error              (PE):    0.000ns

    Location             Delay type                Incr(ns)  Path(ns)    Netlist Resource(s)
  -------------------------------------------------------------------    -------------------
                         (clock clk rise edge)        0.000     0.000 r  
                                                      0.000     0.000 r  clk (IN)
                         net (fo=0)                   0.000     0.000    clk
                         IBUF (Prop_ibuf_I_O)         0.973     0.973 r  clk_IBUF_inst/O
                         net (fo=1, unplaced)         0.800     1.773    clk_IBUF
                         BUFG (Prop_bufg_I_O)         0.096     1.869 r  clk_IBUF_BUFG_inst/O
                         net (fo=187, unplaced)       0.584     2.453    u_cordic/u_core/CLK
                         FDCE                                         r  u_cordic/u_core/y_reg_reg[15]/C
  -------------------------------------------------------------------    -------------------
                         FDCE (Prop_fdce_C_Q)         0.456     2.909 r  u_cordic/u_core/y_reg_reg[15]/Q
                         net (fo=8, unplaced)         1.003     3.912    u_cordic/u_core/y_reg[15]
                         LUT6 (Prop_lut6_I0_O)        0.295     4.207 f  u_cordic/u_core/i__carry_i_15__0/O
                         net (fo=2, unplaced)         0.430     4.637    u_cordic/u_core/i__carry_i_15__0_n_0
                         LUT3 (Prop_lut3_I0_O)        0.150     4.787 f  u_cordic/u_core/i__carry_i_9__0/O
                         net (fo=2, unplaced)         0.460     5.247    u_cordic/u_core/i__carry_i_9__0_n_0
                         LUT5 (Prop_lut5_I0_O)        0.124     5.371 r  u_cordic/u_core/i__carry_i_5__1/O
                         net (fo=1, unplaced)         0.665     6.036    u_cordic/u_core/i__carry_i_5__1_n_0
                         CARRY4 (Prop_carry4_S[0]_CO[3])
                                                      0.656     6.692 r  u_cordic/u_core/_inferred__7/i__carry/CO[3]
                         net (fo=1, unplaced)         0.009     6.701    u_cordic/u_core/_inferred__7/i__carry_n_0
                         CARRY4 (Prop_carry4_CI_O[3])
                                                      0.329     7.030 r  u_cordic/u_core/_inferred__7/i__carry__0/O[3]
                         net (fo=1, unplaced)         0.618     7.648    u_cordic/u_core/in8[7]
                         LUT2 (Prop_lut2_I0_O)        0.307     7.955 r  u_cordic/u_core/x_reg[7]_i_1/O
                         net (fo=1, unplaced)         0.000     7.955    u_cordic/u_core/x_reg[7]_i_1_n_0
                         FDCE                                         r  u_cordic/u_core/x_reg_reg[7]/D
  -------------------------------------------------------------------    -------------------

                         (clock clk rise edge)       10.000    10.000 r  
                                                      0.000    10.000 r  clk (IN)
                         net (fo=0)                   0.000    10.000    clk
                         IBUF (Prop_ibuf_I_O)         0.840    10.840 r  clk_IBUF_inst/O
                         net (fo=1, unplaced)         0.760    11.599    clk_IBUF
                         BUFG (Prop_bufg_I_O)         0.091    11.690 r  clk_IBUF_BUFG_inst/O
                         net (fo=187, unplaced)       0.439    12.129    u_cordic/u_core/CLK
                         FDCE                                         r  u_cordic/u_core/x_reg_reg[7]/C
                         clock pessimism              0.179    12.308    
                         clock uncertainty           -0.035    12.273    
                         FDCE (Setup_fdce_C_D)        0.029    12.302    u_cordic/u_core/x_reg_reg[7]
  -------------------------------------------------------------------
                         required time                         12.302    
                         arrival time                          -7.955    
  -------------------------------------------------------------------
                         slack                                  4.347    

Slack (MET) :             4.353ns  (required time - arrival time)
  Source:                 u_cordic/u_core/x_reg_reg[15]/C
                            (rising edge-triggered cell FDCE clocked by clk  {rise@0.000ns fall@5.000ns period=10.000ns})
  Destination:            u_cordic/u_core/y_reg_reg[7]/D
                            (rising edge-triggered cell FDCE clocked by clk  {rise@0.000ns fall@5.000ns period=10.000ns})
  Path Group:             clk
  Path Type:              Setup (Max at Slow Process Corner)
  Requirement:            10.000ns  (clk rise@10.000ns - clk rise@0.000ns)
  Data Path Delay:        5.496ns  (logic 2.311ns (42.049%)  route 3.185ns (57.951%))
  Logic Levels:           6  (CARRY4=2 LUT2=1 LUT3=1 LUT5=1 LUT6=1)
  Clock Path Skew:        -0.145ns (DCD - SCD + CPR)
    Destination Clock Delay (DCD):    2.129ns = ( 12.129 - 10.000 ) 
    Source Clock Delay      (SCD):    2.453ns
    Clock Pessimism Removal (CPR):    0.179ns
  Clock Uncertainty:      0.035ns  ((TSJ^2 + TIJ^2)^1/2 + DJ) / 2 + PE
    Total System Jitter     (TSJ):    0.071ns
    Total Input Jitter      (TIJ):    0.000ns
    Discrete Jitter          (DJ):    0.000ns
    Phase Error              (PE):    0.000ns

    Location             Delay type                Incr(ns)  Path(ns)    Netlist Resource(s)
  -------------------------------------------------------------------    -------------------
                         (clock clk rise edge)        0.000     0.000 r  
                                                      0.000     0.000 r  clk (IN)
                         net (fo=0)                   0.000     0.000    clk
                         IBUF (Prop_ibuf_I_O)         0.973     0.973 r  clk_IBUF_inst/O
                         net (fo=1, unplaced)         0.800     1.773    clk_IBUF
                         BUFG (Prop_bufg_I_O)         0.096     1.869 r  clk_IBUF_BUFG_inst/O
                         net (fo=187, unplaced)       0.584     2.453    u_cordic/u_core/CLK
                         FDCE                                         r  u_cordic/u_core/x_reg_reg[15]/C
  -------------------------------------------------------------------    -------------------
                         FDCE (Prop_fdce_C_Q)         0.456     2.909 r  u_cordic/u_core/x_reg_reg[15]/Q
                         net (fo=8, unplaced)         1.003     3.912    u_cordic/u_core/x_reg[15]
                         LUT6 (Prop_lut6_I0_O)        0.295     4.207 r  u_cordic/u_core/i__carry_i_14/O
                         net (fo=2, unplaced)         0.430     4.637    u_cordic/u_core/i__carry_i_14_n_0
                         LUT3 (Prop_lut3_I0_O)        0.150     4.787 r  u_cordic/u_core/i__carry_i_8/O
                         net (fo=2, unplaced)         0.460     5.247    u_cordic/u_core/i__carry_i_8_n_0
                         LUT5 (Prop_lut5_I0_O)        0.124     5.371 r  u_cordic/u_core/i__carry_i_4__1__0/O
                         net (fo=1, unplaced)         0.665     6.036    u_cordic/u_core/i__carry_i_4__1__0_n_0
                         CARRY4 (Prop_carry4_S[0]_CO[3])
                                                      0.656     6.692 r  u_cordic/u_core/_inferred__4/i__carry/CO[3]
                         net (fo=1, unplaced)         0.009     6.701    u_cordic/u_core/_inferred__4/i__carry_n_0
                         CARRY4 (Prop_carry4_CI_O[3])
                                                      0.329     7.030 r  u_cordic/u_core/_inferred__4/i__carry__0/O[3]
                         net (fo=1, unplaced)         0.618     7.648    u_cordic/u_core/in7[7]
                         LUT2 (Prop_lut2_I0_O)        0.301     7.949 r  u_cordic/u_core/y_reg[7]_i_1/O
                         net (fo=1, unplaced)         0.000     7.949    u_cordic/u_core/y_reg[7]_i_1_n_0
                         FDCE                                         r  u_cordic/u_core/y_reg_reg[7]/D
  -------------------------------------------------------------------    -------------------

                         (clock clk rise edge)       10.000    10.000 r  
                                                      0.000    10.000 r  clk (IN)
                         net (fo=0)                   0.000    10.000    clk
                         IBUF (Prop_ibuf_I_O)         0.840    10.840 r  clk_IBUF_inst/O
                         net (fo=1, unplaced)         0.760    11.599    clk_IBUF
                         BUFG (Prop_bufg_I_O)         0.091    11.690 r  clk_IBUF_BUFG_inst/O
                         net (fo=187, unplaced)       0.439    12.129    u_cordic/u_core/CLK
                         FDCE                                         r  u_cordic/u_core/y_reg_reg[7]/C
                         clock pessimism              0.179    12.308    
                         clock uncertainty           -0.035    12.273    
                         FDCE (Setup_fdce_C_D)        0.029    12.302    u_cordic/u_core/y_reg_reg[7]
  -------------------------------------------------------------------
                         required time                         12.302    
                         arrival time                          -7.949    
  -------------------------------------------------------------------
                         slack                                  4.353    

Slack (MET) :             4.364ns  (required time - arrival time)
  Source:                 u_cordic/u_core/y_reg_reg[15]/C
                            (rising edge-triggered cell FDCE clocked by clk  {rise@0.000ns fall@5.000ns period=10.000ns})
  Destination:            u_cordic/u_core/x_reg_reg[14]/D
                            (rising edge-triggered cell FDCE clocked by clk  {rise@0.000ns fall@5.000ns period=10.000ns})
  Path Group:             clk
  Path Type:              Setup (Max at Slow Process Corner)
  Requirement:            10.000ns  (clk rise@10.000ns - clk rise@0.000ns)
  Data Path Delay:        5.485ns  (logic 2.466ns (44.959%)  route 3.019ns (55.041%))
  Logic Levels:           8  (CARRY4=4 LUT2=1 LUT3=1 LUT5=1 LUT6=1)
  Clock Path Skew:        -0.145ns (DCD - SCD + CPR)
    Destination Clock Delay (DCD):    2.129ns = ( 12.129 - 10.000 ) 
    Source Clock Delay      (SCD):    2.453ns
    Clock Pessimism Removal (CPR):    0.179ns
  Clock Uncertainty:      0.035ns  ((TSJ^2 + TIJ^2)^1/2 + DJ) / 2 + PE
    Total System Jitter     (TSJ):    0.071ns
    Total Input Jitter      (TIJ):    0.000ns
    Discrete Jitter          (DJ):    0.000ns
    Phase Error              (PE):    0.000ns

    Location             Delay type                Incr(ns)  Path(ns)    Netlist Resource(s)
  -------------------------------------------------------------------    -------------------
                         (clock clk rise edge)        0.000     0.000 r  
                                                      0.000     0.000 r  clk (IN)
                         net (fo=0)                   0.000     0.000    clk
                         IBUF (Prop_ibuf_I_O)         0.973     0.973 r  clk_IBUF_inst/O
                         net (fo=1, unplaced)         0.800     1.773    clk_IBUF
                         BUFG (Prop_bufg_I_O)         0.096     1.869 r  clk_IBUF_BUFG_inst/O
                         net (fo=187, unplaced)       0.584     2.453    u_cordic/u_core/CLK
                         FDCE                                         r  u_cordic/u_core/y_reg_reg[15]/C
  -------------------------------------------------------------------    -------------------
                         FDCE (Prop_fdce_C_Q)         0.456     2.909 r  u_cordic/u_core/y_reg_reg[15]/Q
                         net (fo=8, unplaced)         1.003     3.912    u_cordic/u_core/y_reg[15]
                         LUT6 (Prop_lut6_I0_O)        0.295     4.207 f  u_cordic/u_core/i__carry_i_15__0/O
                         net (fo=2, unplaced)         0.430     4.637    u_cordic/u_core/i__carry_i_15__0_n_0
                         LUT3 (Prop_lut3_I0_O)        0.150     4.787 f  u_cordic/u_core/i__carry_i_9__0/O
                         net (fo=2, unplaced)         0.460     5.247    u_cordic/u_core/i__carry_i_9__0_n_0
                         LUT5 (Prop_lut5_I0_O)        0.124     5.371 r  u_cordic/u_core/i__carry_i_5__1/O
                         net (fo=1, unplaced)         0.665     6.036    u_cordic/u_core/i__carry_i_5__1_n_0
                         CARRY4 (Prop_carry4_S[0]_CO[3])
                                                      0.656     6.692 r  u_cordic/u_core/_inferred__7/i__carry/CO[3]
                         net (fo=1, unplaced)         0.009     6.701    u_cordic/u_core/_inferred__7/i__carry_n_0
                         CARRY4 (Prop_carry4_CI_CO[3])
                                                      0.114     6.815 r  u_cordic/u_core/_inferred__7/i__carry__0/CO[3]
                         net (fo=1, unplaced)         0.000     6.815    u_cordic/u_core/_inferred__7/i__carry__0_n_0
                         CARRY4 (Prop_carry4_CI_CO[3])
                                                      0.114     6.929 r  u_cordic/u_core/_inferred__7/i__carry__1/CO[3]
                         net (fo=1, unplaced)         0.000     6.929    u_cordic/u_core/_inferred__7/i__carry__1_n_0
                         CARRY4 (Prop_carry4_CI_O[2])
                                                      0.256     7.185 r  u_cordic/u_core/_inferred__7/i__carry__2/O[2]
                         net (fo=1, unplaced)         0.452     7.637    u_cordic/u_core/in8[14]
                         LUT2 (Prop_lut2_I0_O)        0.301     7.938 r  u_cordic/u_core/x_reg[14]_i_1/O
                         net (fo=1, unplaced)         0.000     7.938    u_cordic/u_core/x_reg[14]_i_1_n_0
                         FDCE                                         r  u_cordic/u_core/x_reg_reg[14]/D
  -------------------------------------------------------------------    -------------------

                         (clock clk rise edge)       10.000    10.000 r  
                                                      0.000    10.000 r  clk (IN)
                         net (fo=0)                   0.000    10.000    clk
                         IBUF (Prop_ibuf_I_O)         0.840    10.840 r  clk_IBUF_inst/O
                         net (fo=1, unplaced)         0.760    11.599    clk_IBUF
                         BUFG (Prop_bufg_I_O)         0.091    11.690 r  clk_IBUF_BUFG_inst/O
                         net (fo=187, unplaced)       0.439    12.129    u_cordic/u_core/CLK
                         FDCE                                         r  u_cordic/u_core/x_reg_reg[14]/C
                         clock pessimism              0.179    12.308    
                         clock uncertainty           -0.035    12.273    
                         FDCE (Setup_fdce_C_D)        0.029    12.302    u_cordic/u_core/x_reg_reg[14]
  -------------------------------------------------------------------
                         required time                         12.302    
                         arrival time                          -7.938    
  -------------------------------------------------------------------
                         slack                                  4.364    

Slack (MET) :             4.364ns  (required time - arrival time)
  Source:                 u_cordic/u_core/x_reg_reg[15]/C
                            (rising edge-triggered cell FDCE clocked by clk  {rise@0.000ns fall@5.000ns period=10.000ns})
  Destination:            u_cordic/u_core/y_reg_reg[14]/D
                            (rising edge-triggered cell FDCE clocked by clk  {rise@0.000ns fall@5.000ns period=10.000ns})
  Path Group:             clk
  Path Type:              Setup (Max at Slow Process Corner)
  Requirement:            10.000ns  (clk rise@10.000ns - clk rise@0.000ns)
  Data Path Delay:        5.485ns  (logic 2.466ns (44.959%)  route 3.019ns (55.041%))
  Logic Levels:           8  (CARRY4=4 LUT2=1 LUT3=1 LUT5=1 LUT6=1)
  Clock Path Skew:        -0.145ns (DCD - SCD + CPR)
    Destination Clock Delay (DCD):    2.129ns = ( 12.129 - 10.000 ) 
    Source Clock Delay      (SCD):    2.453ns
    Clock Pessimism Removal (CPR):    0.179ns
  Clock Uncertainty:      0.035ns  ((TSJ^2 + TIJ^2)^1/2 + DJ) / 2 + PE
    Total System Jitter     (TSJ):    0.071ns
    Total Input Jitter      (TIJ):    0.000ns
    Discrete Jitter          (DJ):    0.000ns
    Phase Error              (PE):    0.000ns

    Location             Delay type                Incr(ns)  Path(ns)    Netlist Resource(s)
  -------------------------------------------------------------------    -------------------
                         (clock clk rise edge)        0.000     0.000 r  
                                                      0.000     0.000 r  clk (IN)
                         net (fo=0)                   0.000     0.000    clk
                         IBUF (Prop_ibuf_I_O)         0.973     0.973 r  clk_IBUF_inst/O
                         net (fo=1, unplaced)         0.800     1.773    clk_IBUF
                         BUFG (Prop_bufg_I_O)         0.096     1.869 r  clk_IBUF_BUFG_inst/O
                         net (fo=187, unplaced)       0.584     2.453    u_cordic/u_core/CLK
                         FDCE                                         r  u_cordic/u_core/x_reg_reg[15]/C
  -------------------------------------------------------------------    -------------------
                         FDCE (Prop_fdce_C_Q)         0.456     2.909 r  u_cordic/u_core/x_reg_reg[15]/Q
                         net (fo=8, unplaced)         1.003     3.912    u_cordic/u_core/x_reg[15]
                         LUT6 (Prop_lut6_I0_O)        0.295     4.207 r  u_cordic/u_core/i__carry_i_14/O
                         net (fo=2, unplaced)         0.430     4.637    u_cordic/u_core/i__carry_i_14_n_0
                         LUT3 (Prop_lut3_I0_O)        0.150     4.787 r  u_cordic/u_core/i__carry_i_8/O
                         net (fo=2, unplaced)         0.460     5.247    u_cordic/u_core/i__carry_i_8_n_0
                         LUT5 (Prop_lut5_I0_O)        0.124     5.371 r  u_cordic/u_core/i__carry_i_4__1__0/O
                         net (fo=1, unplaced)         0.665     6.036    u_cordic/u_core/i__carry_i_4__1__0_n_0
                         CARRY4 (Prop_carry4_S[0]_CO[3])
                                                      0.656     6.692 r  u_cordic/u_core/_inferred__4/i__carry/CO[3]
                         net (fo=1, unplaced)         0.009     6.701    u_cordic/u_core/_inferred__4/i__carry_n_0
                         CARRY4 (Prop_carry4_CI_CO[3])
                                                      0.114     6.815 r  u_cordic/u_core/_inferred__4/i__carry__0/CO[3]
                         net (fo=1, unplaced)         0.000     6.815    u_cordic/u_core/_inferred__4/i__carry__0_n_0
                         CARRY4 (Prop_carry4_CI_CO[3])
                                                      0.114     6.929 r  u_cordic/u_core/_inferred__4/i__carry__1/CO[3]
                         net (fo=1, unplaced)         0.000     6.929    u_cordic/u_core/_inferred__4/i__carry__1_n_0
                         CARRY4 (Prop_carry4_CI_O[2])
                                                      0.256     7.185 r  u_cordic/u_core/_inferred__4/i__carry__2/O[2]
                         net (fo=1, unplaced)         0.452     7.637    u_cordic/u_core/in7[14]
                         LUT2 (Prop_lut2_I0_O)        0.301     7.938 r  u_cordic/u_core/y_reg[14]_i_1/O
                         net (fo=1, unplaced)         0.000     7.938    u_cordic/u_core/y_reg[14]_i_1_n_0
                         FDCE                                         r  u_cordic/u_core/y_reg_reg[14]/D
  -------------------------------------------------------------------    -------------------

                         (clock clk rise edge)       10.000    10.000 r  
                                                      0.000    10.000 r  clk (IN)
                         net (fo=0)                   0.000    10.000    clk
                         IBUF (Prop_ibuf_I_O)         0.840    10.840 r  clk_IBUF_inst/O
                         net (fo=1, unplaced)         0.760    11.599    clk_IBUF
                         BUFG (Prop_bufg_I_O)         0.091    11.690 r  clk_IBUF_BUFG_inst/O
                         net (fo=187, unplaced)       0.439    12.129    u_cordic/u_core/CLK
                         FDCE                                         r  u_cordic/u_core/y_reg_reg[14]/C
                         clock pessimism              0.179    12.308    
                         clock uncertainty           -0.035    12.273    
                         FDCE (Setup_fdce_C_D)        0.029    12.302    u_cordic/u_core/y_reg_reg[14]
  -------------------------------------------------------------------
                         required time                         12.302    
                         arrival time                          -7.938    
  -------------------------------------------------------------------
                         slack                                  4.364    





Min Delay Paths
--------------------------------------------------------------------------------------
Slack (MET) :             0.142ns  (arrival time - required time)
  Source:                 state_reg/C
                            (rising edge-triggered cell FDCE clocked by clk  {rise@0.000ns fall@5.000ns period=10.000ns})
  Destination:            cordic_start_reg/D
                            (rising edge-triggered cell FDCE clocked by clk  {rise@0.000ns fall@5.000ns period=10.000ns})
  Path Group:             clk
  Path Type:              Hold (Min at Fast Process Corner)
  Requirement:            0.000ns  (clk rise@0.000ns - clk rise@0.000ns)
  Data Path Delay:        0.378ns  (logic 0.239ns (63.281%)  route 0.139ns (36.719%))
  Logic Levels:           1  (LUT2=1)
  Clock Path Skew:        0.145ns (DCD - SCD - CPR)
    Destination Clock Delay (DCD):    1.034ns
    Source Clock Delay      (SCD):    0.679ns
    Clock Pessimism Removal (CPR):    0.210ns

    Location             Delay type                Incr(ns)  Path(ns)    Netlist Resource(s)
  -------------------------------------------------------------------    -------------------
                         (clock clk rise edge)        0.000     0.000 r  
                                                      0.000     0.000 r  clk (IN)
                         net (fo=0)                   0.000     0.000    clk
                         IBUF (Prop_ibuf_I_O)         0.202     0.202 r  clk_IBUF_inst/O
                         net (fo=1, unplaced)         0.337     0.539    clk_IBUF
                         BUFG (Prop_bufg_I_O)         0.026     0.565 r  clk_IBUF_BUFG_inst/O
                         net (fo=187, unplaced)       0.114     0.679    clk_IBUF_BUFG
                         FDCE                                         r  state_reg/C
  -------------------------------------------------------------------    -------------------
                         FDCE (Prop_fdce_C_Q)         0.141     0.820 f  state_reg/Q
                         net (fo=3, unplaced)         0.139     0.959    state
                         LUT2 (Prop_lut2_I1_O)        0.098     1.057 r  wrapped_latched[18]_i_1/O
                         net (fo=20, unplaced)        0.000     1.057    cordic_start
                         FDCE                                         r  cordic_start_reg/D
  -------------------------------------------------------------------    -------------------

                         (clock clk rise edge)        0.000     0.000 r  
                                                      0.000     0.000 r  clk (IN)
                         net (fo=0)                   0.000     0.000    clk
                         IBUF (Prop_ibuf_I_O)         0.391     0.391 r  clk_IBUF_inst/O
                         net (fo=1, unplaced)         0.355     0.746    clk_IBUF
                         BUFG (Prop_bufg_I_O)         0.029     0.775 r  clk_IBUF_BUFG_inst/O
                         net (fo=187, unplaced)       0.259     1.034    clk_IBUF_BUFG
                         FDCE                                         r  cordic_start_reg/C
                         clock pessimism             -0.210     0.824    
                         FDCE (Hold_fdce_C_D)         0.091     0.915    cordic_start_reg
  -------------------------------------------------------------------
                         required time                         -0.915    
                         arrival time                           1.057    
  -------------------------------------------------------------------
                         slack                                  0.142    

Slack (MET) :             0.142ns  (arrival time - required time)
  Source:                 state_reg/C
                            (rising edge-triggered cell FDCE clocked by clk  {rise@0.000ns fall@5.000ns period=10.000ns})
  Destination:            done_reg/D
                            (rising edge-triggered cell FDCE clocked by clk  {rise@0.000ns fall@5.000ns period=10.000ns})
  Path Group:             clk
  Path Type:              Hold (Min at Fast Process Corner)
  Requirement:            0.000ns  (clk rise@0.000ns - clk rise@0.000ns)
  Data Path Delay:        0.378ns  (logic 0.239ns (63.281%)  route 0.139ns (36.719%))
  Logic Levels:           1  (LUT2=1)
  Clock Path Skew:        0.145ns (DCD - SCD - CPR)
    Destination Clock Delay (DCD):    1.034ns
    Source Clock Delay      (SCD):    0.679ns
    Clock Pessimism Removal (CPR):    0.210ns

    Location             Delay type                Incr(ns)  Path(ns)    Netlist Resource(s)
  -------------------------------------------------------------------    -------------------
                         (clock clk rise edge)        0.000     0.000 r  
                                                      0.000     0.000 r  clk (IN)
                         net (fo=0)                   0.000     0.000    clk
                         IBUF (Prop_ibuf_I_O)         0.202     0.202 r  clk_IBUF_inst/O
                         net (fo=1, unplaced)         0.337     0.539    clk_IBUF
                         BUFG (Prop_bufg_I_O)         0.026     0.565 r  clk_IBUF_BUFG_inst/O
                         net (fo=187, unplaced)       0.114     0.679    clk_IBUF_BUFG
                         FDCE                                         r  state_reg/C
  -------------------------------------------------------------------    -------------------
                         FDCE (Prop_fdce_C_Q)         0.141     0.820 r  state_reg/Q
                         net (fo=3, unplaced)         0.139     0.959    u_cordic/state
                         LUT2 (Prop_lut2_I1_O)        0.098     1.057 r  u_cordic/done_i_1__0/O
                         net (fo=23, unplaced)        0.000     1.057    u_cordic_n_1
                         FDCE                                         r  done_reg/D
  -------------------------------------------------------------------    -------------------

                         (clock clk rise edge)        0.000     0.000 r  
                                                      0.000     0.000 r  clk (IN)
                         net (fo=0)                   0.000     0.000    clk
                         IBUF (Prop_ibuf_I_O)         0.391     0.391 r  clk_IBUF_inst/O
                         net (fo=1, unplaced)         0.355     0.746    clk_IBUF
                         BUFG (Prop_bufg_I_O)         0.029     0.775 r  clk_IBUF_BUFG_inst/O
                         net (fo=187, unplaced)       0.259     1.034    clk_IBUF_BUFG
                         FDCE                                         r  done_reg/C
                         clock pessimism             -0.210     0.824    
                         FDCE (Hold_fdce_C_D)         0.091     0.915    done_reg
  -------------------------------------------------------------------
                         required time                         -0.915    
                         arrival time                           1.057    
  -------------------------------------------------------------------
                         slack                                  0.142    

Slack (MET) :             0.142ns  (arrival time - required time)
  Source:                 u_cordic/FSM_sequential_state_reg/C
                            (rising edge-triggered cell FDCE clocked by clk  {rise@0.000ns fall@5.000ns period=10.000ns})
  Destination:            u_cordic/FSM_sequential_state_reg/D
                            (rising edge-triggered cell FDCE clocked by clk  {rise@0.000ns fall@5.000ns period=10.000ns})
  Path Group:             clk
  Path Type:              Hold (Min at Fast Process Corner)
  Requirement:            0.000ns  (clk rise@0.000ns - clk rise@0.000ns)
  Data Path Delay:        0.378ns  (logic 0.239ns (63.281%)  route 0.139ns (36.719%))
  Logic Levels:           1  (LUT3=1)
  Clock Path Skew:        0.145ns (DCD - SCD - CPR)
    Destination Clock Delay (DCD):    1.034ns
    Source Clock Delay      (SCD):    0.679ns
    Clock Pessimism Removal (CPR):    0.210ns

    Location             Delay type                Incr(ns)  Path(ns)    Netlist Resource(s)
  -------------------------------------------------------------------    -------------------
                         (clock clk rise edge)        0.000     0.000 r  
                                                      0.000     0.000 r  clk (IN)
                         net (fo=0)                   0.000     0.000    clk
                         IBUF (Prop_ibuf_I_O)         0.202     0.202 r  clk_IBUF_inst/O
                         net (fo=1, unplaced)         0.337     0.539    clk_IBUF
                         BUFG (Prop_bufg_I_O)         0.026     0.565 r  clk_IBUF_BUFG_inst/O
                         net (fo=187, unplaced)       0.114     0.679    u_cordic/CLK
                         FDCE                                         r  u_cordic/FSM_sequential_state_reg/C
  -------------------------------------------------------------------    -------------------
                         FDCE (Prop_fdce_C_Q)         0.141     0.820 r  u_cordic/FSM_sequential_state_reg/Q
                         net (fo=3, unplaced)         0.139     0.959    u_cordic/u_core/state_0
                         LUT3 (Prop_lut3_I2_O)        0.098     1.057 r  u_cordic/u_core/FSM_sequential_state_i_1/O
                         net (fo=1, unplaced)         0.000     1.057    u_cordic/u_core_n_2
                         FDCE                                         r  u_cordic/FSM_sequential_state_reg/D
  -------------------------------------------------------------------    -------------------

                         (clock clk rise edge)        0.000     0.000 r  
                                                      0.000     0.000 r  clk (IN)
                         net (fo=0)                   0.000     0.000    clk
                         IBUF (Prop_ibuf_I_O)         0.391     0.391 r  clk_IBUF_inst/O
                         net (fo=1, unplaced)         0.355     0.746    clk_IBUF
                         BUFG (Prop_bufg_I_O)         0.029     0.775 r  clk_IBUF_BUFG_inst/O
                         net (fo=187, unplaced)       0.259     1.034    u_cordic/CLK
                         FDCE                                         r  u_cordic/FSM_sequential_state_reg/C
                         clock pessimism             -0.210     0.824    
                         FDCE (Hold_fdce_C_D)         0.091     0.915    u_cordic/FSM_sequential_state_reg
  -------------------------------------------------------------------
                         required time                         -0.915    
                         arrival time                           1.057    
  -------------------------------------------------------------------
                         slack                                  0.142    

Slack (MET) :             0.142ns  (arrival time - required time)
  Source:                 u_cordic/FSM_sequential_state_reg/C
                            (rising edge-triggered cell FDCE clocked by clk  {rise@0.000ns fall@5.000ns period=10.000ns})
  Destination:            u_cordic/core_start_reg/D
                            (rising edge-triggered cell FDCE clocked by clk  {rise@0.000ns fall@5.000ns period=10.000ns})
  Path Group:             clk
  Path Type:              Hold (Min at Fast Process Corner)
  Requirement:            0.000ns  (clk rise@0.000ns - clk rise@0.000ns)
  Data Path Delay:        0.378ns  (logic 0.239ns (63.281%)  route 0.139ns (36.719%))
  Logic Levels:           1  (LUT2=1)
  Clock Path Skew:        0.145ns (DCD - SCD - CPR)
    Destination Clock Delay (DCD):    1.034ns
    Source Clock Delay      (SCD):    0.679ns
    Clock Pessimism Removal (CPR):    0.210ns

    Location             Delay type                Incr(ns)  Path(ns)    Netlist Resource(s)
  -------------------------------------------------------------------    -------------------
                         (clock clk rise edge)        0.000     0.000 r  
                                                      0.000     0.000 r  clk (IN)
                         net (fo=0)                   0.000     0.000    clk
                         IBUF (Prop_ibuf_I_O)         0.202     0.202 r  clk_IBUF_inst/O
                         net (fo=1, unplaced)         0.337     0.539    clk_IBUF
                         BUFG (Prop_bufg_I_O)         0.026     0.565 r  clk_IBUF_BUFG_inst/O
                         net (fo=187, unplaced)       0.114     0.679    u_cordic/CLK
                         FDCE                                         r  u_cordic/FSM_sequential_state_reg/C
  -------------------------------------------------------------------    -------------------
                         FDCE (Prop_fdce_C_Q)         0.141     0.820 f  u_cordic/FSM_sequential_state_reg/Q
                         net (fo=3, unplaced)         0.139     0.959    u_cordic/state_0
                         LUT2 (Prop_lut2_I1_O)        0.098     1.057 r  u_cordic/core_start_i_1/O
                         net (fo=21, unplaced)        0.000     1.057    u_cordic/core_start_i_1_n_0
                         FDCE                                         r  u_cordic/core_start_reg/D
  -------------------------------------------------------------------    -------------------

                         (clock clk rise edge)        0.000     0.000 r  
                                                      0.000     0.000 r  clk (IN)
                         net (fo=0)                   0.000     0.000    clk
                         IBUF (Prop_ibuf_I_O)         0.391     0.391 r  clk_IBUF_inst/O
                         net (fo=1, unplaced)         0.355     0.746    clk_IBUF
                         BUFG (Prop_bufg_I_O)         0.029     0.775 r  clk_IBUF_BUFG_inst/O
                         net (fo=187, unplaced)       0.259     1.034    u_cordic/CLK
                         FDCE                                         r  u_cordic/core_start_reg/C
                         clock pessimism             -0.210     0.824    
                         FDCE (Hold_fdce_C_D)         0.091     0.915    u_cordic/core_start_reg
  -------------------------------------------------------------------
                         required time                         -0.915    
                         arrival time                           1.057    
  -------------------------------------------------------------------
                         slack                                  0.142    

Slack (MET) :             0.142ns  (arrival time - required time)
  Source:                 u_cordic/u_core/done_reg/C
                            (rising edge-triggered cell FDCE clocked by clk  {rise@0.000ns fall@5.000ns period=10.000ns})
  Destination:            u_cordic/done_reg/D
                            (rising edge-triggered cell FDCE clocked by clk  {rise@0.000ns fall@5.000ns period=10.000ns})
  Path Group:             clk
  Path Type:              Hold (Min at Fast Process Corner)
  Requirement:            0.000ns  (clk rise@0.000ns - clk rise@0.000ns)
  Data Path Delay:        0.378ns  (logic 0.242ns (64.067%)  route 0.136ns (35.933%))
  Logic Levels:           1  (LUT2=1)
  Clock Path Skew:        0.145ns (DCD - SCD - CPR)
    Destination Clock Delay (DCD):    1.034ns
    Source Clock Delay      (SCD):    0.679ns
    Clock Pessimism Removal (CPR):    0.210ns

    Location             Delay type                Incr(ns)  Path(ns)    Netlist Resource(s)
  -------------------------------------------------------------------    -------------------
                         (clock clk rise edge)        0.000     0.000 r  
                                                      0.000     0.000 r  clk (IN)
                         net (fo=0)                   0.000     0.000    clk
                         IBUF (Prop_ibuf_I_O)         0.202     0.202 r  clk_IBUF_inst/O
                         net (fo=1, unplaced)         0.337     0.539    clk_IBUF
                         BUFG (Prop_bufg_I_O)         0.026     0.565 r  clk_IBUF_BUFG_inst/O
                         net (fo=187, unplaced)       0.114     0.679    u_cordic/u_core/CLK
                         FDCE                                         r  u_cordic/u_core/done_reg/C
  -------------------------------------------------------------------    -------------------
                         FDCE (Prop_fdce_C_Q)         0.141     0.820 r  u_cordic/u_core/done_reg/Q
                         net (fo=2, unplaced)         0.136     0.956    u_cordic/u_core/core_done
                         LUT2 (Prop_lut2_I1_O)        0.101     1.057 r  u_cordic/u_core/done_i_1/O
                         net (fo=23, unplaced)        0.000     1.057    u_cordic/u_core_n_1
                         FDCE                                         r  u_cordic/done_reg/D
  -------------------------------------------------------------------    -------------------

                         (clock clk rise edge)        0.000     0.000 r  
                                                      0.000     0.000 r  clk (IN)
                         net (fo=0)                   0.000     0.000    clk
                         IBUF (Prop_ibuf_I_O)         0.391     0.391 r  clk_IBUF_inst/O
                         net (fo=1, unplaced)         0.355     0.746    clk_IBUF
                         BUFG (Prop_bufg_I_O)         0.029     0.775 r  clk_IBUF_BUFG_inst/O
                         net (fo=187, unplaced)       0.259     1.034    u_cordic/CLK
                         FDCE                                         r  u_cordic/done_reg/C
                         clock pessimism             -0.210     0.824    
                         FDCE (Hold_fdce_C_D)         0.091     0.915    u_cordic/done_reg
  -------------------------------------------------------------------
                         required time                         -0.915    
                         arrival time                           1.057    
  -------------------------------------------------------------------
                         slack                                  0.142    

Slack (MET) :             0.145ns  (arrival time - required time)
  Source:                 state_reg/C
                            (rising edge-triggered cell FDCE clocked by clk  {rise@0.000ns fall@5.000ns period=10.000ns})
  Destination:            state_reg/D
                            (rising edge-triggered cell FDCE clocked by clk  {rise@0.000ns fall@5.000ns period=10.000ns})
  Path Group:             clk
  Path Type:              Hold (Min at Fast Process Corner)
  Requirement:            0.000ns  (clk rise@0.000ns - clk rise@0.000ns)
  Data Path Delay:        0.381ns  (logic 0.242ns (63.570%)  route 0.139ns (36.430%))
  Logic Levels:           1  (LUT3=1)
  Clock Path Skew:        0.145ns (DCD - SCD - CPR)
    Destination Clock Delay (DCD):    1.034ns
    Source Clock Delay      (SCD):    0.679ns
    Clock Pessimism Removal (CPR):    0.210ns

    Location             Delay type                Incr(ns)  Path(ns)    Netlist Resource(s)
  -------------------------------------------------------------------    -------------------
                         (clock clk rise edge)        0.000     0.000 r  
                                                      0.000     0.000 r  clk (IN)
                         net (fo=0)                   0.000     0.000    clk
                         IBUF (Prop_ibuf_I_O)         0.202     0.202 r  clk_IBUF_inst/O
                         net (fo=1, unplaced)         0.337     0.539    clk_IBUF
                         BUFG (Prop_bufg_I_O)         0.026     0.565 r  clk_IBUF_BUFG_inst/O
                         net (fo=187, unplaced)       0.114     0.679    clk_IBUF_BUFG
                         FDCE                                         r  state_reg/C
  -------------------------------------------------------------------    -------------------
                         FDCE (Prop_fdce_C_Q)         0.141     0.820 r  state_reg/Q
                         net (fo=3, unplaced)         0.139     0.959    u_cordic/state
                         LUT3 (Prop_lut3_I2_O)        0.101     1.060 r  u_cordic/state_i_1/O
                         net (fo=1, unplaced)         0.000     1.060    u_cordic_n_2
                         FDCE                                         r  state_reg/D
  -------------------------------------------------------------------    -------------------

                         (clock clk rise edge)        0.000     0.000 r  
                                                      0.000     0.000 r  clk (IN)
                         net (fo=0)                   0.000     0.000    clk
                         IBUF (Prop_ibuf_I_O)         0.391     0.391 r  clk_IBUF_inst/O
                         net (fo=1, unplaced)         0.355     0.746    clk_IBUF
                         BUFG (Prop_bufg_I_O)         0.029     0.775 r  clk_IBUF_BUFG_inst/O
                         net (fo=187, unplaced)       0.259     1.034    clk_IBUF_BUFG
                         FDCE                                         r  state_reg/C
                         clock pessimism             -0.210     0.824    
                         FDCE (Hold_fdce_C_D)         0.091     0.915    state_reg
  -------------------------------------------------------------------
                         required time                         -0.915    
                         arrival time                           1.060    
  -------------------------------------------------------------------
                         slack                                  0.145    

Slack (MET) :             0.154ns  (arrival time - required time)
  Source:                 u_cordic/cos_o_reg[8]/C
                            (rising edge-triggered cell FDCE clocked by clk  {rise@0.000ns fall@5.000ns period=10.000ns})
  Destination:            dx_o_reg[0]/D
                            (rising edge-triggered cell FDCE clocked by clk  {rise@0.000ns fall@5.000ns period=10.000ns})
  Path Group:             clk
  Path Type:              Hold (Min at Fast Process Corner)
  Requirement:            0.000ns  (clk rise@0.000ns - clk rise@0.000ns)
  Data Path Delay:        0.282ns  (logic 0.141ns (50.038%)  route 0.141ns (49.962%))
  Logic Levels:           0  
  Clock Path Skew:        0.145ns (DCD - SCD - CPR)
    Destination Clock Delay (DCD):    1.034ns
    Source Clock Delay      (SCD):    0.679ns
    Clock Pessimism Removal (CPR):    0.210ns

    Location             Delay type                Incr(ns)  Path(ns)    Netlist Resource(s)
  -------------------------------------------------------------------    -------------------
                         (clock clk rise edge)        0.000     0.000 r  
                                                      0.000     0.000 r  clk (IN)
                         net (fo=0)                   0.000     0.000    clk
                         IBUF (Prop_ibuf_I_O)         0.202     0.202 r  clk_IBUF_inst/O
                         net (fo=1, unplaced)         0.337     0.539    clk_IBUF
                         BUFG (Prop_bufg_I_O)         0.026     0.565 r  clk_IBUF_BUFG_inst/O
                         net (fo=187, unplaced)       0.114     0.679    u_cordic/CLK
                         FDCE                                         r  u_cordic/cos_o_reg[8]/C
  -------------------------------------------------------------------    -------------------
                         FDCE (Prop_fdce_C_Q)         0.141     0.820 r  u_cordic/cos_o_reg[8]/Q
                         net (fo=1, unplaced)         0.141     0.961    u_cordic_n_13
                         FDCE                                         r  dx_o_reg[0]/D
  -------------------------------------------------------------------    -------------------

                         (clock clk rise edge)        0.000     0.000 r  
                                                      0.000     0.000 r  clk (IN)
                         net (fo=0)                   0.000     0.000    clk
                         IBUF (Prop_ibuf_I_O)         0.391     0.391 r  clk_IBUF_inst/O
                         net (fo=1, unplaced)         0.355     0.746    clk_IBUF
                         BUFG (Prop_bufg_I_O)         0.029     0.775 r  clk_IBUF_BUFG_inst/O
                         net (fo=187, unplaced)       0.259     1.034    clk_IBUF_BUFG
                         FDCE                                         r  dx_o_reg[0]/C
                         clock pessimism             -0.210     0.824    
                         FDCE (Hold_fdce_C_D)        -0.017     0.807    dx_o_reg[0]
  -------------------------------------------------------------------
                         required time                         -0.807    
                         arrival time                           0.961    
  -------------------------------------------------------------------
                         slack                                  0.154    

Slack (MET) :             0.154ns  (arrival time - required time)
  Source:                 u_cordic/cos_o_reg[18]/C
                            (rising edge-triggered cell FDCE clocked by clk  {rise@0.000ns fall@5.000ns period=10.000ns})
  Destination:            dx_o_reg[17]/D
                            (rising edge-triggered cell FDCE clocked by clk  {rise@0.000ns fall@5.000ns period=10.000ns})
  Path Group:             clk
  Path Type:              Hold (Min at Fast Process Corner)
  Requirement:            0.000ns  (clk rise@0.000ns - clk rise@0.000ns)
  Data Path Delay:        0.282ns  (logic 0.141ns (50.038%)  route 0.141ns (49.962%))
  Logic Levels:           0  
  Clock Path Skew:        0.145ns (DCD - SCD - CPR)
    Destination Clock Delay (DCD):    1.034ns
    Source Clock Delay      (SCD):    0.679ns
    Clock Pessimism Removal (CPR):    0.210ns

    Location             Delay type                Incr(ns)  Path(ns)    Netlist Resource(s)
  -------------------------------------------------------------------    -------------------
                         (clock clk rise edge)        0.000     0.000 r  
                                                      0.000     0.000 r  clk (IN)
                         net (fo=0)                   0.000     0.000    clk
                         IBUF (Prop_ibuf_I_O)         0.202     0.202 r  clk_IBUF_inst/O
                         net (fo=1, unplaced)         0.337     0.539    clk_IBUF
                         BUFG (Prop_bufg_I_O)         0.026     0.565 r  clk_IBUF_BUFG_inst/O
                         net (fo=187, unplaced)       0.114     0.679    u_cordic/CLK
                         FDCE                                         r  u_cordic/cos_o_reg[18]/C
  -------------------------------------------------------------------    -------------------
                         FDCE (Prop_fdce_C_Q)         0.141     0.820 r  u_cordic/cos_o_reg[18]/Q
                         net (fo=1, unplaced)         0.141     0.961    cos_shifted0
                         FDCE                                         r  dx_o_reg[17]/D
  -------------------------------------------------------------------    -------------------

                         (clock clk rise edge)        0.000     0.000 r  
                                                      0.000     0.000 r  clk (IN)
                         net (fo=0)                   0.000     0.000    clk
                         IBUF (Prop_ibuf_I_O)         0.391     0.391 r  clk_IBUF_inst/O
                         net (fo=1, unplaced)         0.355     0.746    clk_IBUF
                         BUFG (Prop_bufg_I_O)         0.029     0.775 r  clk_IBUF_BUFG_inst/O
                         net (fo=187, unplaced)       0.259     1.034    clk_IBUF_BUFG
                         FDCE                                         r  dx_o_reg[17]/C
                         clock pessimism             -0.210     0.824    
                         FDCE (Hold_fdce_C_D)        -0.017     0.807    dx_o_reg[17]
  -------------------------------------------------------------------
                         required time                         -0.807    
                         arrival time                           0.961    
  -------------------------------------------------------------------
                         slack                                  0.154    

Slack (MET) :             0.154ns  (arrival time - required time)
  Source:                 u_cordic/cos_o_reg[9]/C
                            (rising edge-triggered cell FDCE clocked by clk  {rise@0.000ns fall@5.000ns period=10.000ns})
  Destination:            dx_o_reg[1]/D
                            (rising edge-triggered cell FDCE clocked by clk  {rise@0.000ns fall@5.000ns period=10.000ns})
  Path Group:             clk
  Path Type:              Hold (Min at Fast Process Corner)
  Requirement:            0.000ns  (clk rise@0.000ns - clk rise@0.000ns)
  Data Path Delay:        0.282ns  (logic 0.141ns (50.038%)  route 0.141ns (49.962%))
  Logic Levels:           0  
  Clock Path Skew:        0.145ns (DCD - SCD - CPR)
    Destination Clock Delay (DCD):    1.034ns
    Source Clock Delay      (SCD):    0.679ns
    Clock Pessimism Removal (CPR):    0.210ns

    Location             Delay type                Incr(ns)  Path(ns)    Netlist Resource(s)
  -------------------------------------------------------------------    -------------------
                         (clock clk rise edge)        0.000     0.000 r  
                                                      0.000     0.000 r  clk (IN)
                         net (fo=0)                   0.000     0.000    clk
                         IBUF (Prop_ibuf_I_O)         0.202     0.202 r  clk_IBUF_inst/O
                         net (fo=1, unplaced)         0.337     0.539    clk_IBUF
                         BUFG (Prop_bufg_I_O)         0.026     0.565 r  clk_IBUF_BUFG_inst/O
                         net (fo=187, unplaced)       0.114     0.679    u_cordic/CLK
                         FDCE                                         r  u_cordic/cos_o_reg[9]/C
  -------------------------------------------------------------------    -------------------
                         FDCE (Prop_fdce_C_Q)         0.141     0.820 r  u_cordic/cos_o_reg[9]/Q
                         net (fo=1, unplaced)         0.141     0.961    u_cordic_n_12
                         FDCE                                         r  dx_o_reg[1]/D
  -------------------------------------------------------------------    -------------------

                         (clock clk rise edge)        0.000     0.000 r  
                                                      0.000     0.000 r  clk (IN)
                         net (fo=0)                   0.000     0.000    clk
                         IBUF (Prop_ibuf_I_O)         0.391     0.391 r  clk_IBUF_inst/O
                         net (fo=1, unplaced)         0.355     0.746    clk_IBUF
                         BUFG (Prop_bufg_I_O)         0.029     0.775 r  clk_IBUF_BUFG_inst/O
                         net (fo=187, unplaced)       0.259     1.034    clk_IBUF_BUFG
                         FDCE                                         r  dx_o_reg[1]/C
                         clock pessimism             -0.210     0.824    
                         FDCE (Hold_fdce_C_D)        -0.017     0.807    dx_o_reg[1]
  -------------------------------------------------------------------
                         required time                         -0.807    
                         arrival time                           0.961    
  -------------------------------------------------------------------
                         slack                                  0.154    

Slack (MET) :             0.154ns  (arrival time - required time)
  Source:                 u_cordic/cos_o_reg[10]/C
                            (rising edge-triggered cell FDCE clocked by clk  {rise@0.000ns fall@5.000ns period=10.000ns})
  Destination:            dx_o_reg[2]/D
                            (rising edge-triggered cell FDCE clocked by clk  {rise@0.000ns fall@5.000ns period=10.000ns})
  Path Group:             clk
  Path Type:              Hold (Min at Fast Process Corner)
  Requirement:            0.000ns  (clk rise@0.000ns - clk rise@0.000ns)
  Data Path Delay:        0.282ns  (logic 0.141ns (50.038%)  route 0.141ns (49.962%))
  Logic Levels:           0  
  Clock Path Skew:        0.145ns (DCD - SCD - CPR)
    Destination Clock Delay (DCD):    1.034ns
    Source Clock Delay      (SCD):    0.679ns
    Clock Pessimism Removal (CPR):    0.210ns

    Location             Delay type                Incr(ns)  Path(ns)    Netlist Resource(s)
  -------------------------------------------------------------------    -------------------
                         (clock clk rise edge)        0.000     0.000 r  
                                                      0.000     0.000 r  clk (IN)
                         net (fo=0)                   0.000     0.000    clk
                         IBUF (Prop_ibuf_I_O)         0.202     0.202 r  clk_IBUF_inst/O
                         net (fo=1, unplaced)         0.337     0.539    clk_IBUF
                         BUFG (Prop_bufg_I_O)         0.026     0.565 r  clk_IBUF_BUFG_inst/O
                         net (fo=187, unplaced)       0.114     0.679    u_cordic/CLK
                         FDCE                                         r  u_cordic/cos_o_reg[10]/C
  -------------------------------------------------------------------    -------------------
                         FDCE (Prop_fdce_C_Q)         0.141     0.820 r  u_cordic/cos_o_reg[10]/Q
                         net (fo=1, unplaced)         0.141     0.961    u_cordic_n_11
                         FDCE                                         r  dx_o_reg[2]/D
  -------------------------------------------------------------------    -------------------

                         (clock clk rise edge)        0.000     0.000 r  
                                                      0.000     0.000 r  clk (IN)
                         net (fo=0)                   0.000     0.000    clk
                         IBUF (Prop_ibuf_I_O)         0.391     0.391 r  clk_IBUF_inst/O
                         net (fo=1, unplaced)         0.355     0.746    clk_IBUF
                         BUFG (Prop_bufg_I_O)         0.029     0.775 r  clk_IBUF_BUFG_inst/O
                         net (fo=187, unplaced)       0.259     1.034    clk_IBUF_BUFG
                         FDCE                                         r  dx_o_reg[2]/C
                         clock pessimism             -0.210     0.824    
                         FDCE (Hold_fdce_C_D)        -0.017     0.807    dx_o_reg[2]
  -------------------------------------------------------------------
                         required time                         -0.807    
                         arrival time                           0.961    
  -------------------------------------------------------------------
                         slack                                  0.154    





Pulse Width Checks
--------------------------------------------------------------------------------------
Clock Name:         clk
Waveform(ns):       { 0.000 5.000 }
Period(ns):         10.000
Sources:            { clk }

Check Type        Corner  Lib Pin  Reference Pin  Required(ns)  Actual(ns)  Slack(ns)  Location  Pin
Min Period        n/a     BUFG/I   n/a            2.155         10.000      7.845                clk_IBUF_BUFG_inst/I
Min Period        n/a     FDCE/C   n/a            1.000         10.000      9.000                cordic_start_reg/C
Min Period        n/a     FDCE/C   n/a            1.000         10.000      9.000                done_reg/C
Min Period        n/a     FDCE/C   n/a            1.000         10.000      9.000                dx_o_reg[0]/C
Min Period        n/a     FDCE/C   n/a            1.000         10.000      9.000                dx_o_reg[17]/C
Min Period        n/a     FDCE/C   n/a            1.000         10.000      9.000                dx_o_reg[1]/C
Min Period        n/a     FDCE/C   n/a            1.000         10.000      9.000                dx_o_reg[2]/C
Min Period        n/a     FDCE/C   n/a            1.000         10.000      9.000                dx_o_reg[3]/C
Min Period        n/a     FDCE/C   n/a            1.000         10.000      9.000                dx_o_reg[4]/C
Min Period        n/a     FDCE/C   n/a            1.000         10.000      9.000                dx_o_reg[5]/C
Low Pulse Width   Slow    FDCE/C   n/a            0.500         5.000       4.500                cordic_start_reg/C
Low Pulse Width   Fast    FDCE/C   n/a            0.500         5.000       4.500                cordic_start_reg/C
Low Pulse Width   Slow    FDCE/C   n/a            0.500         5.000       4.500                done_reg/C
Low Pulse Width   Fast    FDCE/C   n/a            0.500         5.000       4.500                done_reg/C
Low Pulse Width   Slow    FDCE/C   n/a            0.500         5.000       4.500                dx_o_reg[0]/C
Low Pulse Width   Fast    FDCE/C   n/a            0.500         5.000       4.500                dx_o_reg[0]/C
Low Pulse Width   Slow    FDCE/C   n/a            0.500         5.000       4.500                dx_o_reg[17]/C
Low Pulse Width   Fast    FDCE/C   n/a            0.500         5.000       4.500                dx_o_reg[17]/C
Low Pulse Width   Slow    FDCE/C   n/a            0.500         5.000       4.500                dx_o_reg[1]/C
Low Pulse Width   Fast    FDCE/C   n/a            0.500         5.000       4.500                dx_o_reg[1]/C
High Pulse Width  Slow    FDCE/C   n/a            0.500         5.000       4.500                cordic_start_reg/C
High Pulse Width  Fast    FDCE/C   n/a            0.500         5.000       4.500                cordic_start_reg/C
High Pulse Width  Slow    FDCE/C   n/a            0.500         5.000       4.500                done_reg/C
High Pulse Width  Fast    FDCE/C   n/a            0.500         5.000       4.500                done_reg/C
High Pulse Width  Slow    FDCE/C   n/a            0.500         5.000       4.500                dx_o_reg[0]/C
High Pulse Width  Fast    FDCE/C   n/a            0.500         5.000       4.500                dx_o_reg[0]/C
High Pulse Width  Slow    FDCE/C   n/a            0.500         5.000       4.500                dx_o_reg[17]/C
High Pulse Width  Fast    FDCE/C   n/a            0.500         5.000       4.500                dx_o_reg[17]/C
High Pulse Width  Slow    FDCE/C   n/a            0.500         5.000       4.500                dx_o_reg[1]/C
High Pulse Width  Fast    FDCE/C   n/a            0.500         5.000       4.500                dx_o_reg[1]/C



