Copyright 1986-2022 Xilinx, Inc. All Rights Reserved. Copyright 2022-2024 Advanced Micro Devices, Inc. All Rights Reserved.
---------------------------------------------------------------------------------------------------------------------------------------------
| Tool Version : Vivado v.2024.1 (win64) Build 5076996 Wed May 22 18:37:14 MDT 2024
| Date         : Wed Sep  2 03:11:44 2026
| Host         : BOOK-S5JNKNEIOB running 64-bit major release  (build 9200)
| Command      : report_timing_summary -file timing_v3_postroute.rpt -max_paths 10
| Design       : particle_scorer
| Device       : 7a35ti-csg324
| Speed File   : -1L  PRODUCTION 1.23 2018-06-13
| Design State : Routed
---------------------------------------------------------------------------------------------------------------------------------------------

Timing Summary Report

------------------------------------------------------------------------------------------------
| Timer Settings
| --------------
------------------------------------------------------------------------------------------------

  Enable Multi Corner Analysis               :  Yes
  Enable Pessimism Removal                   :  Yes
  Pessimism Removal Resolution               :  Nearest Common Node
  Enable Input Delay Default Clock           :  No
  Enable Preset / Clear Arcs                 :  No
  Disable Flight Delays                      :  No
  Ignore I/O Paths                           :  No
  Timing Early Launch at Borrowing Latches   :  No
  Borrow Time for Max Delay Exceptions       :  Yes
  Merge Timing Exceptions                    :  Yes
  Inter-SLR Compensation                     :  Conservative

  Corner  Analyze    Analyze    
  Name    Max Paths  Min Paths  
  ------  ---------  ---------  
  Slow    Yes        Yes        
  Fast    Yes        Yes        


------------------------------------------------------------------------------------------------
| Report Methodology
| ------------------
------------------------------------------------------------------------------------------------

No report available as report_methodology has not been run prior. Run report_methodology on the current design for the summary of methodology violations.



check_timing report

Table of Contents
-----------------
1. checking no_clock (0)
2. checking constant_clock (0)
3. checking pulse_width_clock (0)
4. checking unconstrained_internal_endpoints (0)
5. checking no_input_delay (85)
6. checking no_output_delay (22)
7. checking multiple_clock (0)
8. checking generated_clocks (0)
9. checking loops (0)
10. checking partial_input_delay (0)
11. checking partial_output_delay (0)
12. checking latch_loops (0)

1. checking no_clock (0)
------------------------
 There are 0 register/latch pins with no clock.


2. checking constant_clock (0)
------------------------------
 There are 0 register/latch pins with constant_clock.


3. checking pulse_width_clock (0)
---------------------------------
 There are 0 register/latch pins which need pulse_width check


4. checking unconstrained_internal_endpoints (0)
------------------------------------------------
 There are 0 pins that are not constrained for maximum delay.

 There are 0 pins that are not constrained for maximum delay due to constant clock.


5. checking no_input_delay (85)
-------------------------------
 There are 85 input ports with no input delay specified. (HIGH)

 There are 0 input ports with no input delay but user has a false path constraint.


6. checking no_output_delay (22)
--------------------------------
 There are 22 ports with no output delay specified. (HIGH)

 There are 0 ports with no output delay but user has a false path constraint

 There are 0 ports with no output delay but with a timing clock defined on it or propagating through it


7. checking multiple_clock (0)
------------------------------
 There are 0 register/latch pins with multiple clocks.


8. checking generated_clocks (0)
--------------------------------
 There are 0 generated clocks that are not connected to a clock source.


9. checking loops (0)
---------------------
 There are 0 combinational loops in the design.


10. checking partial_input_delay (0)
------------------------------------
 There are 0 input ports with partial input delay specified.


11. checking partial_output_delay (0)
-------------------------------------
 There are 0 ports with partial output delay specified.


12. checking latch_loops (0)
----------------------------
 There are 0 combinational latch loops in the design through latch input



------------------------------------------------------------------------------------------------
| Design Timing Summary
| ---------------------
------------------------------------------------------------------------------------------------

    WNS(ns)      TNS(ns)  TNS Failing Endpoints  TNS Total Endpoints      WHS(ns)      THS(ns)  THS Failing Endpoints  THS Total Endpoints     WPWS(ns)     TPWS(ns)  TPWS Failing Endpoints  TPWS Total Endpoints  
    -------      -------  ---------------------  -------------------      -------      -------  ---------------------  -------------------     --------     --------  ----------------------  --------------------  
     -2.370      -80.024                     52                 1064        0.087        0.000                      0                 1064        4.500        0.000                       0                   295  


Timing constraints are not met.


------------------------------------------------------------------------------------------------
| Clock Summary
| -------------
------------------------------------------------------------------------------------------------

Clock  Waveform(ns)       Period(ns)      Frequency(MHz)
-----  ------------       ----------      --------------
clk    {0.000 5.000}      10.000          100.000         


------------------------------------------------------------------------------------------------
| Intra Clock Table
| -----------------
------------------------------------------------------------------------------------------------

Clock             WNS(ns)      TNS(ns)  TNS Failing Endpoints  TNS Total Endpoints      WHS(ns)      THS(ns)  THS Failing Endpoints  THS Total Endpoints     WPWS(ns)     TPWS(ns)  TPWS Failing Endpoints  TPWS Total Endpoints  
-----             -------      -------  ---------------------  -------------------      -------      -------  ---------------------  -------------------     --------     --------  ----------------------  --------------------  
clk                -2.370      -80.024                     52                 1064        0.087        0.000                      0                 1064        4.500        0.000                       0                   295  


------------------------------------------------------------------------------------------------
| Inter Clock Table
| -----------------
------------------------------------------------------------------------------------------------

From Clock    To Clock          WNS(ns)      TNS(ns)  TNS Failing Endpoints  TNS Total Endpoints      WHS(ns)      THS(ns)  THS Failing Endpoints  THS Total Endpoints  
----------    --------          -------      -------  ---------------------  -------------------      -------      -------  ---------------------  -------------------  


------------------------------------------------------------------------------------------------
| Other Path Groups Table
| -----------------------
------------------------------------------------------------------------------------------------

Path Group    From Clock    To Clock          WNS(ns)      TNS(ns)  TNS Failing Endpoints  TNS Total Endpoints      WHS(ns)      THS(ns)  THS Failing Endpoints  THS Total Endpoints  
----------    ----------    --------          -------      -------  ---------------------  -------------------      -------      -------  ---------------------  -------------------  


------------------------------------------------------------------------------------------------
| Timing Details
| --------------
------------------------------------------------------------------------------------------------


---------------------------------------------------------------------------------------------------
From Clock:  clk
  To Clock:  clk

Setup :           52  Failing Endpoints,  Worst Slack       -2.370ns,  Total Violation      -80.024ns
Hold  :            0  Failing Endpoints,  Worst Slack        0.087ns,  Total Violation        0.000ns
PW    :            0  Failing Endpoints,  Worst Slack        4.500ns,  Total Violation        0.000ns
---------------------------------------------------------------------------------------------------


Max Delay Paths
--------------------------------------------------------------------------------------
Slack (VIOLATED) :        -2.370ns  (required time - arrival time)
  Source:                 u_ray_march/y_reg[13]/C
                            (rising edge-triggered cell FDCE clocked by clk  {rise@0.000ns fall@5.000ns period=10.000ns})
  Destination:            u_ray_march/x_reg[9]/D
                            (rising edge-triggered cell FDCE clocked by clk  {rise@0.000ns fall@5.000ns period=10.000ns})
  Path Group:             clk
  Path Type:              Setup (Max at Slow Process Corner)
  Requirement:            10.000ns  (clk rise@10.000ns - clk rise@0.000ns)
  Data Path Delay:        12.088ns  (logic 3.203ns (26.497%)  route 8.885ns (73.503%))
  Logic Levels:           13  (CARRY4=2 LUT3=1 LUT6=8 MUXF7=2)
  Clock Path Skew:        -0.024ns (DCD - SCD + CPR)
    Destination Clock Delay (DCD):    4.298ns = ( 14.298 - 10.000 ) 
    Source Clock Delay      (SCD):    4.657ns
    Clock Pessimism Removal (CPR):    0.335ns
  Clock Uncertainty:      0.035ns  ((TSJ^2 + TIJ^2)^1/2 + DJ) / 2 + PE
    Total System Jitter     (TSJ):    0.071ns
    Total Input Jitter      (TIJ):    0.000ns
    Discrete Jitter          (DJ):    0.000ns
    Phase Error              (PE):    0.000ns

    Location             Delay type                Incr(ns)  Path(ns)    Netlist Resource(s)
  -------------------------------------------------------------------    -------------------
                         (clock clk rise edge)        0.000     0.000 r  
    N15                                               0.000     0.000 r  clk (IN)
                         net (fo=0)                   0.000     0.000    clk
    N15                  IBUF (Prop_ibuf_I_O)         0.962     0.962 r  clk_IBUF_inst/O
                         net (fo=1, routed)           1.972     2.933    clk_IBUF
    BUFGCTRL_X0Y0        BUFG (Prop_bufg_I_O)         0.096     3.029 r  clk_IBUF_BUFG_inst/O
                         net (fo=294, routed)         1.627     4.657    u_ray_march/clk_IBUF_BUFG
    SLICE_X5Y16          FDCE                                         r  u_ray_march/y_reg[13]/C
  -------------------------------------------------------------------    -------------------
    SLICE_X5Y16          FDCE (Prop_fdce_C_Q)         0.456     5.113 f  u_ray_march/y_reg[13]/Q
                         net (fo=6, routed)           0.823     5.936    u_ray_march/y_reg[13]
    SLICE_X4Y17          LUT6 (Prop_lut6_I0_O)        0.124     6.060 f  u_ray_march/running_i_5/O
                         net (fo=60, routed)          0.744     6.804    u_ray_march/running_i_5_n_0
    SLICE_X5Y19          LUT3 (Prop_lut3_I1_O)        0.124     6.928 r  u_ray_march/x[0]_i_469/O
                         net (fo=125, routed)         1.772     8.700    u_ray_march/x[0]_i_469_n_0
    SLICE_X8Y28          LUT6 (Prop_lut6_I0_O)        0.124     8.824 r  u_ray_march/x[0]_i_923/O
                         net (fo=1, routed)           0.810     9.634    u_ray_march/x[0]_i_923_n_0
    SLICE_X8Y29          LUT6 (Prop_lut6_I1_O)        0.124     9.758 r  u_ray_march/x[0]_i_502/O
                         net (fo=1, routed)           0.663    10.421    u_ray_march/x[0]_i_502_n_0
    SLICE_X8Y29          LUT6 (Prop_lut6_I1_O)        0.124    10.545 r  u_ray_march/x[0]_i_217/O
                         net (fo=1, routed)           0.000    10.545    u_ray_march/x[0]_i_217_n_0
    SLICE_X8Y29          MUXF7 (Prop_muxf7_I1_O)      0.214    10.759 r  u_ray_march/x_reg[0]_i_93/O
                         net (fo=1, routed)           0.782    11.541    u_ray_march/x_reg[0]_i_93_n_0
    SLICE_X6Y25          LUT6 (Prop_lut6_I5_O)        0.297    11.838 r  u_ray_march/x[0]_i_47/O
                         net (fo=2, routed)           0.000    11.838    u_ray_march/x[0]_i_47_n_0
    SLICE_X6Y25          MUXF7 (Prop_muxf7_I1_O)      0.214    12.052 r  u_ray_march/x_reg[0]_i_63/O
                         net (fo=1, routed)           1.039    13.092    u_ray_march/x_reg[0]_i_63_n_0
    SLICE_X4Y10          LUT6 (Prop_lut6_I3_O)        0.297    13.389 r  u_ray_march/x[0]_i_34/O
                         net (fo=32, routed)          0.668    14.056    u_ray_march/x[0]_i_34_n_0
    SLICE_X6Y11          LUT6 (Prop_lut6_I4_O)        0.124    14.180 r  u_ray_march/x[4]_i_13/O
                         net (fo=4, routed)           0.417    14.597    u_ray_march/x[4]_i_13_n_0
    SLICE_X7Y11          LUT6 (Prop_lut6_I5_O)        0.124    14.721 r  u_ray_march/x[4]_i_4/O
                         net (fo=1, routed)           0.817    15.538    u_ray_march/x[4]_i_4_n_0
    SLICE_X6Y14          CARRY4 (Prop_carry4_DI[1]_CO[3])
                                                      0.520    16.058 r  u_ray_march/x_reg[4]_i_1/CO[3]
                         net (fo=1, routed)           0.000    16.058    u_ray_march/x_reg[4]_i_1_n_0
    SLICE_X6Y15          CARRY4 (Prop_carry4_CI_O[1])
                                                      0.337    16.395 r  u_ray_march/x_reg[8]_i_1/O[1]
                         net (fo=4, routed)           0.349    16.745    u_ray_march/x_reg[8]_i_1_n_6
    SLICE_X7Y16          FDCE                                         r  u_ray_march/x_reg[9]/D
  -------------------------------------------------------------------    -------------------

                         (clock clk rise edge)       10.000    10.000 r  
    N15                                               0.000    10.000 r  clk (IN)
                         net (fo=0)                   0.000    10.000    clk
    N15                  IBUF (Prop_ibuf_I_O)         0.828    10.828 r  clk_IBUF_inst/O
                         net (fo=1, routed)           1.868    12.696    clk_IBUF
    BUFGCTRL_X0Y0        BUFG (Prop_bufg_I_O)         0.091    12.787 r  clk_IBUF_BUFG_inst/O
                         net (fo=294, routed)         1.510    14.298    u_ray_march/clk_IBUF_BUFG
    SLICE_X7Y16          FDCE                                         r  u_ray_march/x_reg[9]/C
                         clock pessimism              0.335    14.633    
                         clock uncertainty           -0.035    14.597    
    SLICE_X7Y16          FDCE (Setup_fdce_C_D)       -0.222    14.375    u_ray_march/x_reg[9]
  -------------------------------------------------------------------
                         required time                         14.375    
                         arrival time                         -16.745    
  -------------------------------------------------------------------
                         slack                                 -2.370    

Slack (VIOLATED) :        -2.272ns  (required time - arrival time)
  Source:                 u_ray_march/y_reg[13]/C
                            (rising edge-triggered cell FDCE clocked by clk  {rise@0.000ns fall@5.000ns period=10.000ns})
  Destination:            u_ray_march/y_reg[8]_rep__0/D
                            (rising edge-triggered cell FDCE clocked by clk  {rise@0.000ns fall@5.000ns period=10.000ns})
  Path Group:             clk
  Path Type:              Setup (Max at Slow Process Corner)
  Requirement:            10.000ns  (clk rise@10.000ns - clk rise@0.000ns)
  Data Path Delay:        11.970ns  (logic 2.979ns (24.887%)  route 8.991ns (75.113%))
  Logic Levels:           13  (CARRY4=2 LUT3=1 LUT6=8 MUXF7=2)
  Clock Path Skew:        -0.023ns (DCD - SCD + CPR)
    Destination Clock Delay (DCD):    4.299ns = ( 14.299 - 10.000 ) 
    Source Clock Delay      (SCD):    4.657ns
    Clock Pessimism Removal (CPR):    0.335ns
  Clock Uncertainty:      0.035ns  ((TSJ^2 + TIJ^2)^1/2 + DJ) / 2 + PE
    Total System Jitter     (TSJ):    0.071ns
    Total Input Jitter      (TIJ):    0.000ns
    Discrete Jitter          (DJ):    0.000ns
    Phase Error              (PE):    0.000ns

    Location             Delay type                Incr(ns)  Path(ns)    Netlist Resource(s)
  -------------------------------------------------------------------    -------------------
                         (clock clk rise edge)        0.000     0.000 r  
    N15                                               0.000     0.000 r  clk (IN)
                         net (fo=0)                   0.000     0.000    clk
    N15                  IBUF (Prop_ibuf_I_O)         0.962     0.962 r  clk_IBUF_inst/O
                         net (fo=1, routed)           1.972     2.933    clk_IBUF
    BUFGCTRL_X0Y0        BUFG (Prop_bufg_I_O)         0.096     3.029 r  clk_IBUF_BUFG_inst/O
                         net (fo=294, routed)         1.627     4.657    u_ray_march/clk_IBUF_BUFG
    SLICE_X5Y16          FDCE                                         r  u_ray_march/y_reg[13]/C
  -------------------------------------------------------------------    -------------------
    SLICE_X5Y16          FDCE (Prop_fdce_C_Q)         0.456     5.113 f  u_ray_march/y_reg[13]/Q
                         net (fo=6, routed)           0.823     5.936    u_ray_march/y_reg[13]
    SLICE_X4Y17          LUT6 (Prop_lut6_I0_O)        0.124     6.060 f  u_ray_march/running_i_5/O
                         net (fo=60, routed)          0.744     6.804    u_ray_march/running_i_5_n_0
    SLICE_X5Y19          LUT3 (Prop_lut3_I1_O)        0.124     6.928 r  u_ray_march/x[0]_i_469/O
                         net (fo=125, routed)         1.772     8.700    u_ray_march/x[0]_i_469_n_0
    SLICE_X8Y28          LUT6 (Prop_lut6_I0_O)        0.124     8.824 r  u_ray_march/x[0]_i_923/O
                         net (fo=1, routed)           0.810     9.634    u_ray_march/x[0]_i_923_n_0
    SLICE_X8Y29          LUT6 (Prop_lut6_I1_O)        0.124     9.758 r  u_ray_march/x[0]_i_502/O
                         net (fo=1, routed)           0.663    10.421    u_ray_march/x[0]_i_502_n_0
    SLICE_X8Y29          LUT6 (Prop_lut6_I1_O)        0.124    10.545 r  u_ray_march/x[0]_i_217/O
                         net (fo=1, routed)           0.000    10.545    u_ray_march/x[0]_i_217_n_0
    SLICE_X8Y29          MUXF7 (Prop_muxf7_I1_O)      0.214    10.759 r  u_ray_march/x_reg[0]_i_93/O
                         net (fo=1, routed)           0.782    11.541    u_ray_march/x_reg[0]_i_93_n_0
    SLICE_X6Y25          LUT6 (Prop_lut6_I5_O)        0.297    11.838 r  u_ray_march/x[0]_i_47/O
                         net (fo=2, routed)           0.000    11.838    u_ray_march/x[0]_i_47_n_0
    SLICE_X6Y25          MUXF7 (Prop_muxf7_I1_O)      0.214    12.052 r  u_ray_march/x_reg[0]_i_63/O
                         net (fo=1, routed)           1.039    13.092    u_ray_march/x_reg[0]_i_63_n_0
    SLICE_X4Y10          LUT6 (Prop_lut6_I3_O)        0.297    13.389 r  u_ray_march/x[0]_i_34/O
                         net (fo=32, routed)          0.680    14.069    u_ray_march/x[0]_i_34_n_0
    SLICE_X3Y9           LUT6 (Prop_lut6_I4_O)        0.124    14.193 r  u_ray_march/y[4]_i_12/O
                         net (fo=4, routed)           0.813    15.005    u_ray_march/y[4]_i_12_n_0
    SLICE_X4Y8           LUT6 (Prop_lut6_I1_O)        0.124    15.129 r  u_ray_march/y[4]_i_3/O
                         net (fo=1, routed)           0.671    15.801    u_ray_march/y[4]_i_3_n_0
    SLICE_X5Y14          CARRY4 (Prop_carry4_DI[2]_CO[3])
                                                      0.398    16.199 r  u_ray_march/y_reg[4]_i_1/CO[3]
                         net (fo=1, routed)           0.000    16.199    u_ray_march/y_reg[4]_i_1_n_0
    SLICE_X5Y15          CARRY4 (Prop_carry4_CI_O[0])
                                                      0.235    16.434 r  u_ray_march/y_reg[8]_i_1/O[0]
                         net (fo=3, routed)           0.193    16.627    u_ray_march/y_reg[8]_i_1_n_7
    SLICE_X4Y15          FDCE                                         r  u_ray_march/y_reg[8]_rep__0/D
  -------------------------------------------------------------------    -------------------

                         (clock clk rise edge)       10.000    10.000 r  
    N15                                               0.000    10.000 r  clk (IN)
                         net (fo=0)                   0.000    10.000    clk
    N15                  IBUF (Prop_ibuf_I_O)         0.828    10.828 r  clk_IBUF_inst/O
                         net (fo=1, routed)           1.868    12.696    clk_IBUF
    BUFGCTRL_X0Y0        BUFG (Prop_bufg_I_O)         0.091    12.787 r  clk_IBUF_BUFG_inst/O
                         net (fo=294, routed)         1.511    14.299    u_ray_march/clk_IBUF_BUFG
    SLICE_X4Y15          FDCE                                         r  u_ray_march/y_reg[8]_rep__0/C
                         clock pessimism              0.335    14.634    
                         clock uncertainty           -0.035    14.598    
    SLICE_X4Y15          FDCE (Setup_fdce_C_D)       -0.244    14.354    u_ray_march/y_reg[8]_rep__0
  -------------------------------------------------------------------
                         required time                         14.354    
                         arrival time                         -16.627    
  -------------------------------------------------------------------
                         slack                                 -2.272    

Slack (VIOLATED) :        -2.260ns  (required time - arrival time)
  Source:                 u_ray_march/y_reg[13]/C
                            (rising edge-triggered cell FDCE clocked by clk  {rise@0.000ns fall@5.000ns period=10.000ns})
  Destination:            u_ray_march/y_reg[8]_rep/D
                            (rising edge-triggered cell FDCE clocked by clk  {rise@0.000ns fall@5.000ns period=10.000ns})
  Path Group:             clk
  Path Type:              Setup (Max at Slow Process Corner)
  Requirement:            10.000ns  (clk rise@10.000ns - clk rise@0.000ns)
  Data Path Delay:        11.970ns  (logic 2.979ns (24.887%)  route 8.991ns (75.113%))
  Logic Levels:           13  (CARRY4=2 LUT3=1 LUT6=8 MUXF7=2)
  Clock Path Skew:        -0.023ns (DCD - SCD + CPR)
    Destination Clock Delay (DCD):    4.299ns = ( 14.299 - 10.000 ) 
    Source Clock Delay      (SCD):    4.657ns
    Clock Pessimism Removal (CPR):    0.335ns
  Clock Uncertainty:      0.035ns  ((TSJ^2 + TIJ^2)^1/2 + DJ) / 2 + PE
    Total System Jitter     (TSJ):    0.071ns
    Total Input Jitter      (TIJ):    0.000ns
    Discrete Jitter          (DJ):    0.000ns
    Phase Error              (PE):    0.000ns

    Location             Delay type                Incr(ns)  Path(ns)    Netlist Resource(s)
  -------------------------------------------------------------------    -------------------
                         (clock clk rise edge)        0.000     0.000 r  
    N15                                               0.000     0.000 r  clk (IN)
                         net (fo=0)                   0.000     0.000    clk
    N15                  IBUF (Prop_ibuf_I_O)         0.962     0.962 r  clk_IBUF_inst/O
                         net (fo=1, routed)           1.972     2.933    clk_IBUF
    BUFGCTRL_X0Y0        BUFG (Prop_bufg_I_O)         0.096     3.029 r  clk_IBUF_BUFG_inst/O
                         net (fo=294, routed)         1.627     4.657    u_ray_march/clk_IBUF_BUFG
    SLICE_X5Y16          FDCE                                         r  u_ray_march/y_reg[13]/C
  -------------------------------------------------------------------    -------------------
    SLICE_X5Y16          FDCE (Prop_fdce_C_Q)         0.456     5.113 f  u_ray_march/y_reg[13]/Q
                         net (fo=6, routed)           0.823     5.936    u_ray_march/y_reg[13]
    SLICE_X4Y17          LUT6 (Prop_lut6_I0_O)        0.124     6.060 f  u_ray_march/running_i_5/O
                         net (fo=60, routed)          0.744     6.804    u_ray_march/running_i_5_n_0
    SLICE_X5Y19          LUT3 (Prop_lut3_I1_O)        0.124     6.928 r  u_ray_march/x[0]_i_469/O
                         net (fo=125, routed)         1.772     8.700    u_ray_march/x[0]_i_469_n_0
    SLICE_X8Y28          LUT6 (Prop_lut6_I0_O)        0.124     8.824 r  u_ray_march/x[0]_i_923/O
                         net (fo=1, routed)           0.810     9.634    u_ray_march/x[0]_i_923_n_0
    SLICE_X8Y29          LUT6 (Prop_lut6_I1_O)        0.124     9.758 r  u_ray_march/x[0]_i_502/O
                         net (fo=1, routed)           0.663    10.421    u_ray_march/x[0]_i_502_n_0
    SLICE_X8Y29          LUT6 (Prop_lut6_I1_O)        0.124    10.545 r  u_ray_march/x[0]_i_217/O
                         net (fo=1, routed)           0.000    10.545    u_ray_march/x[0]_i_217_n_0
    SLICE_X8Y29          MUXF7 (Prop_muxf7_I1_O)      0.214    10.759 r  u_ray_march/x_reg[0]_i_93/O
                         net (fo=1, routed)           0.782    11.541    u_ray_march/x_reg[0]_i_93_n_0
    SLICE_X6Y25          LUT6 (Prop_lut6_I5_O)        0.297    11.838 r  u_ray_march/x[0]_i_47/O
                         net (fo=2, routed)           0.000    11.838    u_ray_march/x[0]_i_47_n_0
    SLICE_X6Y25          MUXF7 (Prop_muxf7_I1_O)      0.214    12.052 r  u_ray_march/x_reg[0]_i_63/O
                         net (fo=1, routed)           1.039    13.092    u_ray_march/x_reg[0]_i_63_n_0
    SLICE_X4Y10          LUT6 (Prop_lut6_I3_O)        0.297    13.389 r  u_ray_march/x[0]_i_34/O
                         net (fo=32, routed)          0.680    14.069    u_ray_march/x[0]_i_34_n_0
    SLICE_X3Y9           LUT6 (Prop_lut6_I4_O)        0.124    14.193 r  u_ray_march/y[4]_i_12/O
                         net (fo=4, routed)           0.813    15.005    u_ray_march/y[4]_i_12_n_0
    SLICE_X4Y8           LUT6 (Prop_lut6_I1_O)        0.124    15.129 r  u_ray_march/y[4]_i_3/O
                         net (fo=1, routed)           0.671    15.801    u_ray_march/y[4]_i_3_n_0
    SLICE_X5Y14          CARRY4 (Prop_carry4_DI[2]_CO[3])
                                                      0.398    16.199 r  u_ray_march/y_reg[4]_i_1/CO[3]
                         net (fo=1, routed)           0.000    16.199    u_ray_march/y_reg[4]_i_1_n_0
    SLICE_X5Y15          CARRY4 (Prop_carry4_CI_O[0])
                                                      0.235    16.434 r  u_ray_march/y_reg[8]_i_1/O[0]
                         net (fo=3, routed)           0.193    16.627    u_ray_march/y_reg[8]_i_1_n_7
    SLICE_X4Y15          FDCE                                         r  u_ray_march/y_reg[8]_rep/D
  -------------------------------------------------------------------    -------------------

                         (clock clk rise edge)       10.000    10.000 r  
    N15                                               0.000    10.000 r  clk (IN)
                         net (fo=0)                   0.000    10.000    clk
    N15                  IBUF (Prop_ibuf_I_O)         0.828    10.828 r  clk_IBUF_inst/O
                         net (fo=1, routed)           1.868    12.696    clk_IBUF
    BUFGCTRL_X0Y0        BUFG (Prop_bufg_I_O)         0.091    12.787 r  clk_IBUF_BUFG_inst/O
                         net (fo=294, routed)         1.511    14.299    u_ray_march/clk_IBUF_BUFG
    SLICE_X4Y15          FDCE                                         r  u_ray_march/y_reg[8]_rep/C
                         clock pessimism              0.335    14.634    
                         clock uncertainty           -0.035    14.598    
    SLICE_X4Y15          FDCE (Setup_fdce_C_D)       -0.232    14.366    u_ray_march/y_reg[8]_rep
  -------------------------------------------------------------------
                         required time                         14.366    
                         arrival time                         -16.627    
  -------------------------------------------------------------------
                         slack                                 -2.260    

Slack (VIOLATED) :        -2.255ns  (required time - arrival time)
  Source:                 u_ray_march/y_reg[13]/C
                            (rising edge-triggered cell FDCE clocked by clk  {rise@0.000ns fall@5.000ns period=10.000ns})
  Destination:            u_ray_march/x_reg[9]_rep__1/D
                            (rising edge-triggered cell FDCE clocked by clk  {rise@0.000ns fall@5.000ns period=10.000ns})
  Path Group:             clk
  Path Type:              Setup (Max at Slow Process Corner)
  Requirement:            10.000ns  (clk rise@10.000ns - clk rise@0.000ns)
  Data Path Delay:        11.948ns  (logic 3.203ns (26.807%)  route 8.745ns (73.193%))
  Logic Levels:           13  (CARRY4=2 LUT3=1 LUT6=8 MUXF7=2)
  Clock Path Skew:        -0.023ns (DCD - SCD + CPR)
    Destination Clock Delay (DCD):    4.299ns = ( 14.299 - 10.000 ) 
    Source Clock Delay      (SCD):    4.657ns
    Clock Pessimism Removal (CPR):    0.335ns
  Clock Uncertainty:      0.035ns  ((TSJ^2 + TIJ^2)^1/2 + DJ) / 2 + PE
    Total System Jitter     (TSJ):    0.071ns
    Total Input Jitter      (TIJ):    0.000ns
    Discrete Jitter          (DJ):    0.000ns
    Phase Error              (PE):    0.000ns

    Location             Delay type                Incr(ns)  Path(ns)    Netlist Resource(s)
  -------------------------------------------------------------------    -------------------
                         (clock clk rise edge)        0.000     0.000 r  
    N15                                               0.000     0.000 r  clk (IN)
                         net (fo=0)                   0.000     0.000    clk
    N15                  IBUF (Prop_ibuf_I_O)         0.962     0.962 r  clk_IBUF_inst/O
                         net (fo=1, routed)           1.972     2.933    clk_IBUF
    BUFGCTRL_X0Y0        BUFG (Prop_bufg_I_O)         0.096     3.029 r  clk_IBUF_BUFG_inst/O
                         net (fo=294, routed)         1.627     4.657    u_ray_march/clk_IBUF_BUFG
    SLICE_X5Y16          FDCE                                         r  u_ray_march/y_reg[13]/C
  -------------------------------------------------------------------    -------------------
    SLICE_X5Y16          FDCE (Prop_fdce_C_Q)         0.456     5.113 f  u_ray_march/y_reg[13]/Q
                         net (fo=6, routed)           0.823     5.936    u_ray_march/y_reg[13]
    SLICE_X4Y17          LUT6 (Prop_lut6_I0_O)        0.124     6.060 f  u_ray_march/running_i_5/O
                         net (fo=60, routed)          0.744     6.804    u_ray_march/running_i_5_n_0
    SLICE_X5Y19          LUT3 (Prop_lut3_I1_O)        0.124     6.928 r  u_ray_march/x[0]_i_469/O
                         net (fo=125, routed)         1.772     8.700    u_ray_march/x[0]_i_469_n_0
    SLICE_X8Y28          LUT6 (Prop_lut6_I0_O)        0.124     8.824 r  u_ray_march/x[0]_i_923/O
                         net (fo=1, routed)           0.810     9.634    u_ray_march/x[0]_i_923_n_0
    SLICE_X8Y29          LUT6 (Prop_lut6_I1_O)        0.124     9.758 r  u_ray_march/x[0]_i_502/O
                         net (fo=1, routed)           0.663    10.421    u_ray_march/x[0]_i_502_n_0
    SLICE_X8Y29          LUT6 (Prop_lut6_I1_O)        0.124    10.545 r  u_ray_march/x[0]_i_217/O
                         net (fo=1, routed)           0.000    10.545    u_ray_march/x[0]_i_217_n_0
    SLICE_X8Y29          MUXF7 (Prop_muxf7_I1_O)      0.214    10.759 r  u_ray_march/x_reg[0]_i_93/O
                         net (fo=1, routed)           0.782    11.541    u_ray_march/x_reg[0]_i_93_n_0
    SLICE_X6Y25          LUT6 (Prop_lut6_I5_O)        0.297    11.838 r  u_ray_march/x[0]_i_47/O
                         net (fo=2, routed)           0.000    11.838    u_ray_march/x[0]_i_47_n_0
    SLICE_X6Y25          MUXF7 (Prop_muxf7_I1_O)      0.214    12.052 r  u_ray_march/x_reg[0]_i_63/O
                         net (fo=1, routed)           1.039    13.092    u_ray_march/x_reg[0]_i_63_n_0
    SLICE_X4Y10          LUT6 (Prop_lut6_I3_O)        0.297    13.389 r  u_ray_march/x[0]_i_34/O
                         net (fo=32, routed)          0.668    14.056    u_ray_march/x[0]_i_34_n_0
    SLICE_X6Y11          LUT6 (Prop_lut6_I4_O)        0.124    14.180 r  u_ray_march/x[4]_i_13/O
                         net (fo=4, routed)           0.417    14.597    u_ray_march/x[4]_i_13_n_0
    SLICE_X7Y11          LUT6 (Prop_lut6_I5_O)        0.124    14.721 r  u_ray_march/x[4]_i_4/O
                         net (fo=1, routed)           0.817    15.538    u_ray_march/x[4]_i_4_n_0
    SLICE_X6Y14          CARRY4 (Prop_carry4_DI[1]_CO[3])
                                                      0.520    16.058 r  u_ray_march/x_reg[4]_i_1/CO[3]
                         net (fo=1, routed)           0.000    16.058    u_ray_march/x_reg[4]_i_1_n_0
    SLICE_X6Y15          CARRY4 (Prop_carry4_CI_O[1])
                                                      0.337    16.395 r  u_ray_march/x_reg[8]_i_1/O[1]
                         net (fo=4, routed)           0.210    16.605    u_ray_march/x_reg[8]_i_1_n_6
    SLICE_X7Y15          FDCE                                         r  u_ray_march/x_reg[9]_rep__1/D
  -------------------------------------------------------------------    -------------------

                         (clock clk rise edge)       10.000    10.000 r  
    N15                                               0.000    10.000 r  clk (IN)
                         net (fo=0)                   0.000    10.000    clk
    N15                  IBUF (Prop_ibuf_I_O)         0.828    10.828 r  clk_IBUF_inst/O
                         net (fo=1, routed)           1.868    12.696    clk_IBUF
    BUFGCTRL_X0Y0        BUFG (Prop_bufg_I_O)         0.091    12.787 r  clk_IBUF_BUFG_inst/O
                         net (fo=294, routed)         1.511    14.299    u_ray_march/clk_IBUF_BUFG
    SLICE_X7Y15          FDCE                                         r  u_ray_march/x_reg[9]_rep__1/C
                         clock pessimism              0.335    14.634    
                         clock uncertainty           -0.035    14.598    
    SLICE_X7Y15          FDCE (Setup_fdce_C_D)       -0.248    14.350    u_ray_march/x_reg[9]_rep__1
  -------------------------------------------------------------------
                         required time                         14.350    
                         arrival time                         -16.605    
  -------------------------------------------------------------------
                         slack                                 -2.255    

Slack (VIOLATED) :        -2.243ns  (required time - arrival time)
  Source:                 u_ray_march/y_reg[13]/C
                            (rising edge-triggered cell FDCE clocked by clk  {rise@0.000ns fall@5.000ns period=10.000ns})
  Destination:            u_ray_march/x_reg[9]_rep__0/D
                            (rising edge-triggered cell FDCE clocked by clk  {rise@0.000ns fall@5.000ns period=10.000ns})
  Path Group:             clk
  Path Type:              Setup (Max at Slow Process Corner)
  Requirement:            10.000ns  (clk rise@10.000ns - clk rise@0.000ns)
  Data Path Delay:        11.948ns  (logic 3.203ns (26.807%)  route 8.745ns (73.193%))
  Logic Levels:           13  (CARRY4=2 LUT3=1 LUT6=8 MUXF7=2)
  Clock Path Skew:        -0.023ns (DCD - SCD + CPR)
    Destination Clock Delay (DCD):    4.299ns = ( 14.299 - 10.000 ) 
    Source Clock Delay      (SCD):    4.657ns
    Clock Pessimism Removal (CPR):    0.335ns
  Clock Uncertainty:      0.035ns  ((TSJ^2 + TIJ^2)^1/2 + DJ) / 2 + PE
    Total System Jitter     (TSJ):    0.071ns
    Total Input Jitter      (TIJ):    0.000ns
    Discrete Jitter          (DJ):    0.000ns
    Phase Error              (PE):    0.000ns

    Location             Delay type                Incr(ns)  Path(ns)    Netlist Resource(s)
  -------------------------------------------------------------------    -------------------
                         (clock clk rise edge)        0.000     0.000 r  
    N15                                               0.000     0.000 r  clk (IN)
                         net (fo=0)                   0.000     0.000    clk
    N15                  IBUF (Prop_ibuf_I_O)         0.962     0.962 r  clk_IBUF_inst/O
                         net (fo=1, routed)           1.972     2.933    clk_IBUF
    BUFGCTRL_X0Y0        BUFG (Prop_bufg_I_O)         0.096     3.029 r  clk_IBUF_BUFG_inst/O
                         net (fo=294, routed)         1.627     4.657    u_ray_march/clk_IBUF_BUFG
    SLICE_X5Y16          FDCE                                         r  u_ray_march/y_reg[13]/C
  -------------------------------------------------------------------    -------------------
    SLICE_X5Y16          FDCE (Prop_fdce_C_Q)         0.456     5.113 f  u_ray_march/y_reg[13]/Q
                         net (fo=6, routed)           0.823     5.936    u_ray_march/y_reg[13]
    SLICE_X4Y17          LUT6 (Prop_lut6_I0_O)        0.124     6.060 f  u_ray_march/running_i_5/O
                         net (fo=60, routed)          0.744     6.804    u_ray_march/running_i_5_n_0
    SLICE_X5Y19          LUT3 (Prop_lut3_I1_O)        0.124     6.928 r  u_ray_march/x[0]_i_469/O
                         net (fo=125, routed)         1.772     8.700    u_ray_march/x[0]_i_469_n_0
    SLICE_X8Y28          LUT6 (Prop_lut6_I0_O)        0.124     8.824 r  u_ray_march/x[0]_i_923/O
                         net (fo=1, routed)           0.810     9.634    u_ray_march/x[0]_i_923_n_0
    SLICE_X8Y29          LUT6 (Prop_lut6_I1_O)        0.124     9.758 r  u_ray_march/x[0]_i_502/O
                         net (fo=1, routed)           0.663    10.421    u_ray_march/x[0]_i_502_n_0
    SLICE_X8Y29          LUT6 (Prop_lut6_I1_O)        0.124    10.545 r  u_ray_march/x[0]_i_217/O
                         net (fo=1, routed)           0.000    10.545    u_ray_march/x[0]_i_217_n_0
    SLICE_X8Y29          MUXF7 (Prop_muxf7_I1_O)      0.214    10.759 r  u_ray_march/x_reg[0]_i_93/O
                         net (fo=1, routed)           0.782    11.541    u_ray_march/x_reg[0]_i_93_n_0
    SLICE_X6Y25          LUT6 (Prop_lut6_I5_O)        0.297    11.838 r  u_ray_march/x[0]_i_47/O
                         net (fo=2, routed)           0.000    11.838    u_ray_march/x[0]_i_47_n_0
    SLICE_X6Y25          MUXF7 (Prop_muxf7_I1_O)      0.214    12.052 r  u_ray_march/x_reg[0]_i_63/O
                         net (fo=1, routed)           1.039    13.092    u_ray_march/x_reg[0]_i_63_n_0
    SLICE_X4Y10          LUT6 (Prop_lut6_I3_O)        0.297    13.389 r  u_ray_march/x[0]_i_34/O
                         net (fo=32, routed)          0.668    14.056    u_ray_march/x[0]_i_34_n_0
    SLICE_X6Y11          LUT6 (Prop_lut6_I4_O)        0.124    14.180 r  u_ray_march/x[4]_i_13/O
                         net (fo=4, routed)           0.417    14.597    u_ray_march/x[4]_i_13_n_0
    SLICE_X7Y11          LUT6 (Prop_lut6_I5_O)        0.124    14.721 r  u_ray_march/x[4]_i_4/O
                         net (fo=1, routed)           0.817    15.538    u_ray_march/x[4]_i_4_n_0
    SLICE_X6Y14          CARRY4 (Prop_carry4_DI[1]_CO[3])
                                                      0.520    16.058 r  u_ray_march/x_reg[4]_i_1/CO[3]
                         net (fo=1, routed)           0.000    16.058    u_ray_march/x_reg[4]_i_1_n_0
    SLICE_X6Y15          CARRY4 (Prop_carry4_CI_O[1])
                                                      0.337    16.395 r  u_ray_march/x_reg[8]_i_1/O[1]
                         net (fo=4, routed)           0.210    16.605    u_ray_march/x_reg[8]_i_1_n_6
    SLICE_X7Y15          FDCE                                         r  u_ray_march/x_reg[9]_rep__0/D
  -------------------------------------------------------------------    -------------------

                         (clock clk rise edge)       10.000    10.000 r  
    N15                                               0.000    10.000 r  clk (IN)
                         net (fo=0)                   0.000    10.000    clk
    N15                  IBUF (Prop_ibuf_I_O)         0.828    10.828 r  clk_IBUF_inst/O
                         net (fo=1, routed)           1.868    12.696    clk_IBUF
    BUFGCTRL_X0Y0        BUFG (Prop_bufg_I_O)         0.091    12.787 r  clk_IBUF_BUFG_inst/O
                         net (fo=294, routed)         1.511    14.299    u_ray_march/clk_IBUF_BUFG
    SLICE_X7Y15          FDCE                                         r  u_ray_march/x_reg[9]_rep__0/C
                         clock pessimism              0.335    14.634    
                         clock uncertainty           -0.035    14.598    
    SLICE_X7Y15          FDCE (Setup_fdce_C_D)       -0.236    14.362    u_ray_march/x_reg[9]_rep__0
  -------------------------------------------------------------------
                         required time                         14.362    
                         arrival time                         -16.605    
  -------------------------------------------------------------------
                         slack                                 -2.243    

Slack (VIOLATED) :        -2.175ns  (required time - arrival time)
  Source:                 u_ray_march/y_reg[13]/C
                            (rising edge-triggered cell FDCE clocked by clk  {rise@0.000ns fall@5.000ns period=10.000ns})
  Destination:            u_ray_march/x_reg[17]/D
                            (rising edge-triggered cell FDCE clocked by clk  {rise@0.000ns fall@5.000ns period=10.000ns})
  Path Group:             clk
  Path Type:              Setup (Max at Slow Process Corner)
  Requirement:            10.000ns  (clk rise@10.000ns - clk rise@0.000ns)
  Data Path Delay:        12.224ns  (logic 3.483ns (28.494%)  route 8.741ns (71.506%))
  Logic Levels:           15  (CARRY4=3 LUT3=1 LUT6=8 MUXF7=2 MUXF8=1)
  Clock Path Skew:        -0.025ns (DCD - SCD + CPR)
    Destination Clock Delay (DCD):    4.297ns = ( 14.297 - 10.000 ) 
    Source Clock Delay      (SCD):    4.657ns
    Clock Pessimism Removal (CPR):    0.335ns
  Clock Uncertainty:      0.035ns  ((TSJ^2 + TIJ^2)^1/2 + DJ) / 2 + PE
    Total System Jitter     (TSJ):    0.071ns
    Total Input Jitter      (TIJ):    0.000ns
    Discrete Jitter          (DJ):    0.000ns
    Phase Error              (PE):    0.000ns

    Location             Delay type                Incr(ns)  Path(ns)    Netlist Resource(s)
  -------------------------------------------------------------------    -------------------
                         (clock clk rise edge)        0.000     0.000 r  
    N15                                               0.000     0.000 r  clk (IN)
                         net (fo=0)                   0.000     0.000    clk
    N15                  IBUF (Prop_ibuf_I_O)         0.962     0.962 r  clk_IBUF_inst/O
                         net (fo=1, routed)           1.972     2.933    clk_IBUF
    BUFGCTRL_X0Y0        BUFG (Prop_bufg_I_O)         0.096     3.029 r  clk_IBUF_BUFG_inst/O
                         net (fo=294, routed)         1.627     4.657    u_ray_march/clk_IBUF_BUFG
    SLICE_X5Y16          FDCE                                         r  u_ray_march/y_reg[13]/C
  -------------------------------------------------------------------    -------------------
    SLICE_X5Y16          FDCE (Prop_fdce_C_Q)         0.456     5.113 f  u_ray_march/y_reg[13]/Q
                         net (fo=6, routed)           0.823     5.936    u_ray_march/y_reg[13]
    SLICE_X4Y17          LUT6 (Prop_lut6_I0_O)        0.124     6.060 f  u_ray_march/running_i_5/O
                         net (fo=60, routed)          0.760     6.821    u_ray_march/running_i_5_n_0
    SLICE_X6Y18          LUT3 (Prop_lut3_I1_O)        0.124     6.945 r  u_ray_march/x[0]_i_441/O
                         net (fo=125, routed)         1.453     8.397    u_ray_march/x[0]_i_441_n_0
    SLICE_X4Y24          LUT6 (Prop_lut6_I0_O)        0.124     8.521 r  u_ray_march/x[0]_i_918/O
                         net (fo=3, routed)           0.874     9.395    u_ray_march/x[0]_i_918_n_0
    SLICE_X0Y24          LUT6 (Prop_lut6_I1_O)        0.124     9.519 r  u_ray_march/x[0]_i_821/O
                         net (fo=1, routed)           0.000     9.519    u_ray_march/x[0]_i_821_n_0
    SLICE_X0Y24          MUXF7 (Prop_muxf7_I0_O)      0.212     9.731 r  u_ray_march/x_reg[0]_i_380/O
                         net (fo=1, routed)           0.718    10.449    u_ray_march/x_reg[0]_i_380_n_0
    SLICE_X0Y23          LUT6 (Prop_lut6_I4_O)        0.299    10.748 r  u_ray_march/x[0]_i_155/O
                         net (fo=1, routed)           0.797    11.545    u_ray_march/x[0]_i_155_n_0
    SLICE_X0Y14          LUT6 (Prop_lut6_I5_O)        0.124    11.669 r  u_ray_march/x[0]_i_69/O
                         net (fo=1, routed)           0.000    11.669    u_ray_march/x[0]_i_69_n_0
    SLICE_X0Y14          MUXF7 (Prop_muxf7_I0_O)      0.238    11.907 r  u_ray_march/x_reg[0]_i_37/O
                         net (fo=2, routed)           0.000    11.907    u_ray_march/x_reg[0]_i_37_n_0
    SLICE_X0Y14          MUXF8 (Prop_muxf8_I0_O)      0.104    12.011 r  u_ray_march/x_reg[4]_i_20/O
                         net (fo=28, routed)          0.784    12.795    u_ray_march/x_reg[4]_i_20_n_0
    SLICE_X2Y11          LUT6 (Prop_lut6_I4_O)        0.316    13.111 r  u_ray_march/x[4]_i_10/O
                         net (fo=5, routed)           1.018    14.130    u_ray_march/x[4]_i_10_n_0
    SLICE_X3Y10          LUT6 (Prop_lut6_I0_O)        0.124    14.254 r  u_ray_march/x[4]_i_14/O
                         net (fo=3, routed)           0.556    14.810    u_ray_march/x[4]_i_14_n_0
    SLICE_X7Y9           LUT6 (Prop_lut6_I5_O)        0.124    14.934 r  u_ray_march/x[8]_i_5/O
                         net (fo=1, routed)           0.957    15.890    u_ray_march/x[8]_i_5_n_0
    SLICE_X6Y15          CARRY4 (Prop_carry4_DI[0]_CO[3])
                                                      0.550    16.440 r  u_ray_march/x_reg[8]_i_1/CO[3]
                         net (fo=1, routed)           0.000    16.440    u_ray_march/x_reg[8]_i_1_n_0
    SLICE_X6Y16          CARRY4 (Prop_carry4_CI_CO[3])
                                                      0.117    16.557 r  u_ray_march/x_reg[12]_i_1/CO[3]
                         net (fo=1, routed)           0.000    16.557    u_ray_march/x_reg[12]_i_1_n_0
    SLICE_X6Y17          CARRY4 (Prop_carry4_CI_O[1])
                                                      0.323    16.880 r  u_ray_march/x_reg[16]_i_1/O[1]
                         net (fo=1, routed)           0.000    16.880    u_ray_march/x_reg[16]_i_1_n_6
    SLICE_X6Y17          FDCE                                         r  u_ray_march/x_reg[17]/D
  -------------------------------------------------------------------    -------------------

                         (clock clk rise edge)       10.000    10.000 r  
    N15                                               0.000    10.000 r  clk (IN)
                         net (fo=0)                   0.000    10.000    clk
    N15                  IBUF (Prop_ibuf_I_O)         0.828    10.828 r  clk_IBUF_inst/O
                         net (fo=1, routed)           1.868    12.696    clk_IBUF
    BUFGCTRL_X0Y0        BUFG (Prop_bufg_I_O)         0.091    12.787 r  clk_IBUF_BUFG_inst/O
                         net (fo=294, routed)         1.509    14.297    u_ray_march/clk_IBUF_BUFG
    SLICE_X6Y17          FDCE                                         r  u_ray_march/x_reg[17]/C
                         clock pessimism              0.335    14.632    
                         clock uncertainty           -0.035    14.596    
    SLICE_X6Y17          FDCE (Setup_fdce_C_D)        0.109    14.705    u_ray_march/x_reg[17]
  -------------------------------------------------------------------
                         required time                         14.705    
                         arrival time                         -16.880    
  -------------------------------------------------------------------
                         slack                                 -2.175    

Slack (VIOLATED) :        -2.163ns  (required time - arrival time)
  Source:                 u_ray_march/y_reg[13]/C
                            (rising edge-triggered cell FDCE clocked by clk  {rise@0.000ns fall@5.000ns period=10.000ns})
  Destination:            u_ray_march/y_reg[17]/D
                            (rising edge-triggered cell FDCE clocked by clk  {rise@0.000ns fall@5.000ns period=10.000ns})
  Path Group:             clk
  Path Type:              Setup (Max at Slow Process Corner)
  Requirement:            10.000ns  (clk rise@10.000ns - clk rise@0.000ns)
  Data Path Delay:        12.165ns  (logic 3.301ns (27.136%)  route 8.864ns (72.864%))
  Logic Levels:           14  (CARRY4=3 LUT3=1 LUT6=8 MUXF7=2)
  Clock Path Skew:        -0.025ns (DCD - SCD + CPR)
    Destination Clock Delay (DCD):    4.297ns = ( 14.297 - 10.000 ) 
    Source Clock Delay      (SCD):    4.657ns
    Clock Pessimism Removal (CPR):    0.335ns
  Clock Uncertainty:      0.035ns  ((TSJ^2 + TIJ^2)^1/2 + DJ) / 2 + PE
    Total System Jitter     (TSJ):    0.071ns
    Total Input Jitter      (TIJ):    0.000ns
    Discrete Jitter          (DJ):    0.000ns
    Phase Error              (PE):    0.000ns

    Location             Delay type                Incr(ns)  Path(ns)    Netlist Resource(s)
  -------------------------------------------------------------------    -------------------
                         (clock clk rise edge)        0.000     0.000 r  
    N15                                               0.000     0.000 r  clk (IN)
                         net (fo=0)                   0.000     0.000    clk
    N15                  IBUF (Prop_ibuf_I_O)         0.962     0.962 r  clk_IBUF_inst/O
                         net (fo=1, routed)           1.972     2.933    clk_IBUF
    BUFGCTRL_X0Y0        BUFG (Prop_bufg_I_O)         0.096     3.029 r  clk_IBUF_BUFG_inst/O
                         net (fo=294, routed)         1.627     4.657    u_ray_march/clk_IBUF_BUFG
    SLICE_X5Y16          FDCE                                         r  u_ray_march/y_reg[13]/C
  -------------------------------------------------------------------    -------------------
    SLICE_X5Y16          FDCE (Prop_fdce_C_Q)         0.456     5.113 f  u_ray_march/y_reg[13]/Q
                         net (fo=6, routed)           0.823     5.936    u_ray_march/y_reg[13]
    SLICE_X4Y17          LUT6 (Prop_lut6_I0_O)        0.124     6.060 f  u_ray_march/running_i_5/O
                         net (fo=60, routed)          0.744     6.804    u_ray_march/running_i_5_n_0
    SLICE_X5Y19          LUT3 (Prop_lut3_I1_O)        0.124     6.928 r  u_ray_march/x[0]_i_469/O
                         net (fo=125, routed)         1.772     8.700    u_ray_march/x[0]_i_469_n_0
    SLICE_X8Y28          LUT6 (Prop_lut6_I0_O)        0.124     8.824 r  u_ray_march/x[0]_i_923/O
                         net (fo=1, routed)           0.810     9.634    u_ray_march/x[0]_i_923_n_0
    SLICE_X8Y29          LUT6 (Prop_lut6_I1_O)        0.124     9.758 r  u_ray_march/x[0]_i_502/O
                         net (fo=1, routed)           0.663    10.421    u_ray_march/x[0]_i_502_n_0
    SLICE_X8Y29          LUT6 (Prop_lut6_I1_O)        0.124    10.545 r  u_ray_march/x[0]_i_217/O
                         net (fo=1, routed)           0.000    10.545    u_ray_march/x[0]_i_217_n_0
    SLICE_X8Y29          MUXF7 (Prop_muxf7_I1_O)      0.214    10.759 r  u_ray_march/x_reg[0]_i_93/O
                         net (fo=1, routed)           0.782    11.541    u_ray_march/x_reg[0]_i_93_n_0
    SLICE_X6Y25          LUT6 (Prop_lut6_I5_O)        0.297    11.838 r  u_ray_march/x[0]_i_47/O
                         net (fo=2, routed)           0.000    11.838    u_ray_march/x[0]_i_47_n_0
    SLICE_X6Y25          MUXF7 (Prop_muxf7_I1_O)      0.214    12.052 r  u_ray_march/x_reg[0]_i_63/O
                         net (fo=1, routed)           1.039    13.092    u_ray_march/x_reg[0]_i_63_n_0
    SLICE_X4Y10          LUT6 (Prop_lut6_I3_O)        0.297    13.389 r  u_ray_march/x[0]_i_34/O
                         net (fo=32, routed)          0.830    14.218    u_ray_march/x[0]_i_34_n_0
    SLICE_X3Y11          LUT6 (Prop_lut6_I4_O)        0.124    14.342 r  u_ray_march/y[8]_i_16/O
                         net (fo=3, routed)           0.577    14.920    u_ray_march/y[8]_i_16_n_0
    SLICE_X5Y9           LUT6 (Prop_lut6_I5_O)        0.124    15.044 r  u_ray_march/y[8]_i_4/O
                         net (fo=1, routed)           0.823    15.867    u_ray_march/y[8]_i_4_n_0
    SLICE_X5Y15          CARRY4 (Prop_carry4_DI[1]_CO[3])
                                                      0.507    16.374 r  u_ray_march/y_reg[8]_i_1/CO[3]
                         net (fo=1, routed)           0.000    16.374    u_ray_march/y_reg[8]_i_1_n_0
    SLICE_X5Y16          CARRY4 (Prop_carry4_CI_CO[3])
                                                      0.114    16.488 r  u_ray_march/y_reg[12]_i_1/CO[3]
                         net (fo=1, routed)           0.000    16.488    u_ray_march/y_reg[12]_i_1_n_0
    SLICE_X5Y17          CARRY4 (Prop_carry4_CI_O[1])
                                                      0.334    16.822 r  u_ray_march/y_reg[16]_i_1/O[1]
                         net (fo=1, routed)           0.000    16.822    u_ray_march/y_reg[16]_i_1_n_6
    SLICE_X5Y17          FDCE                                         r  u_ray_march/y_reg[17]/D
  -------------------------------------------------------------------    -------------------

                         (clock clk rise edge)       10.000    10.000 r  
    N15                                               0.000    10.000 r  clk (IN)
                         net (fo=0)                   0.000    10.000    clk
    N15                  IBUF (Prop_ibuf_I_O)         0.828    10.828 r  clk_IBUF_inst/O
                         net (fo=1, routed)           1.868    12.696    clk_IBUF
    BUFGCTRL_X0Y0        BUFG (Prop_bufg_I_O)         0.091    12.787 r  clk_IBUF_BUFG_inst/O
                         net (fo=294, routed)         1.509    14.297    u_ray_march/clk_IBUF_BUFG
    SLICE_X5Y17          FDCE                                         r  u_ray_march/y_reg[17]/C
                         clock pessimism              0.335    14.632    
                         clock uncertainty           -0.035    14.596    
    SLICE_X5Y17          FDCE (Setup_fdce_C_D)        0.062    14.658    u_ray_march/y_reg[17]
  -------------------------------------------------------------------
                         required time                         14.658    
                         arrival time                         -16.822    
  -------------------------------------------------------------------
                         slack                                 -2.163    

Slack (VIOLATED) :        -2.125ns  (required time - arrival time)
  Source:                 u_ray_march/y_reg[13]/C
                            (rising edge-triggered cell FDCE clocked by clk  {rise@0.000ns fall@5.000ns period=10.000ns})
  Destination:            u_ray_march/x_reg[8]_rep__0/D
                            (rising edge-triggered cell FDCE clocked by clk  {rise@0.000ns fall@5.000ns period=10.000ns})
  Path Group:             clk
  Path Type:              Setup (Max at Slow Process Corner)
  Requirement:            10.000ns  (clk rise@10.000ns - clk rise@0.000ns)
  Data Path Delay:        11.827ns  (logic 3.098ns (26.195%)  route 8.729ns (73.805%))
  Logic Levels:           13  (CARRY4=2 LUT3=1 LUT6=8 MUXF7=2)
  Clock Path Skew:        -0.023ns (DCD - SCD + CPR)
    Destination Clock Delay (DCD):    4.299ns = ( 14.299 - 10.000 ) 
    Source Clock Delay      (SCD):    4.657ns
    Clock Pessimism Removal (CPR):    0.335ns
  Clock Uncertainty:      0.035ns  ((TSJ^2 + TIJ^2)^1/2 + DJ) / 2 + PE
    Total System Jitter     (TSJ):    0.071ns
    Total Input Jitter      (TIJ):    0.000ns
    Discrete Jitter          (DJ):    0.000ns
    Phase Error              (PE):    0.000ns

    Location             Delay type                Incr(ns)  Path(ns)    Netlist Resource(s)
  -------------------------------------------------------------------    -------------------
                         (clock clk rise edge)        0.000     0.000 r  
    N15                                               0.000     0.000 r  clk (IN)
                         net (fo=0)                   0.000     0.000    clk
    N15                  IBUF (Prop_ibuf_I_O)         0.962     0.962 r  clk_IBUF_inst/O
                         net (fo=1, routed)           1.972     2.933    clk_IBUF
    BUFGCTRL_X0Y0        BUFG (Prop_bufg_I_O)         0.096     3.029 r  clk_IBUF_BUFG_inst/O
                         net (fo=294, routed)         1.627     4.657    u_ray_march/clk_IBUF_BUFG
    SLICE_X5Y16          FDCE                                         r  u_ray_march/y_reg[13]/C
  -------------------------------------------------------------------    -------------------
    SLICE_X5Y16          FDCE (Prop_fdce_C_Q)         0.456     5.113 f  u_ray_march/y_reg[13]/Q
                         net (fo=6, routed)           0.823     5.936    u_ray_march/y_reg[13]
    SLICE_X4Y17          LUT6 (Prop_lut6_I0_O)        0.124     6.060 f  u_ray_march/running_i_5/O
                         net (fo=60, routed)          0.744     6.804    u_ray_march/running_i_5_n_0
    SLICE_X5Y19          LUT3 (Prop_lut3_I1_O)        0.124     6.928 r  u_ray_march/x[0]_i_469/O
                         net (fo=125, routed)         1.772     8.700    u_ray_march/x[0]_i_469_n_0
    SLICE_X8Y28          LUT6 (Prop_lut6_I0_O)        0.124     8.824 r  u_ray_march/x[0]_i_923/O
                         net (fo=1, routed)           0.810     9.634    u_ray_march/x[0]_i_923_n_0
    SLICE_X8Y29          LUT6 (Prop_lut6_I1_O)        0.124     9.758 r  u_ray_march/x[0]_i_502/O
                         net (fo=1, routed)           0.663    10.421    u_ray_march/x[0]_i_502_n_0
    SLICE_X8Y29          LUT6 (Prop_lut6_I1_O)        0.124    10.545 r  u_ray_march/x[0]_i_217/O
                         net (fo=1, routed)           0.000    10.545    u_ray_march/x[0]_i_217_n_0
    SLICE_X8Y29          MUXF7 (Prop_muxf7_I1_O)      0.214    10.759 r  u_ray_march/x_reg[0]_i_93/O
                         net (fo=1, routed)           0.782    11.541    u_ray_march/x_reg[0]_i_93_n_0
    SLICE_X6Y25          LUT6 (Prop_lut6_I5_O)        0.297    11.838 r  u_ray_march/x[0]_i_47/O
                         net (fo=2, routed)           0.000    11.838    u_ray_march/x[0]_i_47_n_0
    SLICE_X6Y25          MUXF7 (Prop_muxf7_I1_O)      0.214    12.052 r  u_ray_march/x_reg[0]_i_63/O
                         net (fo=1, routed)           1.039    13.092    u_ray_march/x_reg[0]_i_63_n_0
    SLICE_X4Y10          LUT6 (Prop_lut6_I3_O)        0.297    13.389 r  u_ray_march/x[0]_i_34/O
                         net (fo=32, routed)          0.668    14.056    u_ray_march/x[0]_i_34_n_0
    SLICE_X6Y11          LUT6 (Prop_lut6_I4_O)        0.124    14.180 r  u_ray_march/x[4]_i_13/O
                         net (fo=4, routed)           0.417    14.597    u_ray_march/x[4]_i_13_n_0
    SLICE_X7Y11          LUT6 (Prop_lut6_I5_O)        0.124    14.721 r  u_ray_march/x[4]_i_4/O
                         net (fo=1, routed)           0.817    15.538    u_ray_march/x[4]_i_4_n_0
    SLICE_X6Y14          CARRY4 (Prop_carry4_DI[1]_CO[3])
                                                      0.520    16.058 r  u_ray_march/x_reg[4]_i_1/CO[3]
                         net (fo=1, routed)           0.000    16.058    u_ray_march/x_reg[4]_i_1_n_0
    SLICE_X6Y15          CARRY4 (Prop_carry4_CI_O[0])
                                                      0.232    16.290 r  u_ray_march/x_reg[8]_i_1/O[0]
                         net (fo=3, routed)           0.193    16.483    u_ray_march/x_reg[8]_i_1_n_7
    SLICE_X7Y15          FDCE                                         r  u_ray_march/x_reg[8]_rep__0/D
  -------------------------------------------------------------------    -------------------

                         (clock clk rise edge)       10.000    10.000 r  
    N15                                               0.000    10.000 r  clk (IN)
                         net (fo=0)                   0.000    10.000    clk
    N15                  IBUF (Prop_ibuf_I_O)         0.828    10.828 r  clk_IBUF_inst/O
                         net (fo=1, routed)           1.868    12.696    clk_IBUF
    BUFGCTRL_X0Y0        BUFG (Prop_bufg_I_O)         0.091    12.787 r  clk_IBUF_BUFG_inst/O
                         net (fo=294, routed)         1.511    14.299    u_ray_march/clk_IBUF_BUFG
    SLICE_X7Y15          FDCE                                         r  u_ray_march/x_reg[8]_rep__0/C
                         clock pessimism              0.335    14.634    
                         clock uncertainty           -0.035    14.598    
    SLICE_X7Y15          FDCE (Setup_fdce_C_D)       -0.240    14.358    u_ray_march/x_reg[8]_rep__0
  -------------------------------------------------------------------
                         required time                         14.358    
                         arrival time                         -16.483    
  -------------------------------------------------------------------
                         slack                                 -2.125    

Slack (VIOLATED) :        -2.113ns  (required time - arrival time)
  Source:                 u_ray_march/y_reg[13]/C
                            (rising edge-triggered cell FDCE clocked by clk  {rise@0.000ns fall@5.000ns period=10.000ns})
  Destination:            u_ray_march/x_reg[8]_rep/D
                            (rising edge-triggered cell FDCE clocked by clk  {rise@0.000ns fall@5.000ns period=10.000ns})
  Path Group:             clk
  Path Type:              Setup (Max at Slow Process Corner)
  Requirement:            10.000ns  (clk rise@10.000ns - clk rise@0.000ns)
  Data Path Delay:        11.827ns  (logic 3.098ns (26.195%)  route 8.729ns (73.805%))
  Logic Levels:           13  (CARRY4=2 LUT3=1 LUT6=8 MUXF7=2)
  Clock Path Skew:        -0.023ns (DCD - SCD + CPR)
    Destination Clock Delay (DCD):    4.299ns = ( 14.299 - 10.000 ) 
    Source Clock Delay      (SCD):    4.657ns
    Clock Pessimism Removal (CPR):    0.335ns
  Clock Uncertainty:      0.035ns  ((TSJ^2 + TIJ^2)^1/2 + DJ) / 2 + PE
    Total System Jitter     (TSJ):    0.071ns
    Total Input Jitter      (TIJ):    0.000ns
    Discrete Jitter          (DJ):    0.000ns
    Phase Error              (PE):    0.000ns

    Location             Delay type                Incr(ns)  Path(ns)    Netlist Resource(s)
  -------------------------------------------------------------------    -------------------
                         (clock clk rise edge)        0.000     0.000 r  
    N15                                               0.000     0.000 r  clk (IN)
                         net (fo=0)                   0.000     0.000    clk
    N15                  IBUF (Prop_ibuf_I_O)         0.962     0.962 r  clk_IBUF_inst/O
                         net (fo=1, routed)           1.972     2.933    clk_IBUF
    BUFGCTRL_X0Y0        BUFG (Prop_bufg_I_O)         0.096     3.029 r  clk_IBUF_BUFG_inst/O
                         net (fo=294, routed)         1.627     4.657    u_ray_march/clk_IBUF_BUFG
    SLICE_X5Y16          FDCE                                         r  u_ray_march/y_reg[13]/C
  -------------------------------------------------------------------    -------------------
    SLICE_X5Y16          FDCE (Prop_fdce_C_Q)         0.456     5.113 f  u_ray_march/y_reg[13]/Q
                         net (fo=6, routed)           0.823     5.936    u_ray_march/y_reg[13]
    SLICE_X4Y17          LUT6 (Prop_lut6_I0_O)        0.124     6.060 f  u_ray_march/running_i_5/O
                         net (fo=60, routed)          0.744     6.804    u_ray_march/running_i_5_n_0
    SLICE_X5Y19          LUT3 (Prop_lut3_I1_O)        0.124     6.928 r  u_ray_march/x[0]_i_469/O
                         net (fo=125, routed)         1.772     8.700    u_ray_march/x[0]_i_469_n_0
    SLICE_X8Y28          LUT6 (Prop_lut6_I0_O)        0.124     8.824 r  u_ray_march/x[0]_i_923/O
                         net (fo=1, routed)           0.810     9.634    u_ray_march/x[0]_i_923_n_0
    SLICE_X8Y29          LUT6 (Prop_lut6_I1_O)        0.124     9.758 r  u_ray_march/x[0]_i_502/O
                         net (fo=1, routed)           0.663    10.421    u_ray_march/x[0]_i_502_n_0
    SLICE_X8Y29          LUT6 (Prop_lut6_I1_O)        0.124    10.545 r  u_ray_march/x[0]_i_217/O
                         net (fo=1, routed)           0.000    10.545    u_ray_march/x[0]_i_217_n_0
    SLICE_X8Y29          MUXF7 (Prop_muxf7_I1_O)      0.214    10.759 r  u_ray_march/x_reg[0]_i_93/O
                         net (fo=1, routed)           0.782    11.541    u_ray_march/x_reg[0]_i_93_n_0
    SLICE_X6Y25          LUT6 (Prop_lut6_I5_O)        0.297    11.838 r  u_ray_march/x[0]_i_47/O
                         net (fo=2, routed)           0.000    11.838    u_ray_march/x[0]_i_47_n_0
    SLICE_X6Y25          MUXF7 (Prop_muxf7_I1_O)      0.214    12.052 r  u_ray_march/x_reg[0]_i_63/O
                         net (fo=1, routed)           1.039    13.092    u_ray_march/x_reg[0]_i_63_n_0
    SLICE_X4Y10          LUT6 (Prop_lut6_I3_O)        0.297    13.389 r  u_ray_march/x[0]_i_34/O
                         net (fo=32, routed)          0.668    14.056    u_ray_march/x[0]_i_34_n_0
    SLICE_X6Y11          LUT6 (Prop_lut6_I4_O)        0.124    14.180 r  u_ray_march/x[4]_i_13/O
                         net (fo=4, routed)           0.417    14.597    u_ray_march/x[4]_i_13_n_0
    SLICE_X7Y11          LUT6 (Prop_lut6_I5_O)        0.124    14.721 r  u_ray_march/x[4]_i_4/O
                         net (fo=1, routed)           0.817    15.538    u_ray_march/x[4]_i_4_n_0
    SLICE_X6Y14          CARRY4 (Prop_carry4_DI[1]_CO[3])
                                                      0.520    16.058 r  u_ray_march/x_reg[4]_i_1/CO[3]
                         net (fo=1, routed)           0.000    16.058    u_ray_march/x_reg[4]_i_1_n_0
    SLICE_X6Y15          CARRY4 (Prop_carry4_CI_O[0])
                                                      0.232    16.290 r  u_ray_march/x_reg[8]_i_1/O[0]
                         net (fo=3, routed)           0.193    16.483    u_ray_march/x_reg[8]_i_1_n_7
    SLICE_X7Y15          FDCE                                         r  u_ray_march/x_reg[8]_rep/D
  -------------------------------------------------------------------    -------------------

                         (clock clk rise edge)       10.000    10.000 r  
    N15                                               0.000    10.000 r  clk (IN)
                         net (fo=0)                   0.000    10.000    clk
    N15                  IBUF (Prop_ibuf_I_O)         0.828    10.828 r  clk_IBUF_inst/O
                         net (fo=1, routed)           1.868    12.696    clk_IBUF
    BUFGCTRL_X0Y0        BUFG (Prop_bufg_I_O)         0.091    12.787 r  clk_IBUF_BUFG_inst/O
                         net (fo=294, routed)         1.511    14.299    u_ray_march/clk_IBUF_BUFG
    SLICE_X7Y15          FDCE                                         r  u_ray_march/x_reg[8]_rep/C
                         clock pessimism              0.335    14.634    
                         clock uncertainty           -0.035    14.598    
    SLICE_X7Y15          FDCE (Setup_fdce_C_D)       -0.228    14.370    u_ray_march/x_reg[8]_rep
  -------------------------------------------------------------------
                         required time                         14.370    
                         arrival time                         -16.483    
  -------------------------------------------------------------------
                         slack                                 -2.113    

Slack (VIOLATED) :        -2.071ns  (required time - arrival time)
  Source:                 u_ray_march/y_reg[13]/C
                            (rising edge-triggered cell FDCE clocked by clk  {rise@0.000ns fall@5.000ns period=10.000ns})
  Destination:            u_ray_march/x_reg[16]/D
                            (rising edge-triggered cell FDCE clocked by clk  {rise@0.000ns fall@5.000ns period=10.000ns})
  Path Group:             clk
  Path Type:              Setup (Max at Slow Process Corner)
  Requirement:            10.000ns  (clk rise@10.000ns - clk rise@0.000ns)
  Data Path Delay:        12.120ns  (logic 3.379ns (27.881%)  route 8.741ns (72.119%))
  Logic Levels:           15  (CARRY4=3 LUT3=1 LUT6=8 MUXF7=2 MUXF8=1)
  Clock Path Skew:        -0.025ns (DCD - SCD + CPR)
    Destination Clock Delay (DCD):    4.297ns = ( 14.297 - 10.000 ) 
    Source Clock Delay      (SCD):    4.657ns
    Clock Pessimism Removal (CPR):    0.335ns
  Clock Uncertainty:      0.035ns  ((TSJ^2 + TIJ^2)^1/2 + DJ) / 2 + PE
    Total System Jitter     (TSJ):    0.071ns
    Total Input Jitter      (TIJ):    0.000ns
    Discrete Jitter          (DJ):    0.000ns
    Phase Error              (PE):    0.000ns

    Location             Delay type                Incr(ns)  Path(ns)    Netlist Resource(s)
  -------------------------------------------------------------------    -------------------
                         (clock clk rise edge)        0.000     0.000 r  
    N15                                               0.000     0.000 r  clk (IN)
                         net (fo=0)                   0.000     0.000    clk
    N15                  IBUF (Prop_ibuf_I_O)         0.962     0.962 r  clk_IBUF_inst/O
                         net (fo=1, routed)           1.972     2.933    clk_IBUF
    BUFGCTRL_X0Y0        BUFG (Prop_bufg_I_O)         0.096     3.029 r  clk_IBUF_BUFG_inst/O
                         net (fo=294, routed)         1.627     4.657    u_ray_march/clk_IBUF_BUFG
    SLICE_X5Y16          FDCE                                         r  u_ray_march/y_reg[13]/C
  -------------------------------------------------------------------    -------------------
    SLICE_X5Y16          FDCE (Prop_fdce_C_Q)         0.456     5.113 f  u_ray_march/y_reg[13]/Q
                         net (fo=6, routed)           0.823     5.936    u_ray_march/y_reg[13]
    SLICE_X4Y17          LUT6 (Prop_lut6_I0_O)        0.124     6.060 f  u_ray_march/running_i_5/O
                         net (fo=60, routed)          0.760     6.821    u_ray_march/running_i_5_n_0
    SLICE_X6Y18          LUT3 (Prop_lut3_I1_O)        0.124     6.945 r  u_ray_march/x[0]_i_441/O
                         net (fo=125, routed)         1.453     8.397    u_ray_march/x[0]_i_441_n_0
    SLICE_X4Y24          LUT6 (Prop_lut6_I0_O)        0.124     8.521 r  u_ray_march/x[0]_i_918/O
                         net (fo=3, routed)           0.874     9.395    u_ray_march/x[0]_i_918_n_0
    SLICE_X0Y24          LUT6 (Prop_lut6_I1_O)        0.124     9.519 r  u_ray_march/x[0]_i_821/O
                         net (fo=1, routed)           0.000     9.519    u_ray_march/x[0]_i_821_n_0
    SLICE_X0Y24          MUXF7 (Prop_muxf7_I0_O)      0.212     9.731 r  u_ray_march/x_reg[0]_i_380/O
                         net (fo=1, routed)           0.718    10.449    u_ray_march/x_reg[0]_i_380_n_0
    SLICE_X0Y23          LUT6 (Prop_lut6_I4_O)        0.299    10.748 r  u_ray_march/x[0]_i_155/O
                         net (fo=1, routed)           0.797    11.545    u_ray_march/x[0]_i_155_n_0
    SLICE_X0Y14          LUT6 (Prop_lut6_I5_O)        0.124    11.669 r  u_ray_march/x[0]_i_69/O
                         net (fo=1, routed)           0.000    11.669    u_ray_march/x[0]_i_69_n_0
    SLICE_X0Y14          MUXF7 (Prop_muxf7_I0_O)      0.238    11.907 r  u_ray_march/x_reg[0]_i_37/O
                         net (fo=2, routed)           0.000    11.907    u_ray_march/x_reg[0]_i_37_n_0
    SLICE_X0Y14          MUXF8 (Prop_muxf8_I0_O)      0.104    12.011 r  u_ray_march/x_reg[4]_i_20/O
                         net (fo=28, routed)          0.784    12.795    u_ray_march/x_reg[4]_i_20_n_0
    SLICE_X2Y11          LUT6 (Prop_lut6_I4_O)        0.316    13.111 r  u_ray_march/x[4]_i_10/O
                         net (fo=5, routed)           1.018    14.130    u_ray_march/x[4]_i_10_n_0
    SLICE_X3Y10          LUT6 (Prop_lut6_I0_O)        0.124    14.254 r  u_ray_march/x[4]_i_14/O
                         net (fo=3, routed)           0.556    14.810    u_ray_march/x[4]_i_14_n_0
    SLICE_X7Y9           LUT6 (Prop_lut6_I5_O)        0.124    14.934 r  u_ray_march/x[8]_i_5/O
                         net (fo=1, routed)           0.957    15.890    u_ray_march/x[8]_i_5_n_0
    SLICE_X6Y15          CARRY4 (Prop_carry4_DI[0]_CO[3])
                                                      0.550    16.440 r  u_ray_march/x_reg[8]_i_1/CO[3]
                         net (fo=1, routed)           0.000    16.440    u_ray_march/x_reg[8]_i_1_n_0
    SLICE_X6Y16          CARRY4 (Prop_carry4_CI_CO[3])
                                                      0.117    16.557 r  u_ray_march/x_reg[12]_i_1/CO[3]
                         net (fo=1, routed)           0.000    16.557    u_ray_march/x_reg[12]_i_1_n_0
    SLICE_X6Y17          CARRY4 (Prop_carry4_CI_O[0])
                                                      0.219    16.776 r  u_ray_march/x_reg[16]_i_1/O[0]
                         net (fo=1, routed)           0.000    16.776    u_ray_march/x_reg[16]_i_1_n_7
    SLICE_X6Y17          FDCE                                         r  u_ray_march/x_reg[16]/D
  -------------------------------------------------------------------    -------------------

                         (clock clk rise edge)       10.000    10.000 r  
    N15                                               0.000    10.000 r  clk (IN)
                         net (fo=0)                   0.000    10.000    clk
    N15                  IBUF (Prop_ibuf_I_O)         0.828    10.828 r  clk_IBUF_inst/O
                         net (fo=1, routed)           1.868    12.696    clk_IBUF
    BUFGCTRL_X0Y0        BUFG (Prop_bufg_I_O)         0.091    12.787 r  clk_IBUF_BUFG_inst/O
                         net (fo=294, routed)         1.509    14.297    u_ray_march/clk_IBUF_BUFG
    SLICE_X6Y17          FDCE                                         r  u_ray_march/x_reg[16]/C
                         clock pessimism              0.335    14.632    
                         clock uncertainty           -0.035    14.596    
    SLICE_X6Y17          FDCE (Setup_fdce_C_D)        0.109    14.705    u_ray_march/x_reg[16]
  -------------------------------------------------------------------
                         required time                         14.705    
                         arrival time                         -16.776    
  -------------------------------------------------------------------
                         slack                                 -2.071    





Min Delay Paths
--------------------------------------------------------------------------------------
Slack (MET) :             0.087ns  (arrival time - required time)
  Source:                 pe_addr_reg[13]_rep/C
                            (rising edge-triggered cell FDCE clocked by clk  {rise@0.000ns fall@5.000ns period=10.000ns})
  Destination:            u_table/data_reg_0_4/ADDRARDADDR[13]
                            (rising edge-triggered cell RAMB36E1 clocked by clk  {rise@0.000ns fall@5.000ns period=10.000ns})
  Path Group:             clk
  Path Type:              Hold (Min at Fast Process Corner)
  Requirement:            0.000ns  (clk rise@0.000ns - clk rise@0.000ns)
  Data Path Delay:        0.582ns  (logic 0.141ns (24.228%)  route 0.441ns (75.772%))
  Logic Levels:           0  
  Clock Path Skew:        0.312ns (DCD - SCD - CPR)
    Destination Clock Delay (DCD):    1.973ns
    Source Clock Delay      (SCD):    1.414ns
    Clock Pessimism Removal (CPR):    0.246ns

    Location             Delay type                Incr(ns)  Path(ns)    Netlist Resource(s)
  -------------------------------------------------------------------    -------------------
                         (clock clk rise edge)        0.000     0.000 r  
    N15                                               0.000     0.000 r  clk (IN)
                         net (fo=0)                   0.000     0.000    clk
    N15                  IBUF (Prop_ibuf_I_O)         0.191     0.191 r  clk_IBUF_inst/O
                         net (fo=1, routed)           0.634     0.825    clk_IBUF
    BUFGCTRL_X0Y0        BUFG (Prop_bufg_I_O)         0.026     0.851 r  clk_IBUF_BUFG_inst/O
                         net (fo=294, routed)         0.564     1.414    clk_IBUF_BUFG
    SLICE_X11Y38         FDCE                                         r  pe_addr_reg[13]_rep/C
  -------------------------------------------------------------------    -------------------
    SLICE_X11Y38         FDCE (Prop_fdce_C_Q)         0.141     1.555 r  pe_addr_reg[13]_rep/Q
                         net (fo=12, routed)          0.441     1.996    u_table/ADDRARDADDR[13]
    RAMB36_X0Y10         RAMB36E1                                     r  u_table/data_reg_0_4/ADDRARDADDR[13]
  -------------------------------------------------------------------    -------------------

                         (clock clk rise edge)        0.000     0.000 r  
    N15                                               0.000     0.000 r  clk (IN)
                         net (fo=0)                   0.000     0.000    clk
    N15                  IBUF (Prop_ibuf_I_O)         0.380     0.380 r  clk_IBUF_inst/O
                         net (fo=1, routed)           0.689     1.068    clk_IBUF
    BUFGCTRL_X0Y0        BUFG (Prop_bufg_I_O)         0.029     1.097 r  clk_IBUF_BUFG_inst/O
                         net (fo=294, routed)         0.876     1.973    u_table/clk_IBUF_BUFG
    RAMB36_X0Y10         RAMB36E1                                     r  u_table/data_reg_0_4/CLKARDCLK
                         clock pessimism             -0.246     1.727    
    RAMB36_X0Y10         RAMB36E1 (Hold_ramb36e1_CLKARDCLK_ADDRARDADDR[13])
                                                      0.183     1.910    u_table/data_reg_0_4
  -------------------------------------------------------------------
                         required time                         -1.910    
                         arrival time                           1.996    
  -------------------------------------------------------------------
                         slack                                  0.087    

Slack (MET) :             0.114ns  (arrival time - required time)
  Source:                 pe_addr_reg[0]_rep/C
                            (rising edge-triggered cell FDCE clocked by clk  {rise@0.000ns fall@5.000ns period=10.000ns})
  Destination:            u_table/data_reg_0_4/ADDRARDADDR[0]
                            (rising edge-triggered cell RAMB36E1 clocked by clk  {rise@0.000ns fall@5.000ns period=10.000ns})
  Path Group:             clk
  Path Type:              Hold (Min at Fast Process Corner)
  Requirement:            0.000ns  (clk rise@0.000ns - clk rise@0.000ns)
  Data Path Delay:        0.556ns  (logic 0.128ns (23.014%)  route 0.428ns (76.986%))
  Logic Levels:           0  
  Clock Path Skew:        0.312ns (DCD - SCD - CPR)
    Destination Clock Delay (DCD):    1.973ns
    Source Clock Delay      (SCD):    1.414ns
    Clock Pessimism Removal (CPR):    0.246ns

    Location             Delay type                Incr(ns)  Path(ns)    Netlist Resource(s)
  -------------------------------------------------------------------    -------------------
                         (clock clk rise edge)        0.000     0.000 r  
    N15                                               0.000     0.000 r  clk (IN)
                         net (fo=0)                   0.000     0.000    clk
    N15                  IBUF (Prop_ibuf_I_O)         0.191     0.191 r  clk_IBUF_inst/O
                         net (fo=1, routed)           0.634     0.825    clk_IBUF
    BUFGCTRL_X0Y0        BUFG (Prop_bufg_I_O)         0.026     0.851 r  clk_IBUF_BUFG_inst/O
                         net (fo=294, routed)         0.564     1.414    clk_IBUF_BUFG
    SLICE_X11Y38         FDCE                                         r  pe_addr_reg[0]_rep/C
  -------------------------------------------------------------------    -------------------
    SLICE_X11Y38         FDCE (Prop_fdce_C_Q)         0.128     1.542 r  pe_addr_reg[0]_rep/Q
                         net (fo=12, routed)          0.428     1.971    u_table/ADDRARDADDR[0]
    RAMB36_X0Y10         RAMB36E1                                     r  u_table/data_reg_0_4/ADDRARDADDR[0]
  -------------------------------------------------------------------    -------------------

                         (clock clk rise edge)        0.000     0.000 r  
    N15                                               0.000     0.000 r  clk (IN)
                         net (fo=0)                   0.000     0.000    clk
    N15                  IBUF (Prop_ibuf_I_O)         0.380     0.380 r  clk_IBUF_inst/O
                         net (fo=1, routed)           0.689     1.068    clk_IBUF
    BUFGCTRL_X0Y0        BUFG (Prop_bufg_I_O)         0.029     1.097 r  clk_IBUF_BUFG_inst/O
                         net (fo=294, routed)         0.876     1.973    u_table/clk_IBUF_BUFG
    RAMB36_X0Y10         RAMB36E1                                     r  u_table/data_reg_0_4/CLKARDCLK
                         clock pessimism             -0.246     1.727    
    RAMB36_X0Y10         RAMB36E1 (Hold_ramb36e1_CLKARDCLK_ADDRARDADDR[0])
                                                      0.130     1.857    u_table/data_reg_0_4
  -------------------------------------------------------------------
                         required time                         -1.857    
                         arrival time                           1.971    
  -------------------------------------------------------------------
                         slack                                  0.114    

Slack (MET) :             0.116ns  (arrival time - required time)
  Source:                 pe_addr_reg[15]/C
                            (rising edge-triggered cell FDCE clocked by clk  {rise@0.000ns fall@5.000ns period=10.000ns})
  Destination:            u_table/data_reg_0_10/ADDRARDADDR[15]
                            (rising edge-triggered cell RAMB36E1 clocked by clk  {rise@0.000ns fall@5.000ns period=10.000ns})
  Path Group:             clk
  Path Type:              Hold (Min at Fast Process Corner)
  Requirement:            0.000ns  (clk rise@0.000ns - clk rise@0.000ns)
  Data Path Delay:        0.375ns  (logic 0.141ns (37.621%)  route 0.234ns (62.379%))
  Logic Levels:           0  
  Clock Path Skew:        0.078ns (DCD - SCD - CPR)
    Destination Clock Delay (DCD):    1.973ns
    Source Clock Delay      (SCD):    1.414ns
    Clock Pessimism Removal (CPR):    0.480ns

    Location             Delay type                Incr(ns)  Path(ns)    Netlist Resource(s)
  -------------------------------------------------------------------    -------------------
                         (clock clk rise edge)        0.000     0.000 r  
    N15                                               0.000     0.000 r  clk (IN)
                         net (fo=0)                   0.000     0.000    clk
    N15                  IBUF (Prop_ibuf_I_O)         0.191     0.191 r  clk_IBUF_inst/O
                         net (fo=1, routed)           0.634     0.825    clk_IBUF
    BUFGCTRL_X0Y0        BUFG (Prop_bufg_I_O)         0.026     0.851 r  clk_IBUF_BUFG_inst/O
                         net (fo=294, routed)         0.564     1.414    clk_IBUF_BUFG
    SLICE_X11Y38         FDCE                                         r  pe_addr_reg[15]/C
  -------------------------------------------------------------------    -------------------
    SLICE_X11Y38         FDCE (Prop_fdce_C_Q)         0.141     1.555 r  pe_addr_reg[15]/Q
                         net (fo=41, routed)          0.234     1.789    u_table/Q[15]
    RAMB36_X0Y7          RAMB36E1                                     r  u_table/data_reg_0_10/ADDRARDADDR[15]
  -------------------------------------------------------------------    -------------------

                         (clock clk rise edge)        0.000     0.000 r  
    N15                                               0.000     0.000 r  clk (IN)
                         net (fo=0)                   0.000     0.000    clk
    N15                  IBUF (Prop_ibuf_I_O)         0.380     0.380 r  clk_IBUF_inst/O
                         net (fo=1, routed)           0.689     1.068    clk_IBUF
    BUFGCTRL_X0Y0        BUFG (Prop_bufg_I_O)         0.029     1.097 r  clk_IBUF_BUFG_inst/O
                         net (fo=294, routed)         0.876     1.973    u_table/clk_IBUF_BUFG
    RAMB36_X0Y7          RAMB36E1                                     r  u_table/data_reg_0_10/CLKARDCLK
                         clock pessimism             -0.480     1.493    
    RAMB36_X0Y7          RAMB36E1 (Hold_ramb36e1_CLKARDCLK_ADDRARDADDR[15])
                                                      0.180     1.673    u_table/data_reg_0_10
  -------------------------------------------------------------------
                         required time                         -1.673    
                         arrival time                           1.789    
  -------------------------------------------------------------------
                         slack                                  0.116    

Slack (MET) :             0.131ns  (arrival time - required time)
  Source:                 pe_addr_reg[11]_rep/C
                            (rising edge-triggered cell FDCE clocked by clk  {rise@0.000ns fall@5.000ns period=10.000ns})
  Destination:            u_table/data_reg_0_4/ADDRARDADDR[11]
                            (rising edge-triggered cell RAMB36E1 clocked by clk  {rise@0.000ns fall@5.000ns period=10.000ns})
  Path Group:             clk
  Path Type:              Hold (Min at Fast Process Corner)
  Requirement:            0.000ns  (clk rise@0.000ns - clk rise@0.000ns)
  Data Path Delay:        0.627ns  (logic 0.164ns (26.159%)  route 0.463ns (73.841%))
  Logic Levels:           0  
  Clock Path Skew:        0.313ns (DCD - SCD - CPR)
    Destination Clock Delay (DCD):    1.973ns
    Source Clock Delay      (SCD):    1.413ns
    Clock Pessimism Removal (CPR):    0.246ns

    Location             Delay type                Incr(ns)  Path(ns)    Netlist Resource(s)
  -------------------------------------------------------------------    -------------------
                         (clock clk rise edge)        0.000     0.000 r  
    N15                                               0.000     0.000 r  clk (IN)
                         net (fo=0)                   0.000     0.000    clk
    N15                  IBUF (Prop_ibuf_I_O)         0.191     0.191 r  clk_IBUF_inst/O
                         net (fo=1, routed)           0.634     0.825    clk_IBUF
    BUFGCTRL_X0Y0        BUFG (Prop_bufg_I_O)         0.026     0.851 r  clk_IBUF_BUFG_inst/O
                         net (fo=294, routed)         0.563     1.413    clk_IBUF_BUFG
    SLICE_X10Y37         FDCE                                         r  pe_addr_reg[11]_rep/C
  -------------------------------------------------------------------    -------------------
    SLICE_X10Y37         FDCE (Prop_fdce_C_Q)         0.164     1.577 r  pe_addr_reg[11]_rep/Q
                         net (fo=12, routed)          0.463     2.040    u_table/ADDRARDADDR[11]
    RAMB36_X0Y10         RAMB36E1                                     r  u_table/data_reg_0_4/ADDRARDADDR[11]
  -------------------------------------------------------------------    -------------------

                         (clock clk rise edge)        0.000     0.000 r  
    N15                                               0.000     0.000 r  clk (IN)
                         net (fo=0)                   0.000     0.000    clk
    N15                  IBUF (Prop_ibuf_I_O)         0.380     0.380 r  clk_IBUF_inst/O
                         net (fo=1, routed)           0.689     1.068    clk_IBUF
    BUFGCTRL_X0Y0        BUFG (Prop_bufg_I_O)         0.029     1.097 r  clk_IBUF_BUFG_inst/O
                         net (fo=294, routed)         0.876     1.973    u_table/clk_IBUF_BUFG
    RAMB36_X0Y10         RAMB36E1                                     r  u_table/data_reg_0_4/CLKARDCLK
                         clock pessimism             -0.246     1.727    
    RAMB36_X0Y10         RAMB36E1 (Hold_ramb36e1_CLKARDCLK_ADDRARDADDR[11])
                                                      0.183     1.910    u_table/data_reg_0_4
  -------------------------------------------------------------------
                         required time                         -1.910    
                         arrival time                           2.040    
  -------------------------------------------------------------------
                         slack                                  0.131    

Slack (MET) :             0.133ns  (arrival time - required time)
  Source:                 pe_addr_reg[12]_rep/C
                            (rising edge-triggered cell FDCE clocked by clk  {rise@0.000ns fall@5.000ns period=10.000ns})
  Destination:            u_table/data_reg_0_4/ADDRARDADDR[12]
                            (rising edge-triggered cell RAMB36E1 clocked by clk  {rise@0.000ns fall@5.000ns period=10.000ns})
  Path Group:             clk
  Path Type:              Hold (Min at Fast Process Corner)
  Requirement:            0.000ns  (clk rise@0.000ns - clk rise@0.000ns)
  Data Path Delay:        0.575ns  (logic 0.128ns (22.250%)  route 0.447ns (77.750%))
  Logic Levels:           0  
  Clock Path Skew:        0.312ns (DCD - SCD - CPR)
    Destination Clock Delay (DCD):    1.973ns
    Source Clock Delay      (SCD):    1.414ns
    Clock Pessimism Removal (CPR):    0.246ns

    Location             Delay type                Incr(ns)  Path(ns)    Netlist Resource(s)
  -------------------------------------------------------------------    -------------------
                         (clock clk rise edge)        0.000     0.000 r  
    N15                                               0.000     0.000 r  clk (IN)
                         net (fo=0)                   0.000     0.000    clk
    N15                  IBUF (Prop_ibuf_I_O)         0.191     0.191 r  clk_IBUF_inst/O
                         net (fo=1, routed)           0.634     0.825    clk_IBUF
    BUFGCTRL_X0Y0        BUFG (Prop_bufg_I_O)         0.026     0.851 r  clk_IBUF_BUFG_inst/O
                         net (fo=294, routed)         0.564     1.414    clk_IBUF_BUFG
    SLICE_X11Y38         FDCE                                         r  pe_addr_reg[12]_rep/C
  -------------------------------------------------------------------    -------------------
    SLICE_X11Y38         FDCE (Prop_fdce_C_Q)         0.128     1.542 r  pe_addr_reg[12]_rep/Q
                         net (fo=12, routed)          0.447     1.990    u_table/ADDRARDADDR[12]
    RAMB36_X0Y10         RAMB36E1                                     r  u_table/data_reg_0_4/ADDRARDADDR[12]
  -------------------------------------------------------------------    -------------------

                         (clock clk rise edge)        0.000     0.000 r  
    N15                                               0.000     0.000 r  clk (IN)
                         net (fo=0)                   0.000     0.000    clk
    N15                  IBUF (Prop_ibuf_I_O)         0.380     0.380 r  clk_IBUF_inst/O
                         net (fo=1, routed)           0.689     1.068    clk_IBUF
    BUFGCTRL_X0Y0        BUFG (Prop_bufg_I_O)         0.029     1.097 r  clk_IBUF_BUFG_inst/O
                         net (fo=294, routed)         0.876     1.973    u_table/clk_IBUF_BUFG
    RAMB36_X0Y10         RAMB36E1                                     r  u_table/data_reg_0_4/CLKARDCLK
                         clock pessimism             -0.246     1.727    
    RAMB36_X0Y10         RAMB36E1 (Hold_ramb36e1_CLKARDCLK_ADDRARDADDR[12])
                                                      0.130     1.857    u_table/data_reg_0_4
  -------------------------------------------------------------------
                         required time                         -1.857    
                         arrival time                           1.990    
  -------------------------------------------------------------------
                         slack                                  0.133    

Slack (MET) :             0.134ns  (arrival time - required time)
  Source:                 pe_addr_reg[12]_rep__0/C
                            (rising edge-triggered cell FDCE clocked by clk  {rise@0.000ns fall@5.000ns period=10.000ns})
  Destination:            u_table/data_reg_0_10/ADDRARDADDR[12]
                            (rising edge-triggered cell RAMB36E1 clocked by clk  {rise@0.000ns fall@5.000ns period=10.000ns})
  Path Group:             clk
  Path Type:              Hold (Min at Fast Process Corner)
  Requirement:            0.000ns  (clk rise@0.000ns - clk rise@0.000ns)
  Data Path Delay:        0.396ns  (logic 0.164ns (41.398%)  route 0.232ns (58.602%))
  Logic Levels:           0  
  Clock Path Skew:        0.079ns (DCD - SCD - CPR)
    Destination Clock Delay (DCD):    1.973ns
    Source Clock Delay      (SCD):    1.413ns
    Clock Pessimism Removal (CPR):    0.480ns

    Location             Delay type                Incr(ns)  Path(ns)    Netlist Resource(s)
  -------------------------------------------------------------------    -------------------
                         (clock clk rise edge)        0.000     0.000 r  
    N15                                               0.000     0.000 r  clk (IN)
                         net (fo=0)                   0.000     0.000    clk
    N15                  IBUF (Prop_ibuf_I_O)         0.191     0.191 r  clk_IBUF_inst/O
                         net (fo=1, routed)           0.634     0.825    clk_IBUF
    BUFGCTRL_X0Y0        BUFG (Prop_bufg_I_O)         0.026     0.851 r  clk_IBUF_BUFG_inst/O
                         net (fo=294, routed)         0.563     1.413    clk_IBUF_BUFG
    SLICE_X10Y37         FDCE                                         r  pe_addr_reg[12]_rep__0/C
  -------------------------------------------------------------------    -------------------
    SLICE_X10Y37         FDCE (Prop_fdce_C_Q)         0.164     1.577 r  pe_addr_reg[12]_rep__0/Q
                         net (fo=12, routed)          0.232     1.810    u_table/data_reg_0_11_0[12]
    RAMB36_X0Y7          RAMB36E1                                     r  u_table/data_reg_0_10/ADDRARDADDR[12]
  -------------------------------------------------------------------    -------------------

                         (clock clk rise edge)        0.000     0.000 r  
    N15                                               0.000     0.000 r  clk (IN)
                         net (fo=0)                   0.000     0.000    clk
    N15                  IBUF (Prop_ibuf_I_O)         0.380     0.380 r  clk_IBUF_inst/O
                         net (fo=1, routed)           0.689     1.068    clk_IBUF
    BUFGCTRL_X0Y0        BUFG (Prop_bufg_I_O)         0.029     1.097 r  clk_IBUF_BUFG_inst/O
                         net (fo=294, routed)         0.876     1.973    u_table/clk_IBUF_BUFG
    RAMB36_X0Y7          RAMB36E1                                     r  u_table/data_reg_0_10/CLKARDCLK
                         clock pessimism             -0.480     1.493    
    RAMB36_X0Y7          RAMB36E1 (Hold_ramb36e1_CLKARDCLK_ADDRARDADDR[12])
                                                      0.183     1.676    u_table/data_reg_0_10
  -------------------------------------------------------------------
                         required time                         -1.676    
                         arrival time                           1.810    
  -------------------------------------------------------------------
                         slack                                  0.134    

Slack (MET) :             0.144ns  (arrival time - required time)
  Source:                 pe_addr_reg[10]_rep__0/C
                            (rising edge-triggered cell FDCE clocked by clk  {rise@0.000ns fall@5.000ns period=10.000ns})
  Destination:            u_table/data_reg_0_10/ADDRARDADDR[10]
                            (rising edge-triggered cell RAMB36E1 clocked by clk  {rise@0.000ns fall@5.000ns period=10.000ns})
  Path Group:             clk
  Path Type:              Hold (Min at Fast Process Corner)
  Requirement:            0.000ns  (clk rise@0.000ns - clk rise@0.000ns)
  Data Path Delay:        0.406ns  (logic 0.141ns (34.711%)  route 0.265ns (65.289%))
  Logic Levels:           0  
  Clock Path Skew:        0.079ns (DCD - SCD - CPR)
    Destination Clock Delay (DCD):    1.973ns
    Source Clock Delay      (SCD):    1.413ns
    Clock Pessimism Removal (CPR):    0.480ns

    Location             Delay type                Incr(ns)  Path(ns)    Netlist Resource(s)
  -------------------------------------------------------------------    -------------------
                         (clock clk rise edge)        0.000     0.000 r  
    N15                                               0.000     0.000 r  clk (IN)
                         net (fo=0)                   0.000     0.000    clk
    N15                  IBUF (Prop_ibuf_I_O)         0.191     0.191 r  clk_IBUF_inst/O
                         net (fo=1, routed)           0.634     0.825    clk_IBUF
    BUFGCTRL_X0Y0        BUFG (Prop_bufg_I_O)         0.026     0.851 r  clk_IBUF_BUFG_inst/O
                         net (fo=294, routed)         0.563     1.413    clk_IBUF_BUFG
    SLICE_X13Y37         FDCE                                         r  pe_addr_reg[10]_rep__0/C
  -------------------------------------------------------------------    -------------------
    SLICE_X13Y37         FDCE (Prop_fdce_C_Q)         0.141     1.554 r  pe_addr_reg[10]_rep__0/Q
                         net (fo=12, routed)          0.265     1.820    u_table/data_reg_0_11_0[10]
    RAMB36_X0Y7          RAMB36E1                                     r  u_table/data_reg_0_10/ADDRARDADDR[10]
  -------------------------------------------------------------------    -------------------

                         (clock clk rise edge)        0.000     0.000 r  
    N15                                               0.000     0.000 r  clk (IN)
                         net (fo=0)                   0.000     0.000    clk
    N15                  IBUF (Prop_ibuf_I_O)         0.380     0.380 r  clk_IBUF_inst/O
                         net (fo=1, routed)           0.689     1.068    clk_IBUF
    BUFGCTRL_X0Y0        BUFG (Prop_bufg_I_O)         0.029     1.097 r  clk_IBUF_BUFG_inst/O
                         net (fo=294, routed)         0.876     1.973    u_table/clk_IBUF_BUFG
    RAMB36_X0Y7          RAMB36E1                                     r  u_table/data_reg_0_10/CLKARDCLK
                         clock pessimism             -0.480     1.493    
    RAMB36_X0Y7          RAMB36E1 (Hold_ramb36e1_CLKARDCLK_ADDRARDADDR[10])
                                                      0.183     1.676    u_table/data_reg_0_10
  -------------------------------------------------------------------
                         required time                         -1.676    
                         arrival time                           1.820    
  -------------------------------------------------------------------
                         slack                                  0.144    

Slack (MET) :             0.145ns  (arrival time - required time)
  Source:                 pe_addr_reg[1]_rep__0/C
                            (rising edge-triggered cell FDCE clocked by clk  {rise@0.000ns fall@5.000ns period=10.000ns})
  Destination:            u_table/data_reg_0_10/ADDRARDADDR[1]
                            (rising edge-triggered cell RAMB36E1 clocked by clk  {rise@0.000ns fall@5.000ns period=10.000ns})
  Path Group:             clk
  Path Type:              Hold (Min at Fast Process Corner)
  Requirement:            0.000ns  (clk rise@0.000ns - clk rise@0.000ns)
  Data Path Delay:        0.408ns  (logic 0.141ns (34.526%)  route 0.267ns (65.474%))
  Logic Levels:           0  
  Clock Path Skew:        0.080ns (DCD - SCD - CPR)
    Destination Clock Delay (DCD):    1.973ns
    Source Clock Delay      (SCD):    1.412ns
    Clock Pessimism Removal (CPR):    0.480ns

    Location             Delay type                Incr(ns)  Path(ns)    Netlist Resource(s)
  -------------------------------------------------------------------    -------------------
                         (clock clk rise edge)        0.000     0.000 r  
    N15                                               0.000     0.000 r  clk (IN)
                         net (fo=0)                   0.000     0.000    clk
    N15                  IBUF (Prop_ibuf_I_O)         0.191     0.191 r  clk_IBUF_inst/O
                         net (fo=1, routed)           0.634     0.825    clk_IBUF
    BUFGCTRL_X0Y0        BUFG (Prop_bufg_I_O)         0.026     0.851 r  clk_IBUF_BUFG_inst/O
                         net (fo=294, routed)         0.562     1.412    clk_IBUF_BUFG
    SLICE_X13Y36         FDCE                                         r  pe_addr_reg[1]_rep__0/C
  -------------------------------------------------------------------    -------------------
    SLICE_X13Y36         FDCE (Prop_fdce_C_Q)         0.141     1.553 r  pe_addr_reg[1]_rep__0/Q
                         net (fo=12, routed)          0.267     1.821    u_table/data_reg_0_11_0[1]
    RAMB36_X0Y7          RAMB36E1                                     r  u_table/data_reg_0_10/ADDRARDADDR[1]
  -------------------------------------------------------------------    -------------------

                         (clock clk rise edge)        0.000     0.000 r  
    N15                                               0.000     0.000 r  clk (IN)
                         net (fo=0)                   0.000     0.000    clk
    N15                  IBUF (Prop_ibuf_I_O)         0.380     0.380 r  clk_IBUF_inst/O
                         net (fo=1, routed)           0.689     1.068    clk_IBUF
    BUFGCTRL_X0Y0        BUFG (Prop_bufg_I_O)         0.029     1.097 r  clk_IBUF_BUFG_inst/O
                         net (fo=294, routed)         0.876     1.973    u_table/clk_IBUF_BUFG
    RAMB36_X0Y7          RAMB36E1                                     r  u_table/data_reg_0_10/CLKARDCLK
                         clock pessimism             -0.480     1.493    
    RAMB36_X0Y7          RAMB36E1 (Hold_ramb36e1_CLKARDCLK_ADDRARDADDR[1])
                                                      0.183     1.676    u_table/data_reg_0_10
  -------------------------------------------------------------------
                         required time                         -1.676    
                         arrival time                           1.821    
  -------------------------------------------------------------------
                         slack                                  0.145    

Slack (MET) :             0.147ns  (arrival time - required time)
  Source:                 pe_addr_reg[4]_rep/C
                            (rising edge-triggered cell FDCE clocked by clk  {rise@0.000ns fall@5.000ns period=10.000ns})
  Destination:            u_table/data_reg_0_4/ADDRARDADDR[4]
                            (rising edge-triggered cell RAMB36E1 clocked by clk  {rise@0.000ns fall@5.000ns period=10.000ns})
  Path Group:             clk
  Path Type:              Hold (Min at Fast Process Corner)
  Requirement:            0.000ns  (clk rise@0.000ns - clk rise@0.000ns)
  Data Path Delay:        0.642ns  (logic 0.141ns (21.948%)  route 0.501ns (78.052%))
  Logic Levels:           0  
  Clock Path Skew:        0.312ns (DCD - SCD - CPR)
    Destination Clock Delay (DCD):    1.973ns
    Source Clock Delay      (SCD):    1.414ns
    Clock Pessimism Removal (CPR):    0.246ns

    Location             Delay type                Incr(ns)  Path(ns)    Netlist Resource(s)
  -------------------------------------------------------------------    -------------------
                         (clock clk rise edge)        0.000     0.000 r  
    N15                                               0.000     0.000 r  clk (IN)
                         net (fo=0)                   0.000     0.000    clk
    N15                  IBUF (Prop_ibuf_I_O)         0.191     0.191 r  clk_IBUF_inst/O
                         net (fo=1, routed)           0.634     0.825    clk_IBUF
    BUFGCTRL_X0Y0        BUFG (Prop_bufg_I_O)         0.026     0.851 r  clk_IBUF_BUFG_inst/O
                         net (fo=294, routed)         0.564     1.414    clk_IBUF_BUFG
    SLICE_X13Y38         FDCE                                         r  pe_addr_reg[4]_rep/C
  -------------------------------------------------------------------    -------------------
    SLICE_X13Y38         FDCE (Prop_fdce_C_Q)         0.141     1.555 r  pe_addr_reg[4]_rep/Q
                         net (fo=12, routed)          0.501     2.057    u_table/ADDRARDADDR[4]
    RAMB36_X0Y10         RAMB36E1                                     r  u_table/data_reg_0_4/ADDRARDADDR[4]
  -------------------------------------------------------------------    -------------------

                         (clock clk rise edge)        0.000     0.000 r  
    N15                                               0.000     0.000 r  clk (IN)
                         net (fo=0)                   0.000     0.000    clk
    N15                  IBUF (Prop_ibuf_I_O)         0.380     0.380 r  clk_IBUF_inst/O
                         net (fo=1, routed)           0.689     1.068    clk_IBUF
    BUFGCTRL_X0Y0        BUFG (Prop_bufg_I_O)         0.029     1.097 r  clk_IBUF_BUFG_inst/O
                         net (fo=294, routed)         0.876     1.973    u_table/clk_IBUF_BUFG
    RAMB36_X0Y10         RAMB36E1                                     r  u_table/data_reg_0_4/CLKARDCLK
                         clock pessimism             -0.246     1.727    
    RAMB36_X0Y10         RAMB36E1 (Hold_ramb36e1_CLKARDCLK_ADDRARDADDR[4])
                                                      0.183     1.910    u_table/data_reg_0_4
  -------------------------------------------------------------------
                         required time                         -1.910    
                         arrival time                           2.057    
  -------------------------------------------------------------------
                         slack                                  0.147    

Slack (MET) :             0.148ns  (arrival time - required time)
  Source:                 pe_addr_reg[13]_rep__0/C
                            (rising edge-triggered cell FDCE clocked by clk  {rise@0.000ns fall@5.000ns period=10.000ns})
  Destination:            u_table/data_reg_0_10/ADDRARDADDR[13]
                            (rising edge-triggered cell RAMB36E1 clocked by clk  {rise@0.000ns fall@5.000ns period=10.000ns})
  Path Group:             clk
  Path Type:              Hold (Min at Fast Process Corner)
  Requirement:            0.000ns  (clk rise@0.000ns - clk rise@0.000ns)
  Data Path Delay:        0.410ns  (logic 0.141ns (34.369%)  route 0.269ns (65.631%))
  Logic Levels:           0  
  Clock Path Skew:        0.079ns (DCD - SCD - CPR)
    Destination Clock Delay (DCD):    1.973ns
    Source Clock Delay      (SCD):    1.413ns
    Clock Pessimism Removal (CPR):    0.480ns

    Location             Delay type                Incr(ns)  Path(ns)    Netlist Resource(s)
  -------------------------------------------------------------------    -------------------
                         (clock clk rise edge)        0.000     0.000 r  
    N15                                               0.000     0.000 r  clk (IN)
                         net (fo=0)                   0.000     0.000    clk
    N15                  IBUF (Prop_ibuf_I_O)         0.191     0.191 r  clk_IBUF_inst/O
                         net (fo=1, routed)           0.634     0.825    clk_IBUF
    BUFGCTRL_X0Y0        BUFG (Prop_bufg_I_O)         0.026     0.851 r  clk_IBUF_BUFG_inst/O
                         net (fo=294, routed)         0.563     1.413    clk_IBUF_BUFG
    SLICE_X13Y37         FDCE                                         r  pe_addr_reg[13]_rep__0/C
  -------------------------------------------------------------------    -------------------
    SLICE_X13Y37         FDCE (Prop_fdce_C_Q)         0.141     1.554 r  pe_addr_reg[13]_rep__0/Q
                         net (fo=12, routed)          0.269     1.824    u_table/data_reg_0_11_0[13]
    RAMB36_X0Y7          RAMB36E1                                     r  u_table/data_reg_0_10/ADDRARDADDR[13]
  -------------------------------------------------------------------    -------------------

                         (clock clk rise edge)        0.000     0.000 r  
    N15                                               0.000     0.000 r  clk (IN)
                         net (fo=0)                   0.000     0.000    clk
    N15                  IBUF (Prop_ibuf_I_O)         0.380     0.380 r  clk_IBUF_inst/O
                         net (fo=1, routed)           0.689     1.068    clk_IBUF
    BUFGCTRL_X0Y0        BUFG (Prop_bufg_I_O)         0.029     1.097 r  clk_IBUF_BUFG_inst/O
                         net (fo=294, routed)         0.876     1.973    u_table/clk_IBUF_BUFG
    RAMB36_X0Y7          RAMB36E1                                     r  u_table/data_reg_0_10/CLKARDCLK
                         clock pessimism             -0.480     1.493    
    RAMB36_X0Y7          RAMB36E1 (Hold_ramb36e1_CLKARDCLK_ADDRARDADDR[13])
                                                      0.183     1.676    u_table/data_reg_0_10
  -------------------------------------------------------------------
                         required time                         -1.676    
                         arrival time                           1.824    
  -------------------------------------------------------------------
                         slack                                  0.148    





Pulse Width Checks
--------------------------------------------------------------------------------------
Clock Name:         clk
Waveform(ns):       { 0.000 5.000 }
Period(ns):         10.000
Sources:            { clk }

Check Type        Corner  Lib Pin             Reference Pin  Required(ns)  Actual(ns)  Slack(ns)  Location      Pin
Min Period        n/a     RAMB36E1/CLKARDCLK  n/a            2.892         10.000      7.108      RAMB36_X2Y2   u_table/data_reg_0_0/CLKARDCLK
Min Period        n/a     RAMB36E1/CLKARDCLK  n/a            2.892         10.000      7.108      RAMB36_X0Y0   u_table/data_reg_0_1/CLKARDCLK
Min Period        n/a     RAMB36E1/CLKARDCLK  n/a            2.892         10.000      7.108      RAMB36_X0Y7   u_table/data_reg_0_10/CLKARDCLK
Min Period        n/a     RAMB36E1/CLKARDCLK  n/a            2.892         10.000      7.108      RAMB36_X1Y5   u_table/data_reg_0_11/CLKARDCLK
Min Period        n/a     RAMB36E1/CLKARDCLK  n/a            2.892         10.000      7.108      RAMB36_X1Y8   u_table/data_reg_0_12/CLKARDCLK
Min Period        n/a     RAMB36E1/CLKARDCLK  n/a            2.892         10.000      7.108      RAMB36_X0Y2   u_table/data_reg_0_2/CLKARDCLK
Min Period        n/a     RAMB36E1/CLKARDCLK  n/a            2.892         10.000      7.108      RAMB36_X2Y0   u_table/data_reg_0_3/CLKARDCLK
Min Period        n/a     RAMB36E1/CLKARDCLK  n/a            2.892         10.000      7.108      RAMB36_X0Y10  u_table/data_reg_0_4/CLKARDCLK
Min Period        n/a     RAMB36E1/CLKARDCLK  n/a            2.892         10.000      7.108      RAMB36_X1Y11  u_table/data_reg_0_5/CLKARDCLK
Min Period        n/a     RAMB36E1/CLKARDCLK  n/a            2.892         10.000      7.108      RAMB36_X0Y12  u_table/data_reg_0_6/CLKARDCLK
Low Pulse Width   Slow    FDPE/C              n/a            0.500         5.000       4.500      SLICE_X13Y35  FSM_onehot_state_reg[0]/C
Low Pulse Width   Fast    FDPE/C              n/a            0.500         5.000       4.500      SLICE_X13Y35  FSM_onehot_state_reg[0]/C
Low Pulse Width   Slow    FDCE/C              n/a            0.500         5.000       4.500      SLICE_X13Y35  FSM_onehot_state_reg[1]/C
Low Pulse Width   Fast    FDCE/C              n/a            0.500         5.000       4.500      SLICE_X13Y35  FSM_onehot_state_reg[1]/C
Low Pulse Width   Slow    FDCE/C              n/a            0.500         5.000       4.500      SLICE_X13Y35  FSM_onehot_state_reg[2]/C
Low Pulse Width   Fast    FDCE/C              n/a            0.500         5.000       4.500      SLICE_X13Y35  FSM_onehot_state_reg[2]/C
Low Pulse Width   Slow    FDCE/C              n/a            0.500         5.000       4.500      SLICE_X13Y35  FSM_onehot_state_reg[3]/C
Low Pulse Width   Fast    FDCE/C              n/a            0.500         5.000       4.500      SLICE_X13Y35  FSM_onehot_state_reg[3]/C
Low Pulse Width   Slow    FDCE/C              n/a            0.500         5.000       4.500      SLICE_X13Y35  FSM_onehot_state_reg[4]/C
Low Pulse Width   Fast    FDCE/C              n/a            0.500         5.000       4.500      SLICE_X13Y35  FSM_onehot_state_reg[4]/C
High Pulse Width  Slow    FDPE/C              n/a            0.500         5.000       4.500      SLICE_X13Y35  FSM_onehot_state_reg[0]/C
High Pulse Width  Fast    FDPE/C              n/a            0.500         5.000       4.500      SLICE_X13Y35  FSM_onehot_state_reg[0]/C
High Pulse Width  Slow    FDCE/C              n/a            0.500         5.000       4.500      SLICE_X13Y35  FSM_onehot_state_reg[1]/C
High Pulse Width  Fast    FDCE/C              n/a            0.500         5.000       4.500      SLICE_X13Y35  FSM_onehot_state_reg[1]/C
High Pulse Width  Slow    FDCE/C              n/a            0.500         5.000       4.500      SLICE_X13Y35  FSM_onehot_state_reg[2]/C
High Pulse Width  Fast    FDCE/C              n/a            0.500         5.000       4.500      SLICE_X13Y35  FSM_onehot_state_reg[2]/C
High Pulse Width  Slow    FDCE/C              n/a            0.500         5.000       4.500      SLICE_X13Y35  FSM_onehot_state_reg[3]/C
High Pulse Width  Fast    FDCE/C              n/a            0.500         5.000       4.500      SLICE_X13Y35  FSM_onehot_state_reg[3]/C
High Pulse Width  Slow    FDCE/C              n/a            0.500         5.000       4.500      SLICE_X13Y35  FSM_onehot_state_reg[4]/C
High Pulse Width  Fast    FDCE/C              n/a            0.500         5.000       4.500      SLICE_X13Y35  FSM_onehot_state_reg[4]/C



