Copyright 1986-2022 Xilinx, Inc. All Rights Reserved. Copyright 2022-2024 Advanced Micro Devices, Inc. All Rights Reserved.
---------------------------------------------------------------------------------------------------------------------------------------------
| Tool Version : Vivado v.2024.1 (win64) Build 5076996 Wed May 22 18:37:14 MDT 2024
| Date         : Wed Sep  2 09:43:12 2026
| Host         : BOOK-S5JNKNEIOB running 64-bit major release  (build 9200)
| Command      : report_timing_summary -file timing_beamrom.rpt -max_paths 10
| Design       : particle_scorer_beamrom
| Device       : 7a35ti-csg324
| Speed File   : -1L  PRODUCTION 1.23 2018-06-13
| Design State : Synthesized
---------------------------------------------------------------------------------------------------------------------------------------------

Timing Summary Report

------------------------------------------------------------------------------------------------
| Timer Settings
| --------------
------------------------------------------------------------------------------------------------

  Enable Multi Corner Analysis               :  Yes
  Enable Pessimism Removal                   :  Yes
  Pessimism Removal Resolution               :  Nearest Common Node
  Enable Input Delay Default Clock           :  No
  Enable Preset / Clear Arcs                 :  No
  Disable Flight Delays                      :  No
  Ignore I/O Paths                           :  No
  Timing Early Launch at Borrowing Latches   :  No
  Borrow Time for Max Delay Exceptions       :  Yes
  Merge Timing Exceptions                    :  Yes
  Inter-SLR Compensation                     :  Conservative

  Corner  Analyze    Analyze    
  Name    Max Paths  Min Paths  
  ------  ---------  ---------  
  Slow    Yes        Yes        
  Fast    Yes        Yes        


------------------------------------------------------------------------------------------------
| Report Methodology
| ------------------
------------------------------------------------------------------------------------------------

No report available as report_methodology has not been run prior. Run report_methodology on the current design for the summary of methodology violations.



check_timing report

Table of Contents
-----------------
1. checking no_clock (0)
2. checking constant_clock (0)
3. checking pulse_width_clock (0)
4. checking unconstrained_internal_endpoints (0)
5. checking no_input_delay (52)
6. checking no_output_delay (22)
7. checking multiple_clock (0)
8. checking generated_clocks (0)
9. checking loops (0)
10. checking partial_input_delay (0)
11. checking partial_output_delay (0)
12. checking latch_loops (0)

1. checking no_clock (0)
------------------------
 There are 0 register/latch pins with no clock.


2. checking constant_clock (0)
------------------------------
 There are 0 register/latch pins with constant_clock.


3. checking pulse_width_clock (0)
---------------------------------
 There are 0 register/latch pins which need pulse_width check


4. checking unconstrained_internal_endpoints (0)
------------------------------------------------
 There are 0 pins that are not constrained for maximum delay.

 There are 0 pins that are not constrained for maximum delay due to constant clock.


5. checking no_input_delay (52)
-------------------------------
 There are 52 input ports with no input delay specified. (HIGH)

 There are 0 input ports with no input delay but user has a false path constraint.


6. checking no_output_delay (22)
--------------------------------
 There are 22 ports with no output delay specified. (HIGH)

 There are 0 ports with no output delay but user has a false path constraint

 There are 0 ports with no output delay but with a timing clock defined on it or propagating through it


7. checking multiple_clock (0)
------------------------------
 There are 0 register/latch pins with multiple clocks.


8. checking generated_clocks (0)
--------------------------------
 There are 0 generated clocks that are not connected to a clock source.


9. checking loops (0)
---------------------
 There are 0 combinational loops in the design.


10. checking partial_input_delay (0)
------------------------------------
 There are 0 input ports with partial input delay specified.


11. checking partial_output_delay (0)
-------------------------------------
 There are 0 ports with partial output delay specified.


12. checking latch_loops (0)
----------------------------
 There are 0 combinational latch loops in the design through latch input



------------------------------------------------------------------------------------------------
| Design Timing Summary
| ---------------------
------------------------------------------------------------------------------------------------

    WNS(ns)      TNS(ns)  TNS Failing Endpoints  TNS Total Endpoints      WHS(ns)      THS(ns)  THS Failing Endpoints  THS Total Endpoints     WPWS(ns)     TPWS(ns)  TPWS Failing Endpoints  TPWS Total Endpoints  
    -------      -------  ---------------------  -------------------      -------      -------  ---------------------  -------------------     --------     --------  ----------------------  --------------------  
     -2.418      -68.056                     49                 1025        0.129        0.000                      0                 1025        4.500        0.000                       0                   258  


Timing constraints are not met.


------------------------------------------------------------------------------------------------
| Clock Summary
| -------------
------------------------------------------------------------------------------------------------

Clock  Waveform(ns)       Period(ns)      Frequency(MHz)
-----  ------------       ----------      --------------
clk    {0.000 5.000}      10.000          100.000         


------------------------------------------------------------------------------------------------
| Intra Clock Table
| -----------------
------------------------------------------------------------------------------------------------

Clock             WNS(ns)      TNS(ns)  TNS Failing Endpoints  TNS Total Endpoints      WHS(ns)      THS(ns)  THS Failing Endpoints  THS Total Endpoints     WPWS(ns)     TPWS(ns)  TPWS Failing Endpoints  TPWS Total Endpoints  
-----             -------      -------  ---------------------  -------------------      -------      -------  ---------------------  -------------------     --------     --------  ----------------------  --------------------  
clk                -2.418      -68.056                     49                 1025        0.129        0.000                      0                 1025        4.500        0.000                       0                   258  


------------------------------------------------------------------------------------------------
| Inter Clock Table
| -----------------
------------------------------------------------------------------------------------------------

From Clock    To Clock          WNS(ns)      TNS(ns)  TNS Failing Endpoints  TNS Total Endpoints      WHS(ns)      THS(ns)  THS Failing Endpoints  THS Total Endpoints  
----------    --------          -------      -------  ---------------------  -------------------      -------      -------  ---------------------  -------------------  


------------------------------------------------------------------------------------------------
| Other Path Groups Table
| -----------------------
------------------------------------------------------------------------------------------------

Path Group    From Clock    To Clock          WNS(ns)      TNS(ns)  TNS Failing Endpoints  TNS Total Endpoints      WHS(ns)      THS(ns)  THS Failing Endpoints  THS Total Endpoints  
----------    ----------    --------          -------      -------  ---------------------  -------------------      -------      -------  ---------------------  -------------------  


------------------------------------------------------------------------------------------------
| Timing Details
| --------------
------------------------------------------------------------------------------------------------


---------------------------------------------------------------------------------------------------
From Clock:  clk
  To Clock:  clk

Setup :           49  Failing Endpoints,  Worst Slack       -2.418ns,  Total Violation      -68.056ns
Hold  :            0  Failing Endpoints,  Worst Slack        0.129ns,  Total Violation        0.000ns
PW    :            0  Failing Endpoints,  Worst Slack        4.500ns,  Total Violation        0.000ns
---------------------------------------------------------------------------------------------------


Max Delay Paths
--------------------------------------------------------------------------------------
Slack (VIOLATED) :        -2.418ns  (required time - arrival time)
  Source:                 u_ray_march/y_reg[16]/C
                            (rising edge-triggered cell FDCE clocked by clk  {rise@0.000ns fall@5.000ns period=10.000ns})
  Destination:            u_ray_march/x_reg[9]_rep/D
                            (rising edge-triggered cell FDCE clocked by clk  {rise@0.000ns fall@5.000ns period=10.000ns})
  Path Group:             clk
  Path Type:              Setup (Max at Slow Process Corner)
  Requirement:            10.000ns  (clk rise@10.000ns - clk rise@0.000ns)
  Data Path Delay:        11.992ns  (logic 3.003ns (25.042%)  route 8.989ns (74.958%))
  Logic Levels:           14  (CARRY4=3 LUT3=1 LUT4=1 LUT5=2 LUT6=7)
  Clock Path Skew:        -0.145ns (DCD - SCD + CPR)
    Destination Clock Delay (DCD):    2.129ns = ( 12.129 - 10.000 ) 
    Source Clock Delay      (SCD):    2.453ns
    Clock Pessimism Removal (CPR):    0.179ns
  Clock Uncertainty:      0.035ns  ((TSJ^2 + TIJ^2)^1/2 + DJ) / 2 + PE
    Total System Jitter     (TSJ):    0.071ns
    Total Input Jitter      (TIJ):    0.000ns
    Discrete Jitter          (DJ):    0.000ns
    Phase Error              (PE):    0.000ns

    Location             Delay type                Incr(ns)  Path(ns)    Netlist Resource(s)
  -------------------------------------------------------------------    -------------------
                         (clock clk rise edge)        0.000     0.000 r  
                                                      0.000     0.000 r  clk (IN)
                         net (fo=0)                   0.000     0.000    clk
                         IBUF (Prop_ibuf_I_O)         0.973     0.973 r  clk_IBUF_inst/O
                         net (fo=1, unplaced)         0.800     1.773    clk_IBUF
                         BUFG (Prop_bufg_I_O)         0.096     1.869 r  clk_IBUF_BUFG_inst/O
                         net (fo=257, unplaced)       0.584     2.453    u_ray_march/clk_IBUF_BUFG
                         FDCE                                         r  u_ray_march/y_reg[16]/C
  -------------------------------------------------------------------    -------------------
                         FDCE (Prop_fdce_C_Q)         0.456     2.909 r  u_ray_march/y_reg[16]/Q
                         net (fo=2, unplaced)         0.976     3.885    u_ray_march/y_reg[16]
                         LUT6 (Prop_lut6_I0_O)        0.295     4.180 r  u_ray_march/g0_b1_i_16/O
                         net (fo=58, unplaced)        0.505     4.685    u_ray_march/g0_b1_i_16_n_0
                         LUT3 (Prop_lut3_I1_O)        0.124     4.809 f  u_ray_march/g0_b1_i_261/O
                         net (fo=93, unplaced)        1.000     5.809    u_ray_march/g0_b1_i_261_n_0
                         LUT6 (Prop_lut6_I0_O)        0.124     5.933 r  u_ray_march/p_0_out_inferred__1/g0_b1_i_743/O
                         net (fo=1, unplaced)         0.902     6.835    u_ray_march/p_0_out_inferred__1/g0_b1_i_743_n_0
                         LUT6 (Prop_lut6_I0_O)        0.124     6.959 r  u_ray_march/p_0_out_inferred__1/g0_b1_i_359/O
                         net (fo=3, unplaced)         0.920     7.879    u_ray_march/p_0_out_inferred__1/g0_b1_i_359_n_0
                         LUT5 (Prop_lut5_I0_O)        0.124     8.003 r  u_ray_march/p_0_out_inferred__1/g0_b1_i_143/O
                         net (fo=1, unplaced)         0.902     8.905    u_ray_march/p_0_out_inferred__1/g0_b1_i_143_n_0
                         LUT6 (Prop_lut6_I0_O)        0.124     9.029 r  u_ray_march/p_0_out_inferred__1/g0_b1_i_55/O
                         net (fo=1, unplaced)         0.902     9.931    u_ray_march/p_0_out_inferred__1/g0_b1_i_55_n_0
                         LUT5 (Prop_lut5_I4_O)        0.124    10.055 r  u_ray_march/p_0_out_inferred__1/g0_b1_i_23/O
                         net (fo=1, unplaced)         0.902    10.957    u_ray_march/p_0_out_inferred__1/g0_b1_i_23_n_0
                         LUT6 (Prop_lut6_I0_O)        0.124    11.081 r  u_ray_march/p_0_out_inferred__1/g0_b1_i_7/O
                         net (fo=1, unplaced)         0.449    11.530    u_ray_march/p_0_out_inferred__1/g0_b1_i_7_n_0
                         LUT6 (Prop_lut6_I5_O)        0.124    11.654 r  u_ray_march/p_0_out_inferred__1/g0_b1_i_1/O
                         net (fo=31, unplaced)        0.519    12.173    u_ray_march/sel[0]
                         LUT6 (Prop_lut6_I0_O)        0.124    12.297 r  u_ray_march/g0_b1/O
                         net (fo=2, unplaced)         0.460    12.757    u_ray_march/g0_b1_n_0
                         LUT4 (Prop_lut4_I0_O)        0.124    12.881 r  u_ray_march/x[0]_i_9/O
                         net (fo=1, unplaced)         0.000    12.881    u_ray_march/x[0]_i_9_n_0
                         CARRY4 (Prop_carry4_S[1]_CO[3])
                                                      0.550    13.431 r  u_ray_march/x_reg[0]_i_2/CO[3]
                         net (fo=1, unplaced)         0.009    13.440    u_ray_march/x_reg[0]_i_2_n_0
                         CARRY4 (Prop_carry4_CI_CO[3])
                                                      0.114    13.554 r  u_ray_march/x_reg[4]_i_1/CO[3]
                         net (fo=1, unplaced)         0.000    13.554    u_ray_march/x_reg[4]_i_1_n_0
                         CARRY4 (Prop_carry4_CI_O[1])
                                                      0.348    13.902 r  u_ray_march/x_reg[8]_i_1/O[1]
                         net (fo=3, unplaced)         0.543    14.445    u_ray_march/x_reg[8]_i_1_n_6
                         FDCE                                         r  u_ray_march/x_reg[9]_rep/D
  -------------------------------------------------------------------    -------------------

                         (clock clk rise edge)       10.000    10.000 r  
                                                      0.000    10.000 r  clk (IN)
                         net (fo=0)                   0.000    10.000    clk
                         IBUF (Prop_ibuf_I_O)         0.840    10.840 r  clk_IBUF_inst/O
                         net (fo=1, unplaced)         0.760    11.599    clk_IBUF
                         BUFG (Prop_bufg_I_O)         0.091    11.690 r  clk_IBUF_BUFG_inst/O
                         net (fo=257, unplaced)       0.439    12.129    u_ray_march/clk_IBUF_BUFG
                         FDCE                                         r  u_ray_march/x_reg[9]_rep/C
                         clock pessimism              0.179    12.308    
                         clock uncertainty           -0.035    12.273    
                         FDCE (Setup_fdce_C_D)       -0.246    12.027    u_ray_march/x_reg[9]_rep
  -------------------------------------------------------------------
                         required time                         12.027    
                         arrival time                         -14.445    
  -------------------------------------------------------------------
                         slack                                 -2.418    

Slack (VIOLATED) :        -2.418ns  (required time - arrival time)
  Source:                 u_ray_march/y_reg[16]/C
                            (rising edge-triggered cell FDCE clocked by clk  {rise@0.000ns fall@5.000ns period=10.000ns})
  Destination:            u_ray_march/x_reg[9]_rep__0/D
                            (rising edge-triggered cell FDCE clocked by clk  {rise@0.000ns fall@5.000ns period=10.000ns})
  Path Group:             clk
  Path Type:              Setup (Max at Slow Process Corner)
  Requirement:            10.000ns  (clk rise@10.000ns - clk rise@0.000ns)
  Data Path Delay:        11.992ns  (logic 3.003ns (25.042%)  route 8.989ns (74.958%))
  Logic Levels:           14  (CARRY4=3 LUT3=1 LUT4=1 LUT5=2 LUT6=7)
  Clock Path Skew:        -0.145ns (DCD - SCD + CPR)
    Destination Clock Delay (DCD):    2.129ns = ( 12.129 - 10.000 ) 
    Source Clock Delay      (SCD):    2.453ns
    Clock Pessimism Removal (CPR):    0.179ns
  Clock Uncertainty:      0.035ns  ((TSJ^2 + TIJ^2)^1/2 + DJ) / 2 + PE
    Total System Jitter     (TSJ):    0.071ns
    Total Input Jitter      (TIJ):    0.000ns
    Discrete Jitter          (DJ):    0.000ns
    Phase Error              (PE):    0.000ns

    Location             Delay type                Incr(ns)  Path(ns)    Netlist Resource(s)
  -------------------------------------------------------------------    -------------------
                         (clock clk rise edge)        0.000     0.000 r  
                                                      0.000     0.000 r  clk (IN)
                         net (fo=0)                   0.000     0.000    clk
                         IBUF (Prop_ibuf_I_O)         0.973     0.973 r  clk_IBUF_inst/O
                         net (fo=1, unplaced)         0.800     1.773    clk_IBUF
                         BUFG (Prop_bufg_I_O)         0.096     1.869 r  clk_IBUF_BUFG_inst/O
                         net (fo=257, unplaced)       0.584     2.453    u_ray_march/clk_IBUF_BUFG
                         FDCE                                         r  u_ray_march/y_reg[16]/C
  -------------------------------------------------------------------    -------------------
                         FDCE (Prop_fdce_C_Q)         0.456     2.909 r  u_ray_march/y_reg[16]/Q
                         net (fo=2, unplaced)         0.976     3.885    u_ray_march/y_reg[16]
                         LUT6 (Prop_lut6_I0_O)        0.295     4.180 r  u_ray_march/g0_b1_i_16/O
                         net (fo=58, unplaced)        0.505     4.685    u_ray_march/g0_b1_i_16_n_0
                         LUT3 (Prop_lut3_I1_O)        0.124     4.809 f  u_ray_march/g0_b1_i_261/O
                         net (fo=93, unplaced)        1.000     5.809    u_ray_march/g0_b1_i_261_n_0
                         LUT6 (Prop_lut6_I0_O)        0.124     5.933 r  u_ray_march/p_0_out_inferred__1/g0_b1_i_743/O
                         net (fo=1, unplaced)         0.902     6.835    u_ray_march/p_0_out_inferred__1/g0_b1_i_743_n_0
                         LUT6 (Prop_lut6_I0_O)        0.124     6.959 r  u_ray_march/p_0_out_inferred__1/g0_b1_i_359/O
                         net (fo=3, unplaced)         0.920     7.879    u_ray_march/p_0_out_inferred__1/g0_b1_i_359_n_0
                         LUT5 (Prop_lut5_I0_O)        0.124     8.003 r  u_ray_march/p_0_out_inferred__1/g0_b1_i_143/O
                         net (fo=1, unplaced)         0.902     8.905    u_ray_march/p_0_out_inferred__1/g0_b1_i_143_n_0
                         LUT6 (Prop_lut6_I0_O)        0.124     9.029 r  u_ray_march/p_0_out_inferred__1/g0_b1_i_55/O
                         net (fo=1, unplaced)         0.902     9.931    u_ray_march/p_0_out_inferred__1/g0_b1_i_55_n_0
                         LUT5 (Prop_lut5_I4_O)        0.124    10.055 r  u_ray_march/p_0_out_inferred__1/g0_b1_i_23/O
                         net (fo=1, unplaced)         0.902    10.957    u_ray_march/p_0_out_inferred__1/g0_b1_i_23_n_0
                         LUT6 (Prop_lut6_I0_O)        0.124    11.081 r  u_ray_march/p_0_out_inferred__1/g0_b1_i_7/O
                         net (fo=1, unplaced)         0.449    11.530    u_ray_march/p_0_out_inferred__1/g0_b1_i_7_n_0
                         LUT6 (Prop_lut6_I5_O)        0.124    11.654 r  u_ray_march/p_0_out_inferred__1/g0_b1_i_1/O
                         net (fo=31, unplaced)        0.519    12.173    u_ray_march/sel[0]
                         LUT6 (Prop_lut6_I0_O)        0.124    12.297 r  u_ray_march/g0_b1/O
                         net (fo=2, unplaced)         0.460    12.757    u_ray_march/g0_b1_n_0
                         LUT4 (Prop_lut4_I0_O)        0.124    12.881 r  u_ray_march/x[0]_i_9/O
                         net (fo=1, unplaced)         0.000    12.881    u_ray_march/x[0]_i_9_n_0
                         CARRY4 (Prop_carry4_S[1]_CO[3])
                                                      0.550    13.431 r  u_ray_march/x_reg[0]_i_2/CO[3]
                         net (fo=1, unplaced)         0.009    13.440    u_ray_march/x_reg[0]_i_2_n_0
                         CARRY4 (Prop_carry4_CI_CO[3])
                                                      0.114    13.554 r  u_ray_march/x_reg[4]_i_1/CO[3]
                         net (fo=1, unplaced)         0.000    13.554    u_ray_march/x_reg[4]_i_1_n_0
                         CARRY4 (Prop_carry4_CI_O[1])
                                                      0.348    13.902 r  u_ray_march/x_reg[8]_i_1/O[1]
                         net (fo=3, unplaced)         0.543    14.445    u_ray_march/x_reg[8]_i_1_n_6
                         FDCE                                         r  u_ray_march/x_reg[9]_rep__0/D
  -------------------------------------------------------------------    -------------------

                         (clock clk rise edge)       10.000    10.000 r  
                                                      0.000    10.000 r  clk (IN)
                         net (fo=0)                   0.000    10.000    clk
                         IBUF (Prop_ibuf_I_O)         0.840    10.840 r  clk_IBUF_inst/O
                         net (fo=1, unplaced)         0.760    11.599    clk_IBUF
                         BUFG (Prop_bufg_I_O)         0.091    11.690 r  clk_IBUF_BUFG_inst/O
                         net (fo=257, unplaced)       0.439    12.129    u_ray_march/clk_IBUF_BUFG
                         FDCE                                         r  u_ray_march/x_reg[9]_rep__0/C
                         clock pessimism              0.179    12.308    
                         clock uncertainty           -0.035    12.273    
                         FDCE (Setup_fdce_C_D)       -0.246    12.027    u_ray_march/x_reg[9]_rep__0
  -------------------------------------------------------------------
                         required time                         12.027    
                         arrival time                         -14.445    
  -------------------------------------------------------------------
                         slack                                 -2.418    

Slack (VIOLATED) :        -2.103ns  (required time - arrival time)
  Source:                 u_ray_march/y_reg[16]/C
                            (rising edge-triggered cell FDCE clocked by clk  {rise@0.000ns fall@5.000ns period=10.000ns})
  Destination:            u_ray_march/x_reg[8]_rep/D
                            (rising edge-triggered cell FDCE clocked by clk  {rise@0.000ns fall@5.000ns period=10.000ns})
  Path Group:             clk
  Path Type:              Setup (Max at Slow Process Corner)
  Requirement:            10.000ns  (clk rise@10.000ns - clk rise@0.000ns)
  Data Path Delay:        11.688ns  (logic 2.890ns (24.726%)  route 8.798ns (75.274%))
  Logic Levels:           14  (CARRY4=3 LUT3=1 LUT4=1 LUT5=2 LUT6=7)
  Clock Path Skew:        -0.145ns (DCD - SCD + CPR)
    Destination Clock Delay (DCD):    2.129ns = ( 12.129 - 10.000 ) 
    Source Clock Delay      (SCD):    2.453ns
    Clock Pessimism Removal (CPR):    0.179ns
  Clock Uncertainty:      0.035ns  ((TSJ^2 + TIJ^2)^1/2 + DJ) / 2 + PE
    Total System Jitter     (TSJ):    0.071ns
    Total Input Jitter      (TIJ):    0.000ns
    Discrete Jitter          (DJ):    0.000ns
    Phase Error              (PE):    0.000ns

    Location             Delay type                Incr(ns)  Path(ns)    Netlist Resource(s)
  -------------------------------------------------------------------    -------------------
                         (clock clk rise edge)        0.000     0.000 r  
                                                      0.000     0.000 r  clk (IN)
                         net (fo=0)                   0.000     0.000    clk
                         IBUF (Prop_ibuf_I_O)         0.973     0.973 r  clk_IBUF_inst/O
                         net (fo=1, unplaced)         0.800     1.773    clk_IBUF
                         BUFG (Prop_bufg_I_O)         0.096     1.869 r  clk_IBUF_BUFG_inst/O
                         net (fo=257, unplaced)       0.584     2.453    u_ray_march/clk_IBUF_BUFG
                         FDCE                                         r  u_ray_march/y_reg[16]/C
  -------------------------------------------------------------------    -------------------
                         FDCE (Prop_fdce_C_Q)         0.456     2.909 r  u_ray_march/y_reg[16]/Q
                         net (fo=2, unplaced)         0.976     3.885    u_ray_march/y_reg[16]
                         LUT6 (Prop_lut6_I0_O)        0.295     4.180 r  u_ray_march/g0_b1_i_16/O
                         net (fo=58, unplaced)        0.505     4.685    u_ray_march/g0_b1_i_16_n_0
                         LUT3 (Prop_lut3_I1_O)        0.124     4.809 f  u_ray_march/g0_b1_i_261/O
                         net (fo=93, unplaced)        1.000     5.809    u_ray_march/g0_b1_i_261_n_0
                         LUT6 (Prop_lut6_I0_O)        0.124     5.933 r  u_ray_march/p_0_out_inferred__1/g0_b1_i_743/O
                         net (fo=1, unplaced)         0.902     6.835    u_ray_march/p_0_out_inferred__1/g0_b1_i_743_n_0
                         LUT6 (Prop_lut6_I0_O)        0.124     6.959 r  u_ray_march/p_0_out_inferred__1/g0_b1_i_359/O
                         net (fo=3, unplaced)         0.920     7.879    u_ray_march/p_0_out_inferred__1/g0_b1_i_359_n_0
                         LUT5 (Prop_lut5_I0_O)        0.124     8.003 r  u_ray_march/p_0_out_inferred__1/g0_b1_i_143/O
                         net (fo=1, unplaced)         0.902     8.905    u_ray_march/p_0_out_inferred__1/g0_b1_i_143_n_0
                         LUT6 (Prop_lut6_I0_O)        0.124     9.029 r  u_ray_march/p_0_out_inferred__1/g0_b1_i_55/O
                         net (fo=1, unplaced)         0.902     9.931    u_ray_march/p_0_out_inferred__1/g0_b1_i_55_n_0
                         LUT5 (Prop_lut5_I4_O)        0.124    10.055 r  u_ray_march/p_0_out_inferred__1/g0_b1_i_23/O
                         net (fo=1, unplaced)         0.902    10.957    u_ray_march/p_0_out_inferred__1/g0_b1_i_23_n_0
                         LUT6 (Prop_lut6_I0_O)        0.124    11.081 r  u_ray_march/p_0_out_inferred__1/g0_b1_i_7/O
                         net (fo=1, unplaced)         0.449    11.530    u_ray_march/p_0_out_inferred__1/g0_b1_i_7_n_0
                         LUT6 (Prop_lut6_I5_O)        0.124    11.654 r  u_ray_march/p_0_out_inferred__1/g0_b1_i_1/O
                         net (fo=31, unplaced)        0.519    12.173    u_ray_march/sel[0]
                         LUT6 (Prop_lut6_I0_O)        0.124    12.297 r  u_ray_march/g0_b1/O
                         net (fo=2, unplaced)         0.460    12.757    u_ray_march/g0_b1_n_0
                         LUT4 (Prop_lut4_I0_O)        0.124    12.881 r  u_ray_march/x[0]_i_9/O
                         net (fo=1, unplaced)         0.000    12.881    u_ray_march/x[0]_i_9_n_0
                         CARRY4 (Prop_carry4_S[1]_CO[3])
                                                      0.550    13.431 r  u_ray_march/x_reg[0]_i_2/CO[3]
                         net (fo=1, unplaced)         0.009    13.440    u_ray_march/x_reg[0]_i_2_n_0
                         CARRY4 (Prop_carry4_CI_CO[3])
                                                      0.114    13.554 r  u_ray_march/x_reg[4]_i_1/CO[3]
                         net (fo=1, unplaced)         0.000    13.554    u_ray_march/x_reg[4]_i_1_n_0
                         CARRY4 (Prop_carry4_CI_O[0])
                                                      0.235    13.789 r  u_ray_march/x_reg[8]_i_1/O[0]
                         net (fo=3, unplaced)         0.352    14.141    u_ray_march/x_reg[8]_i_1_n_7
                         FDCE                                         r  u_ray_march/x_reg[8]_rep/D
  -------------------------------------------------------------------    -------------------

                         (clock clk rise edge)       10.000    10.000 r  
                                                      0.000    10.000 r  clk (IN)
                         net (fo=0)                   0.000    10.000    clk
                         IBUF (Prop_ibuf_I_O)         0.840    10.840 r  clk_IBUF_inst/O
                         net (fo=1, unplaced)         0.760    11.599    clk_IBUF
                         BUFG (Prop_bufg_I_O)         0.091    11.690 r  clk_IBUF_BUFG_inst/O
                         net (fo=257, unplaced)       0.439    12.129    u_ray_march/clk_IBUF_BUFG
                         FDCE                                         r  u_ray_march/x_reg[8]_rep/C
                         clock pessimism              0.179    12.308    
                         clock uncertainty           -0.035    12.273    
                         FDCE (Setup_fdce_C_D)       -0.235    12.038    u_ray_march/x_reg[8]_rep
  -------------------------------------------------------------------
                         required time                         12.038    
                         arrival time                         -14.141    
  -------------------------------------------------------------------
                         slack                                 -2.103    

Slack (VIOLATED) :        -2.103ns  (required time - arrival time)
  Source:                 u_ray_march/y_reg[16]/C
                            (rising edge-triggered cell FDCE clocked by clk  {rise@0.000ns fall@5.000ns period=10.000ns})
  Destination:            u_ray_march/x_reg[8]_rep__0/D
                            (rising edge-triggered cell FDCE clocked by clk  {rise@0.000ns fall@5.000ns period=10.000ns})
  Path Group:             clk
  Path Type:              Setup (Max at Slow Process Corner)
  Requirement:            10.000ns  (clk rise@10.000ns - clk rise@0.000ns)
  Data Path Delay:        11.688ns  (logic 2.890ns (24.726%)  route 8.798ns (75.274%))
  Logic Levels:           14  (CARRY4=3 LUT3=1 LUT4=1 LUT5=2 LUT6=7)
  Clock Path Skew:        -0.145ns (DCD - SCD + CPR)
    Destination Clock Delay (DCD):    2.129ns = ( 12.129 - 10.000 ) 
    Source Clock Delay      (SCD):    2.453ns
    Clock Pessimism Removal (CPR):    0.179ns
  Clock Uncertainty:      0.035ns  ((TSJ^2 + TIJ^2)^1/2 + DJ) / 2 + PE
    Total System Jitter     (TSJ):    0.071ns
    Total Input Jitter      (TIJ):    0.000ns
    Discrete Jitter          (DJ):    0.000ns
    Phase Error              (PE):    0.000ns

    Location             Delay type                Incr(ns)  Path(ns)    Netlist Resource(s)
  -------------------------------------------------------------------    -------------------
                         (clock clk rise edge)        0.000     0.000 r  
                                                      0.000     0.000 r  clk (IN)
                         net (fo=0)                   0.000     0.000    clk
                         IBUF (Prop_ibuf_I_O)         0.973     0.973 r  clk_IBUF_inst/O
                         net (fo=1, unplaced)         0.800     1.773    clk_IBUF
                         BUFG (Prop_bufg_I_O)         0.096     1.869 r  clk_IBUF_BUFG_inst/O
                         net (fo=257, unplaced)       0.584     2.453    u_ray_march/clk_IBUF_BUFG
                         FDCE                                         r  u_ray_march/y_reg[16]/C
  -------------------------------------------------------------------    -------------------
                         FDCE (Prop_fdce_C_Q)         0.456     2.909 r  u_ray_march/y_reg[16]/Q
                         net (fo=2, unplaced)         0.976     3.885    u_ray_march/y_reg[16]
                         LUT6 (Prop_lut6_I0_O)        0.295     4.180 r  u_ray_march/g0_b1_i_16/O
                         net (fo=58, unplaced)        0.505     4.685    u_ray_march/g0_b1_i_16_n_0
                         LUT3 (Prop_lut3_I1_O)        0.124     4.809 f  u_ray_march/g0_b1_i_261/O
                         net (fo=93, unplaced)        1.000     5.809    u_ray_march/g0_b1_i_261_n_0
                         LUT6 (Prop_lut6_I0_O)        0.124     5.933 r  u_ray_march/p_0_out_inferred__1/g0_b1_i_743/O
                         net (fo=1, unplaced)         0.902     6.835    u_ray_march/p_0_out_inferred__1/g0_b1_i_743_n_0
                         LUT6 (Prop_lut6_I0_O)        0.124     6.959 r  u_ray_march/p_0_out_inferred__1/g0_b1_i_359/O
                         net (fo=3, unplaced)         0.920     7.879    u_ray_march/p_0_out_inferred__1/g0_b1_i_359_n_0
                         LUT5 (Prop_lut5_I0_O)        0.124     8.003 r  u_ray_march/p_0_out_inferred__1/g0_b1_i_143/O
                         net (fo=1, unplaced)         0.902     8.905    u_ray_march/p_0_out_inferred__1/g0_b1_i_143_n_0
                         LUT6 (Prop_lut6_I0_O)        0.124     9.029 r  u_ray_march/p_0_out_inferred__1/g0_b1_i_55/O
                         net (fo=1, unplaced)         0.902     9.931    u_ray_march/p_0_out_inferred__1/g0_b1_i_55_n_0
                         LUT5 (Prop_lut5_I4_O)        0.124    10.055 r  u_ray_march/p_0_out_inferred__1/g0_b1_i_23/O
                         net (fo=1, unplaced)         0.902    10.957    u_ray_march/p_0_out_inferred__1/g0_b1_i_23_n_0
                         LUT6 (Prop_lut6_I0_O)        0.124    11.081 r  u_ray_march/p_0_out_inferred__1/g0_b1_i_7/O
                         net (fo=1, unplaced)         0.449    11.530    u_ray_march/p_0_out_inferred__1/g0_b1_i_7_n_0
                         LUT6 (Prop_lut6_I5_O)        0.124    11.654 r  u_ray_march/p_0_out_inferred__1/g0_b1_i_1/O
                         net (fo=31, unplaced)        0.519    12.173    u_ray_march/sel[0]
                         LUT6 (Prop_lut6_I0_O)        0.124    12.297 r  u_ray_march/g0_b1/O
                         net (fo=2, unplaced)         0.460    12.757    u_ray_march/g0_b1_n_0
                         LUT4 (Prop_lut4_I0_O)        0.124    12.881 r  u_ray_march/x[0]_i_9/O
                         net (fo=1, unplaced)         0.000    12.881    u_ray_march/x[0]_i_9_n_0
                         CARRY4 (Prop_carry4_S[1]_CO[3])
                                                      0.550    13.431 r  u_ray_march/x_reg[0]_i_2/CO[3]
                         net (fo=1, unplaced)         0.009    13.440    u_ray_march/x_reg[0]_i_2_n_0
                         CARRY4 (Prop_carry4_CI_CO[3])
                                                      0.114    13.554 r  u_ray_march/x_reg[4]_i_1/CO[3]
                         net (fo=1, unplaced)         0.000    13.554    u_ray_march/x_reg[4]_i_1_n_0
                         CARRY4 (Prop_carry4_CI_O[0])
                                                      0.235    13.789 r  u_ray_march/x_reg[8]_i_1/O[0]
                         net (fo=3, unplaced)         0.352    14.141    u_ray_march/x_reg[8]_i_1_n_7
                         FDCE                                         r  u_ray_march/x_reg[8]_rep__0/D
  -------------------------------------------------------------------    -------------------

                         (clock clk rise edge)       10.000    10.000 r  
                                                      0.000    10.000 r  clk (IN)
                         net (fo=0)                   0.000    10.000    clk
                         IBUF (Prop_ibuf_I_O)         0.840    10.840 r  clk_IBUF_inst/O
                         net (fo=1, unplaced)         0.760    11.599    clk_IBUF
                         BUFG (Prop_bufg_I_O)         0.091    11.690 r  clk_IBUF_BUFG_inst/O
                         net (fo=257, unplaced)       0.439    12.129    u_ray_march/clk_IBUF_BUFG
                         FDCE                                         r  u_ray_march/x_reg[8]_rep__0/C
                         clock pessimism              0.179    12.308    
                         clock uncertainty           -0.035    12.273    
                         FDCE (Setup_fdce_C_D)       -0.235    12.038    u_ray_march/x_reg[8]_rep__0
  -------------------------------------------------------------------
                         required time                         12.038    
                         arrival time                         -14.141    
  -------------------------------------------------------------------
                         slack                                 -2.103    

Slack (VIOLATED) :        -2.096ns  (required time - arrival time)
  Source:                 u_ray_march/y_reg[16]/C
                            (rising edge-triggered cell FDCE clocked by clk  {rise@0.000ns fall@5.000ns period=10.000ns})
  Destination:            u_ray_march/y_reg[8]_rep/D
                            (rising edge-triggered cell FDCE clocked by clk  {rise@0.000ns fall@5.000ns period=10.000ns})
  Path Group:             clk
  Path Type:              Setup (Max at Slow Process Corner)
  Requirement:            10.000ns  (clk rise@10.000ns - clk rise@0.000ns)
  Data Path Delay:        11.681ns  (logic 2.890ns (24.741%)  route 8.791ns (75.259%))
  Logic Levels:           14  (CARRY4=3 LUT3=1 LUT4=1 LUT5=2 LUT6=7)
  Clock Path Skew:        -0.145ns (DCD - SCD + CPR)
    Destination Clock Delay (DCD):    2.129ns = ( 12.129 - 10.000 ) 
    Source Clock Delay      (SCD):    2.453ns
    Clock Pessimism Removal (CPR):    0.179ns
  Clock Uncertainty:      0.035ns  ((TSJ^2 + TIJ^2)^1/2 + DJ) / 2 + PE
    Total System Jitter     (TSJ):    0.071ns
    Total Input Jitter      (TIJ):    0.000ns
    Discrete Jitter          (DJ):    0.000ns
    Phase Error              (PE):    0.000ns

    Location             Delay type                Incr(ns)  Path(ns)    Netlist Resource(s)
  -------------------------------------------------------------------    -------------------
                         (clock clk rise edge)        0.000     0.000 r  
                                                      0.000     0.000 r  clk (IN)
                         net (fo=0)                   0.000     0.000    clk
                         IBUF (Prop_ibuf_I_O)         0.973     0.973 r  clk_IBUF_inst/O
                         net (fo=1, unplaced)         0.800     1.773    clk_IBUF
                         BUFG (Prop_bufg_I_O)         0.096     1.869 r  clk_IBUF_BUFG_inst/O
                         net (fo=257, unplaced)       0.584     2.453    u_ray_march/clk_IBUF_BUFG
                         FDCE                                         r  u_ray_march/y_reg[16]/C
  -------------------------------------------------------------------    -------------------
                         FDCE (Prop_fdce_C_Q)         0.456     2.909 r  u_ray_march/y_reg[16]/Q
                         net (fo=2, unplaced)         0.976     3.885    u_ray_march/y_reg[16]
                         LUT6 (Prop_lut6_I0_O)        0.295     4.180 r  u_ray_march/g0_b1_i_16/O
                         net (fo=58, unplaced)        0.505     4.685    u_ray_march/g0_b1_i_16_n_0
                         LUT3 (Prop_lut3_I1_O)        0.124     4.809 f  u_ray_march/g0_b1_i_261/O
                         net (fo=93, unplaced)        1.000     5.809    u_ray_march/g0_b1_i_261_n_0
                         LUT6 (Prop_lut6_I0_O)        0.124     5.933 r  u_ray_march/p_0_out_inferred__1/g0_b1_i_743/O
                         net (fo=1, unplaced)         0.902     6.835    u_ray_march/p_0_out_inferred__1/g0_b1_i_743_n_0
                         LUT6 (Prop_lut6_I0_O)        0.124     6.959 r  u_ray_march/p_0_out_inferred__1/g0_b1_i_359/O
                         net (fo=3, unplaced)         0.920     7.879    u_ray_march/p_0_out_inferred__1/g0_b1_i_359_n_0
                         LUT5 (Prop_lut5_I0_O)        0.124     8.003 r  u_ray_march/p_0_out_inferred__1/g0_b1_i_143/O
                         net (fo=1, unplaced)         0.902     8.905    u_ray_march/p_0_out_inferred__1/g0_b1_i_143_n_0
                         LUT6 (Prop_lut6_I0_O)        0.124     9.029 r  u_ray_march/p_0_out_inferred__1/g0_b1_i_55/O
                         net (fo=1, unplaced)         0.902     9.931    u_ray_march/p_0_out_inferred__1/g0_b1_i_55_n_0
                         LUT5 (Prop_lut5_I4_O)        0.124    10.055 r  u_ray_march/p_0_out_inferred__1/g0_b1_i_23/O
                         net (fo=1, unplaced)         0.902    10.957    u_ray_march/p_0_out_inferred__1/g0_b1_i_23_n_0
                         LUT6 (Prop_lut6_I0_O)        0.124    11.081 r  u_ray_march/p_0_out_inferred__1/g0_b1_i_7/O
                         net (fo=1, unplaced)         0.449    11.530    u_ray_march/p_0_out_inferred__1/g0_b1_i_7_n_0
                         LUT6 (Prop_lut6_I5_O)        0.124    11.654 r  u_ray_march/p_0_out_inferred__1/g0_b1_i_1/O
                         net (fo=31, unplaced)        0.519    12.173    u_ray_march/sel[0]
                         LUT6 (Prop_lut6_I0_O)        0.124    12.297 r  u_ray_march/g0_b1__0/O
                         net (fo=2, unplaced)         0.460    12.757    u_ray_march/p_0_out[1]
                         LUT4 (Prop_lut4_I0_O)        0.124    12.881 r  u_ray_march/y[0]_i_8/O
                         net (fo=1, unplaced)         0.000    12.881    u_ray_march/y[0]_i_8_n_0
                         CARRY4 (Prop_carry4_S[1]_CO[3])
                                                      0.550    13.431 r  u_ray_march/y_reg[0]_i_1/CO[3]
                         net (fo=1, unplaced)         0.009    13.440    u_ray_march/y_reg[0]_i_1_n_0
                         CARRY4 (Prop_carry4_CI_CO[3])
                                                      0.114    13.554 r  u_ray_march/y_reg[4]_i_1/CO[3]
                         net (fo=1, unplaced)         0.000    13.554    u_ray_march/y_reg[4]_i_1_n_0
                         CARRY4 (Prop_carry4_CI_O[0])
                                                      0.235    13.789 r  u_ray_march/y_reg[8]_i_1/O[0]
                         net (fo=2, unplaced)         0.345    14.134    u_ray_march/y_reg[8]_i_1_n_7
                         FDCE                                         r  u_ray_march/y_reg[8]_rep/D
  -------------------------------------------------------------------    -------------------

                         (clock clk rise edge)       10.000    10.000 r  
                                                      0.000    10.000 r  clk (IN)
                         net (fo=0)                   0.000    10.000    clk
                         IBUF (Prop_ibuf_I_O)         0.840    10.840 r  clk_IBUF_inst/O
                         net (fo=1, unplaced)         0.760    11.599    clk_IBUF
                         BUFG (Prop_bufg_I_O)         0.091    11.690 r  clk_IBUF_BUFG_inst/O
                         net (fo=257, unplaced)       0.439    12.129    u_ray_march/clk_IBUF_BUFG
                         FDCE                                         r  u_ray_march/y_reg[8]_rep/C
                         clock pessimism              0.179    12.308    
                         clock uncertainty           -0.035    12.273    
                         FDCE (Setup_fdce_C_D)       -0.235    12.038    u_ray_march/y_reg[8]_rep
  -------------------------------------------------------------------
                         required time                         12.038    
                         arrival time                         -14.134    
  -------------------------------------------------------------------
                         slack                                 -2.096    

Slack (VIOLATED) :        -1.795ns  (required time - arrival time)
  Source:                 u_ray_march/y_reg[16]/C
                            (rising edge-triggered cell FDCE clocked by clk  {rise@0.000ns fall@5.000ns period=10.000ns})
  Destination:            u_ray_march/x_reg[17]/D
                            (rising edge-triggered cell FDCE clocked by clk  {rise@0.000ns fall@5.000ns period=10.000ns})
  Path Group:             clk
  Path Type:              Setup (Max at Slow Process Corner)
  Requirement:            10.000ns  (clk rise@10.000ns - clk rise@0.000ns)
  Data Path Delay:        11.677ns  (logic 3.231ns (27.670%)  route 8.446ns (72.330%))
  Logic Levels:           16  (CARRY4=5 LUT3=1 LUT4=1 LUT5=2 LUT6=7)
  Clock Path Skew:        -0.145ns (DCD - SCD + CPR)
    Destination Clock Delay (DCD):    2.129ns = ( 12.129 - 10.000 ) 
    Source Clock Delay      (SCD):    2.453ns
    Clock Pessimism Removal (CPR):    0.179ns
  Clock Uncertainty:      0.035ns  ((TSJ^2 + TIJ^2)^1/2 + DJ) / 2 + PE
    Total System Jitter     (TSJ):    0.071ns
    Total Input Jitter      (TIJ):    0.000ns
    Discrete Jitter          (DJ):    0.000ns
    Phase Error              (PE):    0.000ns

    Location             Delay type                Incr(ns)  Path(ns)    Netlist Resource(s)
  -------------------------------------------------------------------    -------------------
                         (clock clk rise edge)        0.000     0.000 r  
                                                      0.000     0.000 r  clk (IN)
                         net (fo=0)                   0.000     0.000    clk
                         IBUF (Prop_ibuf_I_O)         0.973     0.973 r  clk_IBUF_inst/O
                         net (fo=1, unplaced)         0.800     1.773    clk_IBUF
                         BUFG (Prop_bufg_I_O)         0.096     1.869 r  clk_IBUF_BUFG_inst/O
                         net (fo=257, unplaced)       0.584     2.453    u_ray_march/clk_IBUF_BUFG
                         FDCE                                         r  u_ray_march/y_reg[16]/C
  -------------------------------------------------------------------    -------------------
                         FDCE (Prop_fdce_C_Q)         0.456     2.909 r  u_ray_march/y_reg[16]/Q
                         net (fo=2, unplaced)         0.976     3.885    u_ray_march/y_reg[16]
                         LUT6 (Prop_lut6_I0_O)        0.295     4.180 r  u_ray_march/g0_b1_i_16/O
                         net (fo=58, unplaced)        0.505     4.685    u_ray_march/g0_b1_i_16_n_0
                         LUT3 (Prop_lut3_I1_O)        0.124     4.809 f  u_ray_march/g0_b1_i_261/O
                         net (fo=93, unplaced)        1.000     5.809    u_ray_march/g0_b1_i_261_n_0
                         LUT6 (Prop_lut6_I0_O)        0.124     5.933 r  u_ray_march/p_0_out_inferred__1/g0_b1_i_743/O
                         net (fo=1, unplaced)         0.902     6.835    u_ray_march/p_0_out_inferred__1/g0_b1_i_743_n_0
                         LUT6 (Prop_lut6_I0_O)        0.124     6.959 r  u_ray_march/p_0_out_inferred__1/g0_b1_i_359/O
                         net (fo=3, unplaced)         0.920     7.879    u_ray_march/p_0_out_inferred__1/g0_b1_i_359_n_0
                         LUT5 (Prop_lut5_I0_O)        0.124     8.003 r  u_ray_march/p_0_out_inferred__1/g0_b1_i_143/O
                         net (fo=1, unplaced)         0.902     8.905    u_ray_march/p_0_out_inferred__1/g0_b1_i_143_n_0
                         LUT6 (Prop_lut6_I0_O)        0.124     9.029 r  u_ray_march/p_0_out_inferred__1/g0_b1_i_55/O
                         net (fo=1, unplaced)         0.902     9.931    u_ray_march/p_0_out_inferred__1/g0_b1_i_55_n_0
                         LUT5 (Prop_lut5_I4_O)        0.124    10.055 r  u_ray_march/p_0_out_inferred__1/g0_b1_i_23/O
                         net (fo=1, unplaced)         0.902    10.957    u_ray_march/p_0_out_inferred__1/g0_b1_i_23_n_0
                         LUT6 (Prop_lut6_I0_O)        0.124    11.081 r  u_ray_march/p_0_out_inferred__1/g0_b1_i_7/O
                         net (fo=1, unplaced)         0.449    11.530    u_ray_march/p_0_out_inferred__1/g0_b1_i_7_n_0
                         LUT6 (Prop_lut6_I5_O)        0.124    11.654 r  u_ray_march/p_0_out_inferred__1/g0_b1_i_1/O
                         net (fo=31, unplaced)        0.519    12.173    u_ray_march/sel[0]
                         LUT6 (Prop_lut6_I0_O)        0.124    12.297 r  u_ray_march/g0_b1/O
                         net (fo=2, unplaced)         0.460    12.757    u_ray_march/g0_b1_n_0
                         LUT4 (Prop_lut4_I0_O)        0.124    12.881 r  u_ray_march/x[0]_i_9/O
                         net (fo=1, unplaced)         0.000    12.881    u_ray_march/x[0]_i_9_n_0
                         CARRY4 (Prop_carry4_S[1]_CO[3])
                                                      0.550    13.431 r  u_ray_march/x_reg[0]_i_2/CO[3]
                         net (fo=1, unplaced)         0.009    13.440    u_ray_march/x_reg[0]_i_2_n_0
                         CARRY4 (Prop_carry4_CI_CO[3])
                                                      0.114    13.554 r  u_ray_march/x_reg[4]_i_1/CO[3]
                         net (fo=1, unplaced)         0.000    13.554    u_ray_march/x_reg[4]_i_1_n_0
                         CARRY4 (Prop_carry4_CI_CO[3])
                                                      0.114    13.668 r  u_ray_march/x_reg[8]_i_1/CO[3]
                         net (fo=1, unplaced)         0.000    13.668    u_ray_march/x_reg[8]_i_1_n_0
                         CARRY4 (Prop_carry4_CI_CO[3])
                                                      0.114    13.782 r  u_ray_march/x_reg[12]_i_1/CO[3]
                         net (fo=1, unplaced)         0.000    13.782    u_ray_march/x_reg[12]_i_1_n_0
                         CARRY4 (Prop_carry4_CI_O[1])
                                                      0.348    14.130 r  u_ray_march/x_reg[16]_i_1/O[1]
                         net (fo=1, unplaced)         0.000    14.130    u_ray_march/x_reg[16]_i_1_n_6
                         FDCE                                         r  u_ray_march/x_reg[17]/D
  -------------------------------------------------------------------    -------------------

                         (clock clk rise edge)       10.000    10.000 r  
                                                      0.000    10.000 r  clk (IN)
                         net (fo=0)                   0.000    10.000    clk
                         IBUF (Prop_ibuf_I_O)         0.840    10.840 r  clk_IBUF_inst/O
                         net (fo=1, unplaced)         0.760    11.599    clk_IBUF
                         BUFG (Prop_bufg_I_O)         0.091    11.690 r  clk_IBUF_BUFG_inst/O
                         net (fo=257, unplaced)       0.439    12.129    u_ray_march/clk_IBUF_BUFG
                         FDCE                                         r  u_ray_march/x_reg[17]/C
                         clock pessimism              0.179    12.308    
                         clock uncertainty           -0.035    12.273    
                         FDCE (Setup_fdce_C_D)        0.062    12.335    u_ray_march/x_reg[17]
  -------------------------------------------------------------------
                         required time                         12.335    
                         arrival time                         -14.130    
  -------------------------------------------------------------------
                         slack                                 -1.795    

Slack (VIOLATED) :        -1.795ns  (required time - arrival time)
  Source:                 u_ray_march/y_reg[16]/C
                            (rising edge-triggered cell FDCE clocked by clk  {rise@0.000ns fall@5.000ns period=10.000ns})
  Destination:            u_ray_march/y_reg[17]/D
                            (rising edge-triggered cell FDCE clocked by clk  {rise@0.000ns fall@5.000ns period=10.000ns})
  Path Group:             clk
  Path Type:              Setup (Max at Slow Process Corner)
  Requirement:            10.000ns  (clk rise@10.000ns - clk rise@0.000ns)
  Data Path Delay:        11.677ns  (logic 3.231ns (27.670%)  route 8.446ns (72.330%))
  Logic Levels:           16  (CARRY4=5 LUT3=1 LUT4=1 LUT5=2 LUT6=7)
  Clock Path Skew:        -0.145ns (DCD - SCD + CPR)
    Destination Clock Delay (DCD):    2.129ns = ( 12.129 - 10.000 ) 
    Source Clock Delay      (SCD):    2.453ns
    Clock Pessimism Removal (CPR):    0.179ns
  Clock Uncertainty:      0.035ns  ((TSJ^2 + TIJ^2)^1/2 + DJ) / 2 + PE
    Total System Jitter     (TSJ):    0.071ns
    Total Input Jitter      (TIJ):    0.000ns
    Discrete Jitter          (DJ):    0.000ns
    Phase Error              (PE):    0.000ns

    Location             Delay type                Incr(ns)  Path(ns)    Netlist Resource(s)
  -------------------------------------------------------------------    -------------------
                         (clock clk rise edge)        0.000     0.000 r  
                                                      0.000     0.000 r  clk (IN)
                         net (fo=0)                   0.000     0.000    clk
                         IBUF (Prop_ibuf_I_O)         0.973     0.973 r  clk_IBUF_inst/O
                         net (fo=1, unplaced)         0.800     1.773    clk_IBUF
                         BUFG (Prop_bufg_I_O)         0.096     1.869 r  clk_IBUF_BUFG_inst/O
                         net (fo=257, unplaced)       0.584     2.453    u_ray_march/clk_IBUF_BUFG
                         FDCE                                         r  u_ray_march/y_reg[16]/C
  -------------------------------------------------------------------    -------------------
                         FDCE (Prop_fdce_C_Q)         0.456     2.909 r  u_ray_march/y_reg[16]/Q
                         net (fo=2, unplaced)         0.976     3.885    u_ray_march/y_reg[16]
                         LUT6 (Prop_lut6_I0_O)        0.295     4.180 r  u_ray_march/g0_b1_i_16/O
                         net (fo=58, unplaced)        0.505     4.685    u_ray_march/g0_b1_i_16_n_0
                         LUT3 (Prop_lut3_I1_O)        0.124     4.809 f  u_ray_march/g0_b1_i_261/O
                         net (fo=93, unplaced)        1.000     5.809    u_ray_march/g0_b1_i_261_n_0
                         LUT6 (Prop_lut6_I0_O)        0.124     5.933 r  u_ray_march/p_0_out_inferred__1/g0_b1_i_743/O
                         net (fo=1, unplaced)         0.902     6.835    u_ray_march/p_0_out_inferred__1/g0_b1_i_743_n_0
                         LUT6 (Prop_lut6_I0_O)        0.124     6.959 r  u_ray_march/p_0_out_inferred__1/g0_b1_i_359/O
                         net (fo=3, unplaced)         0.920     7.879    u_ray_march/p_0_out_inferred__1/g0_b1_i_359_n_0
                         LUT5 (Prop_lut5_I0_O)        0.124     8.003 r  u_ray_march/p_0_out_inferred__1/g0_b1_i_143/O
                         net (fo=1, unplaced)         0.902     8.905    u_ray_march/p_0_out_inferred__1/g0_b1_i_143_n_0
                         LUT6 (Prop_lut6_I0_O)        0.124     9.029 r  u_ray_march/p_0_out_inferred__1/g0_b1_i_55/O
                         net (fo=1, unplaced)         0.902     9.931    u_ray_march/p_0_out_inferred__1/g0_b1_i_55_n_0
                         LUT5 (Prop_lut5_I4_O)        0.124    10.055 r  u_ray_march/p_0_out_inferred__1/g0_b1_i_23/O
                         net (fo=1, unplaced)         0.902    10.957    u_ray_march/p_0_out_inferred__1/g0_b1_i_23_n_0
                         LUT6 (Prop_lut6_I0_O)        0.124    11.081 r  u_ray_march/p_0_out_inferred__1/g0_b1_i_7/O
                         net (fo=1, unplaced)         0.449    11.530    u_ray_march/p_0_out_inferred__1/g0_b1_i_7_n_0
                         LUT6 (Prop_lut6_I5_O)        0.124    11.654 r  u_ray_march/p_0_out_inferred__1/g0_b1_i_1/O
                         net (fo=31, unplaced)        0.519    12.173    u_ray_march/sel[0]
                         LUT6 (Prop_lut6_I0_O)        0.124    12.297 r  u_ray_march/g0_b1__0/O
                         net (fo=2, unplaced)         0.460    12.757    u_ray_march/p_0_out[1]
                         LUT4 (Prop_lut4_I0_O)        0.124    12.881 r  u_ray_march/y[0]_i_8/O
                         net (fo=1, unplaced)         0.000    12.881    u_ray_march/y[0]_i_8_n_0
                         CARRY4 (Prop_carry4_S[1]_CO[3])
                                                      0.550    13.431 r  u_ray_march/y_reg[0]_i_1/CO[3]
                         net (fo=1, unplaced)         0.009    13.440    u_ray_march/y_reg[0]_i_1_n_0
                         CARRY4 (Prop_carry4_CI_CO[3])
                                                      0.114    13.554 r  u_ray_march/y_reg[4]_i_1/CO[3]
                         net (fo=1, unplaced)         0.000    13.554    u_ray_march/y_reg[4]_i_1_n_0
                         CARRY4 (Prop_carry4_CI_CO[3])
                                                      0.114    13.668 r  u_ray_march/y_reg[8]_i_1/CO[3]
                         net (fo=1, unplaced)         0.000    13.668    u_ray_march/y_reg[8]_i_1_n_0
                         CARRY4 (Prop_carry4_CI_CO[3])
                                                      0.114    13.782 r  u_ray_march/y_reg[12]_i_1/CO[3]
                         net (fo=1, unplaced)         0.000    13.782    u_ray_march/y_reg[12]_i_1_n_0
                         CARRY4 (Prop_carry4_CI_O[1])
                                                      0.348    14.130 r  u_ray_march/y_reg[16]_i_1/O[1]
                         net (fo=1, unplaced)         0.000    14.130    u_ray_march/y_reg[16]_i_1_n_6
                         FDCE                                         r  u_ray_march/y_reg[17]/D
  -------------------------------------------------------------------    -------------------

                         (clock clk rise edge)       10.000    10.000 r  
                                                      0.000    10.000 r  clk (IN)
                         net (fo=0)                   0.000    10.000    clk
                         IBUF (Prop_ibuf_I_O)         0.840    10.840 r  clk_IBUF_inst/O
                         net (fo=1, unplaced)         0.760    11.599    clk_IBUF
                         BUFG (Prop_bufg_I_O)         0.091    11.690 r  clk_IBUF_BUFG_inst/O
                         net (fo=257, unplaced)       0.439    12.129    u_ray_march/clk_IBUF_BUFG
                         FDCE                                         r  u_ray_march/y_reg[17]/C
                         clock pessimism              0.179    12.308    
                         clock uncertainty           -0.035    12.273    
                         FDCE (Setup_fdce_C_D)        0.062    12.335    u_ray_march/y_reg[17]
  -------------------------------------------------------------------
                         required time                         12.335    
                         arrival time                         -14.130    
  -------------------------------------------------------------------
                         slack                                 -1.795    

Slack (VIOLATED) :        -1.682ns  (required time - arrival time)
  Source:                 u_ray_march/y_reg[16]/C
                            (rising edge-triggered cell FDCE clocked by clk  {rise@0.000ns fall@5.000ns period=10.000ns})
  Destination:            u_ray_march/x_reg[16]/D
                            (rising edge-triggered cell FDCE clocked by clk  {rise@0.000ns fall@5.000ns period=10.000ns})
  Path Group:             clk
  Path Type:              Setup (Max at Slow Process Corner)
  Requirement:            10.000ns  (clk rise@10.000ns - clk rise@0.000ns)
  Data Path Delay:        11.564ns  (logic 3.118ns (26.963%)  route 8.446ns (73.037%))
  Logic Levels:           16  (CARRY4=5 LUT3=1 LUT4=1 LUT5=2 LUT6=7)
  Clock Path Skew:        -0.145ns (DCD - SCD + CPR)
    Destination Clock Delay (DCD):    2.129ns = ( 12.129 - 10.000 ) 
    Source Clock Delay      (SCD):    2.453ns
    Clock Pessimism Removal (CPR):    0.179ns
  Clock Uncertainty:      0.035ns  ((TSJ^2 + TIJ^2)^1/2 + DJ) / 2 + PE
    Total System Jitter     (TSJ):    0.071ns
    Total Input Jitter      (TIJ):    0.000ns
    Discrete Jitter          (DJ):    0.000ns
    Phase Error              (PE):    0.000ns

    Location             Delay type                Incr(ns)  Path(ns)    Netlist Resource(s)
  -------------------------------------------------------------------    -------------------
                         (clock clk rise edge)        0.000     0.000 r  
                                                      0.000     0.000 r  clk (IN)
                         net (fo=0)                   0.000     0.000    clk
                         IBUF (Prop_ibuf_I_O)         0.973     0.973 r  clk_IBUF_inst/O
                         net (fo=1, unplaced)         0.800     1.773    clk_IBUF
                         BUFG (Prop_bufg_I_O)         0.096     1.869 r  clk_IBUF_BUFG_inst/O
                         net (fo=257, unplaced)       0.584     2.453    u_ray_march/clk_IBUF_BUFG
                         FDCE                                         r  u_ray_march/y_reg[16]/C
  -------------------------------------------------------------------    -------------------
                         FDCE (Prop_fdce_C_Q)         0.456     2.909 r  u_ray_march/y_reg[16]/Q
                         net (fo=2, unplaced)         0.976     3.885    u_ray_march/y_reg[16]
                         LUT6 (Prop_lut6_I0_O)        0.295     4.180 r  u_ray_march/g0_b1_i_16/O
                         net (fo=58, unplaced)        0.505     4.685    u_ray_march/g0_b1_i_16_n_0
                         LUT3 (Prop_lut3_I1_O)        0.124     4.809 f  u_ray_march/g0_b1_i_261/O
                         net (fo=93, unplaced)        1.000     5.809    u_ray_march/g0_b1_i_261_n_0
                         LUT6 (Prop_lut6_I0_O)        0.124     5.933 r  u_ray_march/p_0_out_inferred__1/g0_b1_i_743/O
                         net (fo=1, unplaced)         0.902     6.835    u_ray_march/p_0_out_inferred__1/g0_b1_i_743_n_0
                         LUT6 (Prop_lut6_I0_O)        0.124     6.959 r  u_ray_march/p_0_out_inferred__1/g0_b1_i_359/O
                         net (fo=3, unplaced)         0.920     7.879    u_ray_march/p_0_out_inferred__1/g0_b1_i_359_n_0
                         LUT5 (Prop_lut5_I0_O)        0.124     8.003 r  u_ray_march/p_0_out_inferred__1/g0_b1_i_143/O
                         net (fo=1, unplaced)         0.902     8.905    u_ray_march/p_0_out_inferred__1/g0_b1_i_143_n_0
                         LUT6 (Prop_lut6_I0_O)        0.124     9.029 r  u_ray_march/p_0_out_inferred__1/g0_b1_i_55/O
                         net (fo=1, unplaced)         0.902     9.931    u_ray_march/p_0_out_inferred__1/g0_b1_i_55_n_0
                         LUT5 (Prop_lut5_I4_O)        0.124    10.055 r  u_ray_march/p_0_out_inferred__1/g0_b1_i_23/O
                         net (fo=1, unplaced)         0.902    10.957    u_ray_march/p_0_out_inferred__1/g0_b1_i_23_n_0
                         LUT6 (Prop_lut6_I0_O)        0.124    11.081 r  u_ray_march/p_0_out_inferred__1/g0_b1_i_7/O
                         net (fo=1, unplaced)         0.449    11.530    u_ray_march/p_0_out_inferred__1/g0_b1_i_7_n_0
                         LUT6 (Prop_lut6_I5_O)        0.124    11.654 r  u_ray_march/p_0_out_inferred__1/g0_b1_i_1/O
                         net (fo=31, unplaced)        0.519    12.173    u_ray_march/sel[0]
                         LUT6 (Prop_lut6_I0_O)        0.124    12.297 r  u_ray_march/g0_b1/O
                         net (fo=2, unplaced)         0.460    12.757    u_ray_march/g0_b1_n_0
                         LUT4 (Prop_lut4_I0_O)        0.124    12.881 r  u_ray_march/x[0]_i_9/O
                         net (fo=1, unplaced)         0.000    12.881    u_ray_march/x[0]_i_9_n_0
                         CARRY4 (Prop_carry4_S[1]_CO[3])
                                                      0.550    13.431 r  u_ray_march/x_reg[0]_i_2/CO[3]
                         net (fo=1, unplaced)         0.009    13.440    u_ray_march/x_reg[0]_i_2_n_0
                         CARRY4 (Prop_carry4_CI_CO[3])
                                                      0.114    13.554 r  u_ray_march/x_reg[4]_i_1/CO[3]
                         net (fo=1, unplaced)         0.000    13.554    u_ray_march/x_reg[4]_i_1_n_0
                         CARRY4 (Prop_carry4_CI_CO[3])
                                                      0.114    13.668 r  u_ray_march/x_reg[8]_i_1/CO[3]
                         net (fo=1, unplaced)         0.000    13.668    u_ray_march/x_reg[8]_i_1_n_0
                         CARRY4 (Prop_carry4_CI_CO[3])
                                                      0.114    13.782 r  u_ray_march/x_reg[12]_i_1/CO[3]
                         net (fo=1, unplaced)         0.000    13.782    u_ray_march/x_reg[12]_i_1_n_0
                         CARRY4 (Prop_carry4_CI_O[0])
                                                      0.235    14.017 r  u_ray_march/x_reg[16]_i_1/O[0]
                         net (fo=1, unplaced)         0.000    14.017    u_ray_march/x_reg[16]_i_1_n_7
                         FDCE                                         r  u_ray_march/x_reg[16]/D
  -------------------------------------------------------------------    -------------------

                         (clock clk rise edge)       10.000    10.000 r  
                                                      0.000    10.000 r  clk (IN)
                         net (fo=0)                   0.000    10.000    clk
                         IBUF (Prop_ibuf_I_O)         0.840    10.840 r  clk_IBUF_inst/O
                         net (fo=1, unplaced)         0.760    11.599    clk_IBUF
                         BUFG (Prop_bufg_I_O)         0.091    11.690 r  clk_IBUF_BUFG_inst/O
                         net (fo=257, unplaced)       0.439    12.129    u_ray_march/clk_IBUF_BUFG
                         FDCE                                         r  u_ray_march/x_reg[16]/C
                         clock pessimism              0.179    12.308    
                         clock uncertainty           -0.035    12.273    
                         FDCE (Setup_fdce_C_D)        0.062    12.335    u_ray_march/x_reg[16]
  -------------------------------------------------------------------
                         required time                         12.335    
                         arrival time                         -14.017    
  -------------------------------------------------------------------
                         slack                                 -1.682    

Slack (VIOLATED) :        -1.682ns  (required time - arrival time)
  Source:                 u_ray_march/y_reg[16]/C
                            (rising edge-triggered cell FDCE clocked by clk  {rise@0.000ns fall@5.000ns period=10.000ns})
  Destination:            u_ray_march/y_reg[16]/D
                            (rising edge-triggered cell FDCE clocked by clk  {rise@0.000ns fall@5.000ns period=10.000ns})
  Path Group:             clk
  Path Type:              Setup (Max at Slow Process Corner)
  Requirement:            10.000ns  (clk rise@10.000ns - clk rise@0.000ns)
  Data Path Delay:        11.564ns  (logic 3.118ns (26.963%)  route 8.446ns (73.037%))
  Logic Levels:           16  (CARRY4=5 LUT3=1 LUT4=1 LUT5=2 LUT6=7)
  Clock Path Skew:        -0.145ns (DCD - SCD + CPR)
    Destination Clock Delay (DCD):    2.129ns = ( 12.129 - 10.000 ) 
    Source Clock Delay      (SCD):    2.453ns
    Clock Pessimism Removal (CPR):    0.179ns
  Clock Uncertainty:      0.035ns  ((TSJ^2 + TIJ^2)^1/2 + DJ) / 2 + PE
    Total System Jitter     (TSJ):    0.071ns
    Total Input Jitter      (TIJ):    0.000ns
    Discrete Jitter          (DJ):    0.000ns
    Phase Error              (PE):    0.000ns

    Location             Delay type                Incr(ns)  Path(ns)    Netlist Resource(s)
  -------------------------------------------------------------------    -------------------
                         (clock clk rise edge)        0.000     0.000 r  
                                                      0.000     0.000 r  clk (IN)
                         net (fo=0)                   0.000     0.000    clk
                         IBUF (Prop_ibuf_I_O)         0.973     0.973 r  clk_IBUF_inst/O
                         net (fo=1, unplaced)         0.800     1.773    clk_IBUF
                         BUFG (Prop_bufg_I_O)         0.096     1.869 r  clk_IBUF_BUFG_inst/O
                         net (fo=257, unplaced)       0.584     2.453    u_ray_march/clk_IBUF_BUFG
                         FDCE                                         r  u_ray_march/y_reg[16]/C
  -------------------------------------------------------------------    -------------------
                         FDCE (Prop_fdce_C_Q)         0.456     2.909 r  u_ray_march/y_reg[16]/Q
                         net (fo=2, unplaced)         0.976     3.885    u_ray_march/y_reg[16]
                         LUT6 (Prop_lut6_I0_O)        0.295     4.180 r  u_ray_march/g0_b1_i_16/O
                         net (fo=58, unplaced)        0.505     4.685    u_ray_march/g0_b1_i_16_n_0
                         LUT3 (Prop_lut3_I1_O)        0.124     4.809 f  u_ray_march/g0_b1_i_261/O
                         net (fo=93, unplaced)        1.000     5.809    u_ray_march/g0_b1_i_261_n_0
                         LUT6 (Prop_lut6_I0_O)        0.124     5.933 r  u_ray_march/p_0_out_inferred__1/g0_b1_i_743/O
                         net (fo=1, unplaced)         0.902     6.835    u_ray_march/p_0_out_inferred__1/g0_b1_i_743_n_0
                         LUT6 (Prop_lut6_I0_O)        0.124     6.959 r  u_ray_march/p_0_out_inferred__1/g0_b1_i_359/O
                         net (fo=3, unplaced)         0.920     7.879    u_ray_march/p_0_out_inferred__1/g0_b1_i_359_n_0
                         LUT5 (Prop_lut5_I0_O)        0.124     8.003 r  u_ray_march/p_0_out_inferred__1/g0_b1_i_143/O
                         net (fo=1, unplaced)         0.902     8.905    u_ray_march/p_0_out_inferred__1/g0_b1_i_143_n_0
                         LUT6 (Prop_lut6_I0_O)        0.124     9.029 r  u_ray_march/p_0_out_inferred__1/g0_b1_i_55/O
                         net (fo=1, unplaced)         0.902     9.931    u_ray_march/p_0_out_inferred__1/g0_b1_i_55_n_0
                         LUT5 (Prop_lut5_I4_O)        0.124    10.055 r  u_ray_march/p_0_out_inferred__1/g0_b1_i_23/O
                         net (fo=1, unplaced)         0.902    10.957    u_ray_march/p_0_out_inferred__1/g0_b1_i_23_n_0
                         LUT6 (Prop_lut6_I0_O)        0.124    11.081 r  u_ray_march/p_0_out_inferred__1/g0_b1_i_7/O
                         net (fo=1, unplaced)         0.449    11.530    u_ray_march/p_0_out_inferred__1/g0_b1_i_7_n_0
                         LUT6 (Prop_lut6_I5_O)        0.124    11.654 r  u_ray_march/p_0_out_inferred__1/g0_b1_i_1/O
                         net (fo=31, unplaced)        0.519    12.173    u_ray_march/sel[0]
                         LUT6 (Prop_lut6_I0_O)        0.124    12.297 r  u_ray_march/g0_b1__0/O
                         net (fo=2, unplaced)         0.460    12.757    u_ray_march/p_0_out[1]
                         LUT4 (Prop_lut4_I0_O)        0.124    12.881 r  u_ray_march/y[0]_i_8/O
                         net (fo=1, unplaced)         0.000    12.881    u_ray_march/y[0]_i_8_n_0
                         CARRY4 (Prop_carry4_S[1]_CO[3])
                                                      0.550    13.431 r  u_ray_march/y_reg[0]_i_1/CO[3]
                         net (fo=1, unplaced)         0.009    13.440    u_ray_march/y_reg[0]_i_1_n_0
                         CARRY4 (Prop_carry4_CI_CO[3])
                                                      0.114    13.554 r  u_ray_march/y_reg[4]_i_1/CO[3]
                         net (fo=1, unplaced)         0.000    13.554    u_ray_march/y_reg[4]_i_1_n_0
                         CARRY4 (Prop_carry4_CI_CO[3])
                                                      0.114    13.668 r  u_ray_march/y_reg[8]_i_1/CO[3]
                         net (fo=1, unplaced)         0.000    13.668    u_ray_march/y_reg[8]_i_1_n_0
                         CARRY4 (Prop_carry4_CI_CO[3])
                                                      0.114    13.782 r  u_ray_march/y_reg[12]_i_1/CO[3]
                         net (fo=1, unplaced)         0.000    13.782    u_ray_march/y_reg[12]_i_1_n_0
                         CARRY4 (Prop_carry4_CI_O[0])
                                                      0.235    14.017 r  u_ray_march/y_reg[16]_i_1/O[0]
                         net (fo=1, unplaced)         0.000    14.017    u_ray_march/y_reg[16]_i_1_n_7
                         FDCE                                         r  u_ray_march/y_reg[16]/D
  -------------------------------------------------------------------    -------------------

                         (clock clk rise edge)       10.000    10.000 r  
                                                      0.000    10.000 r  clk (IN)
                         net (fo=0)                   0.000    10.000    clk
                         IBUF (Prop_ibuf_I_O)         0.840    10.840 r  clk_IBUF_inst/O
                         net (fo=1, unplaced)         0.760    11.599    clk_IBUF
                         BUFG (Prop_bufg_I_O)         0.091    11.690 r  clk_IBUF_BUFG_inst/O
                         net (fo=257, unplaced)       0.439    12.129    u_ray_march/clk_IBUF_BUFG
                         FDCE                                         r  u_ray_march/y_reg[16]/C
                         clock pessimism              0.179    12.308    
                         clock uncertainty           -0.035    12.273    
                         FDCE (Setup_fdce_C_D)        0.062    12.335    u_ray_march/y_reg[16]
  -------------------------------------------------------------------
                         required time                         12.335    
                         arrival time                         -14.017    
  -------------------------------------------------------------------
                         slack                                 -1.682    

Slack (VIOLATED) :        -1.681ns  (required time - arrival time)
  Source:                 u_ray_march/y_reg[16]/C
                            (rising edge-triggered cell FDCE clocked by clk  {rise@0.000ns fall@5.000ns period=10.000ns})
  Destination:            u_ray_march/x_reg[13]/D
                            (rising edge-triggered cell FDCE clocked by clk  {rise@0.000ns fall@5.000ns period=10.000ns})
  Path Group:             clk
  Path Type:              Setup (Max at Slow Process Corner)
  Requirement:            10.000ns  (clk rise@10.000ns - clk rise@0.000ns)
  Data Path Delay:        11.563ns  (logic 3.117ns (26.957%)  route 8.446ns (73.043%))
  Logic Levels:           15  (CARRY4=4 LUT3=1 LUT4=1 LUT5=2 LUT6=7)
  Clock Path Skew:        -0.145ns (DCD - SCD + CPR)
    Destination Clock Delay (DCD):    2.129ns = ( 12.129 - 10.000 ) 
    Source Clock Delay      (SCD):    2.453ns
    Clock Pessimism Removal (CPR):    0.179ns
  Clock Uncertainty:      0.035ns  ((TSJ^2 + TIJ^2)^1/2 + DJ) / 2 + PE
    Total System Jitter     (TSJ):    0.071ns
    Total Input Jitter      (TIJ):    0.000ns
    Discrete Jitter          (DJ):    0.000ns
    Phase Error              (PE):    0.000ns

    Location             Delay type                Incr(ns)  Path(ns)    Netlist Resource(s)
  -------------------------------------------------------------------    -------------------
                         (clock clk rise edge)        0.000     0.000 r  
                                                      0.000     0.000 r  clk (IN)
                         net (fo=0)                   0.000     0.000    clk
                         IBUF (Prop_ibuf_I_O)         0.973     0.973 r  clk_IBUF_inst/O
                         net (fo=1, unplaced)         0.800     1.773    clk_IBUF
                         BUFG (Prop_bufg_I_O)         0.096     1.869 r  clk_IBUF_BUFG_inst/O
                         net (fo=257, unplaced)       0.584     2.453    u_ray_march/clk_IBUF_BUFG
                         FDCE                                         r  u_ray_march/y_reg[16]/C
  -------------------------------------------------------------------    -------------------
                         FDCE (Prop_fdce_C_Q)         0.456     2.909 r  u_ray_march/y_reg[16]/Q
                         net (fo=2, unplaced)         0.976     3.885    u_ray_march/y_reg[16]
                         LUT6 (Prop_lut6_I0_O)        0.295     4.180 r  u_ray_march/g0_b1_i_16/O
                         net (fo=58, unplaced)        0.505     4.685    u_ray_march/g0_b1_i_16_n_0
                         LUT3 (Prop_lut3_I1_O)        0.124     4.809 f  u_ray_march/g0_b1_i_261/O
                         net (fo=93, unplaced)        1.000     5.809    u_ray_march/g0_b1_i_261_n_0
                         LUT6 (Prop_lut6_I0_O)        0.124     5.933 r  u_ray_march/p_0_out_inferred__1/g0_b1_i_743/O
                         net (fo=1, unplaced)         0.902     6.835    u_ray_march/p_0_out_inferred__1/g0_b1_i_743_n_0
                         LUT6 (Prop_lut6_I0_O)        0.124     6.959 r  u_ray_march/p_0_out_inferred__1/g0_b1_i_359/O
                         net (fo=3, unplaced)         0.920     7.879    u_ray_march/p_0_out_inferred__1/g0_b1_i_359_n_0
                         LUT5 (Prop_lut5_I0_O)        0.124     8.003 r  u_ray_march/p_0_out_inferred__1/g0_b1_i_143/O
                         net (fo=1, unplaced)         0.902     8.905    u_ray_march/p_0_out_inferred__1/g0_b1_i_143_n_0
                         LUT6 (Prop_lut6_I0_O)        0.124     9.029 r  u_ray_march/p_0_out_inferred__1/g0_b1_i_55/O
                         net (fo=1, unplaced)         0.902     9.931    u_ray_march/p_0_out_inferred__1/g0_b1_i_55_n_0
                         LUT5 (Prop_lut5_I4_O)        0.124    10.055 r  u_ray_march/p_0_out_inferred__1/g0_b1_i_23/O
                         net (fo=1, unplaced)         0.902    10.957    u_ray_march/p_0_out_inferred__1/g0_b1_i_23_n_0
                         LUT6 (Prop_lut6_I0_O)        0.124    11.081 r  u_ray_march/p_0_out_inferred__1/g0_b1_i_7/O
                         net (fo=1, unplaced)         0.449    11.530    u_ray_march/p_0_out_inferred__1/g0_b1_i_7_n_0
                         LUT6 (Prop_lut6_I5_O)        0.124    11.654 r  u_ray_march/p_0_out_inferred__1/g0_b1_i_1/O
                         net (fo=31, unplaced)        0.519    12.173    u_ray_march/sel[0]
                         LUT6 (Prop_lut6_I0_O)        0.124    12.297 r  u_ray_march/g0_b1/O
                         net (fo=2, unplaced)         0.460    12.757    u_ray_march/g0_b1_n_0
                         LUT4 (Prop_lut4_I0_O)        0.124    12.881 r  u_ray_march/x[0]_i_9/O
                         net (fo=1, unplaced)         0.000    12.881    u_ray_march/x[0]_i_9_n_0
                         CARRY4 (Prop_carry4_S[1]_CO[3])
                                                      0.550    13.431 r  u_ray_march/x_reg[0]_i_2/CO[3]
                         net (fo=1, unplaced)         0.009    13.440    u_ray_march/x_reg[0]_i_2_n_0
                         CARRY4 (Prop_carry4_CI_CO[3])
                                                      0.114    13.554 r  u_ray_march/x_reg[4]_i_1/CO[3]
                         net (fo=1, unplaced)         0.000    13.554    u_ray_march/x_reg[4]_i_1_n_0
                         CARRY4 (Prop_carry4_CI_CO[3])
                                                      0.114    13.668 r  u_ray_march/x_reg[8]_i_1/CO[3]
                         net (fo=1, unplaced)         0.000    13.668    u_ray_march/x_reg[8]_i_1_n_0
                         CARRY4 (Prop_carry4_CI_O[1])
                                                      0.348    14.016 r  u_ray_march/x_reg[12]_i_1/O[1]
                         net (fo=1, unplaced)         0.000    14.016    u_ray_march/x_reg[12]_i_1_n_6
                         FDCE                                         r  u_ray_march/x_reg[13]/D
  -------------------------------------------------------------------    -------------------

                         (clock clk rise edge)       10.000    10.000 r  
                                                      0.000    10.000 r  clk (IN)
                         net (fo=0)                   0.000    10.000    clk
                         IBUF (Prop_ibuf_I_O)         0.840    10.840 r  clk_IBUF_inst/O
                         net (fo=1, unplaced)         0.760    11.599    clk_IBUF
                         BUFG (Prop_bufg_I_O)         0.091    11.690 r  clk_IBUF_BUFG_inst/O
                         net (fo=257, unplaced)       0.439    12.129    u_ray_march/clk_IBUF_BUFG
                         FDCE                                         r  u_ray_march/x_reg[13]/C
                         clock pessimism              0.179    12.308    
                         clock uncertainty           -0.035    12.273    
                         FDCE (Setup_fdce_C_D)        0.062    12.335    u_ray_march/x_reg[13]
  -------------------------------------------------------------------
                         required time                         12.335    
                         arrival time                         -14.016    
  -------------------------------------------------------------------
                         slack                                 -1.681    





Min Delay Paths
--------------------------------------------------------------------------------------
Slack (MET) :             0.129ns  (arrival time - required time)
  Source:                 u_pe/weight_o_reg[11]/C
                            (rising edge-triggered cell FDCE clocked by clk  {rise@0.000ns fall@5.000ns period=10.000ns})
  Destination:            u_pe/weight_o_reg[11]/D
                            (rising edge-triggered cell FDCE clocked by clk  {rise@0.000ns fall@5.000ns period=10.000ns})
  Path Group:             clk
  Path Type:              Hold (Min at Fast Process Corner)
  Requirement:            0.000ns  (clk rise@0.000ns - clk rise@0.000ns)
  Data Path Delay:        0.379ns  (logic 0.249ns (65.656%)  route 0.130ns (34.344%))
  Logic Levels:           2  (CARRY4=1 LUT6=1)
  Clock Path Skew:        0.145ns (DCD - SCD - CPR)
    Destination Clock Delay (DCD):    1.034ns
    Source Clock Delay      (SCD):    0.679ns
    Clock Pessimism Removal (CPR):    0.210ns

    Location             Delay type                Incr(ns)  Path(ns)    Netlist Resource(s)
  -------------------------------------------------------------------    -------------------
                         (clock clk rise edge)        0.000     0.000 r  
                                                      0.000     0.000 r  clk (IN)
                         net (fo=0)                   0.000     0.000    clk
                         IBUF (Prop_ibuf_I_O)         0.202     0.202 r  clk_IBUF_inst/O
                         net (fo=1, unplaced)         0.337     0.539    clk_IBUF
                         BUFG (Prop_bufg_I_O)         0.026     0.565 r  clk_IBUF_BUFG_inst/O
                         net (fo=257, unplaced)       0.114     0.679    u_pe/clk_IBUF_BUFG
                         FDCE                                         r  u_pe/weight_o_reg[11]/C
  -------------------------------------------------------------------    -------------------
                         FDCE (Prop_fdce_C_Q)         0.141     0.820 r  u_pe/weight_o_reg[11]/Q
                         net (fo=2, unplaced)         0.130     0.950    u_table/weight_o_OBUF[11]
                         LUT6 (Prop_lut6_I5_O)        0.045     0.995 r  u_table/weight_o[8]_i_6/O
                         net (fo=1, unplaced)         0.000     0.995    u_table/weight_o[8]_i_6_n_0
                         CARRY4 (Prop_carry4_S[3]_O[3])
                                                      0.063     1.058 r  u_table/weight_o_reg[8]_i_1/O[3]
                         net (fo=1, unplaced)         0.000     1.058    u_pe/weight_o_reg[11]_0[3]
                         FDCE                                         r  u_pe/weight_o_reg[11]/D
  -------------------------------------------------------------------    -------------------

                         (clock clk rise edge)        0.000     0.000 r  
                                                      0.000     0.000 r  clk (IN)
                         net (fo=0)                   0.000     0.000    clk
                         IBUF (Prop_ibuf_I_O)         0.391     0.391 r  clk_IBUF_inst/O
                         net (fo=1, unplaced)         0.355     0.746    clk_IBUF
                         BUFG (Prop_bufg_I_O)         0.029     0.775 r  clk_IBUF_BUFG_inst/O
                         net (fo=257, unplaced)       0.259     1.034    u_pe/clk_IBUF_BUFG
                         FDCE                                         r  u_pe/weight_o_reg[11]/C
                         clock pessimism             -0.210     0.824    
                         FDCE (Hold_fdce_C_D)         0.105     0.929    u_pe/weight_o_reg[11]
  -------------------------------------------------------------------
                         required time                         -0.929    
                         arrival time                           1.058    
  -------------------------------------------------------------------
                         slack                                  0.129    

Slack (MET) :             0.129ns  (arrival time - required time)
  Source:                 u_pe/weight_o_reg[15]/C
                            (rising edge-triggered cell FDCE clocked by clk  {rise@0.000ns fall@5.000ns period=10.000ns})
  Destination:            u_pe/weight_o_reg[15]/D
                            (rising edge-triggered cell FDCE clocked by clk  {rise@0.000ns fall@5.000ns period=10.000ns})
  Path Group:             clk
  Path Type:              Hold (Min at Fast Process Corner)
  Requirement:            0.000ns  (clk rise@0.000ns - clk rise@0.000ns)
  Data Path Delay:        0.379ns  (logic 0.249ns (65.656%)  route 0.130ns (34.344%))
  Logic Levels:           2  (CARRY4=1 LUT6=1)
  Clock Path Skew:        0.145ns (DCD - SCD - CPR)
    Destination Clock Delay (DCD):    1.034ns
    Source Clock Delay      (SCD):    0.679ns
    Clock Pessimism Removal (CPR):    0.210ns

    Location             Delay type                Incr(ns)  Path(ns)    Netlist Resource(s)
  -------------------------------------------------------------------    -------------------
                         (clock clk rise edge)        0.000     0.000 r  
                                                      0.000     0.000 r  clk (IN)
                         net (fo=0)                   0.000     0.000    clk
                         IBUF (Prop_ibuf_I_O)         0.202     0.202 r  clk_IBUF_inst/O
                         net (fo=1, unplaced)         0.337     0.539    clk_IBUF
                         BUFG (Prop_bufg_I_O)         0.026     0.565 r  clk_IBUF_BUFG_inst/O
                         net (fo=257, unplaced)       0.114     0.679    u_pe/clk_IBUF_BUFG
                         FDCE                                         r  u_pe/weight_o_reg[15]/C
  -------------------------------------------------------------------    -------------------
                         FDCE (Prop_fdce_C_Q)         0.141     0.820 r  u_pe/weight_o_reg[15]/Q
                         net (fo=2, unplaced)         0.130     0.950    u_table/weight_o_OBUF[15]
                         LUT6 (Prop_lut6_I5_O)        0.045     0.995 r  u_table/weight_o[12]_i_3/O
                         net (fo=1, unplaced)         0.000     0.995    u_table/weight_o[12]_i_3_n_0
                         CARRY4 (Prop_carry4_S[3]_O[3])
                                                      0.063     1.058 r  u_table/weight_o_reg[12]_i_1/O[3]
                         net (fo=1, unplaced)         0.000     1.058    u_pe/weight_o_reg[15]_0[3]
                         FDCE                                         r  u_pe/weight_o_reg[15]/D
  -------------------------------------------------------------------    -------------------

                         (clock clk rise edge)        0.000     0.000 r  
                                                      0.000     0.000 r  clk (IN)
                         net (fo=0)                   0.000     0.000    clk
                         IBUF (Prop_ibuf_I_O)         0.391     0.391 r  clk_IBUF_inst/O
                         net (fo=1, unplaced)         0.355     0.746    clk_IBUF
                         BUFG (Prop_bufg_I_O)         0.029     0.775 r  clk_IBUF_BUFG_inst/O
                         net (fo=257, unplaced)       0.259     1.034    u_pe/clk_IBUF_BUFG
                         FDCE                                         r  u_pe/weight_o_reg[15]/C
                         clock pessimism             -0.210     0.824    
                         FDCE (Hold_fdce_C_D)         0.105     0.929    u_pe/weight_o_reg[15]
  -------------------------------------------------------------------
                         required time                         -0.929    
                         arrival time                           1.058    
  -------------------------------------------------------------------
                         slack                                  0.129    

Slack (MET) :             0.129ns  (arrival time - required time)
  Source:                 u_pe/weight_o_reg[19]/C
                            (rising edge-triggered cell FDCE clocked by clk  {rise@0.000ns fall@5.000ns period=10.000ns})
  Destination:            u_pe/weight_o_reg[19]/D
                            (rising edge-triggered cell FDCE clocked by clk  {rise@0.000ns fall@5.000ns period=10.000ns})
  Path Group:             clk
  Path Type:              Hold (Min at Fast Process Corner)
  Requirement:            0.000ns  (clk rise@0.000ns - clk rise@0.000ns)
  Data Path Delay:        0.379ns  (logic 0.249ns (65.656%)  route 0.130ns (34.344%))
  Logic Levels:           2  (CARRY4=1 LUT6=1)
  Clock Path Skew:        0.145ns (DCD - SCD - CPR)
    Destination Clock Delay (DCD):    1.034ns
    Source Clock Delay      (SCD):    0.679ns
    Clock Pessimism Removal (CPR):    0.210ns

    Location             Delay type                Incr(ns)  Path(ns)    Netlist Resource(s)
  -------------------------------------------------------------------    -------------------
                         (clock clk rise edge)        0.000     0.000 r  
                                                      0.000     0.000 r  clk (IN)
                         net (fo=0)                   0.000     0.000    clk
                         IBUF (Prop_ibuf_I_O)         0.202     0.202 r  clk_IBUF_inst/O
                         net (fo=1, unplaced)         0.337     0.539    clk_IBUF
                         BUFG (Prop_bufg_I_O)         0.026     0.565 r  clk_IBUF_BUFG_inst/O
                         net (fo=257, unplaced)       0.114     0.679    u_pe/clk_IBUF_BUFG
                         FDCE                                         r  u_pe/weight_o_reg[19]/C
  -------------------------------------------------------------------    -------------------
                         FDCE (Prop_fdce_C_Q)         0.141     0.820 r  u_pe/weight_o_reg[19]/Q
                         net (fo=2, unplaced)         0.130     0.950    u_table/weight_o_OBUF[19]
                         LUT6 (Prop_lut6_I5_O)        0.045     0.995 r  u_table/weight_o[16]_i_2/O
                         net (fo=1, unplaced)         0.000     0.995    u_table/weight_o[16]_i_2_n_0
                         CARRY4 (Prop_carry4_S[3]_O[3])
                                                      0.063     1.058 r  u_table/weight_o_reg[16]_i_1/O[3]
                         net (fo=1, unplaced)         0.000     1.058    u_pe/weight_o_reg[19]_0[3]
                         FDCE                                         r  u_pe/weight_o_reg[19]/D
  -------------------------------------------------------------------    -------------------

                         (clock clk rise edge)        0.000     0.000 r  
                                                      0.000     0.000 r  clk (IN)
                         net (fo=0)                   0.000     0.000    clk
                         IBUF (Prop_ibuf_I_O)         0.391     0.391 r  clk_IBUF_inst/O
                         net (fo=1, unplaced)         0.355     0.746    clk_IBUF
                         BUFG (Prop_bufg_I_O)         0.029     0.775 r  clk_IBUF_BUFG_inst/O
                         net (fo=257, unplaced)       0.259     1.034    u_pe/clk_IBUF_BUFG
                         FDCE                                         r  u_pe/weight_o_reg[19]/C
                         clock pessimism             -0.210     0.824    
                         FDCE (Hold_fdce_C_D)         0.105     0.929    u_pe/weight_o_reg[19]
  -------------------------------------------------------------------
                         required time                         -0.929    
                         arrival time                           1.058    
  -------------------------------------------------------------------
                         slack                                  0.129    

Slack (MET) :             0.129ns  (arrival time - required time)
  Source:                 u_pe/weight_o_reg[3]/C
                            (rising edge-triggered cell FDCE clocked by clk  {rise@0.000ns fall@5.000ns period=10.000ns})
  Destination:            u_pe/weight_o_reg[3]/D
                            (rising edge-triggered cell FDCE clocked by clk  {rise@0.000ns fall@5.000ns period=10.000ns})
  Path Group:             clk
  Path Type:              Hold (Min at Fast Process Corner)
  Requirement:            0.000ns  (clk rise@0.000ns - clk rise@0.000ns)
  Data Path Delay:        0.379ns  (logic 0.249ns (65.656%)  route 0.130ns (34.344%))
  Logic Levels:           2  (CARRY4=1 LUT6=1)
  Clock Path Skew:        0.145ns (DCD - SCD - CPR)
    Destination Clock Delay (DCD):    1.034ns
    Source Clock Delay      (SCD):    0.679ns
    Clock Pessimism Removal (CPR):    0.210ns

    Location             Delay type                Incr(ns)  Path(ns)    Netlist Resource(s)
  -------------------------------------------------------------------    -------------------
                         (clock clk rise edge)        0.000     0.000 r  
                                                      0.000     0.000 r  clk (IN)
                         net (fo=0)                   0.000     0.000    clk
                         IBUF (Prop_ibuf_I_O)         0.202     0.202 r  clk_IBUF_inst/O
                         net (fo=1, unplaced)         0.337     0.539    clk_IBUF
                         BUFG (Prop_bufg_I_O)         0.026     0.565 r  clk_IBUF_BUFG_inst/O
                         net (fo=257, unplaced)       0.114     0.679    u_pe/clk_IBUF_BUFG
                         FDCE                                         r  u_pe/weight_o_reg[3]/C
  -------------------------------------------------------------------    -------------------
                         FDCE (Prop_fdce_C_Q)         0.141     0.820 r  u_pe/weight_o_reg[3]/Q
                         net (fo=2, unplaced)         0.130     0.950    u_table/weight_o_OBUF[3]
                         LUT6 (Prop_lut6_I5_O)        0.045     0.995 r  u_table/weight_o[0]_i_7/O
                         net (fo=1, unplaced)         0.000     0.995    u_table/weight_o[0]_i_7_n_0
                         CARRY4 (Prop_carry4_S[3]_O[3])
                                                      0.063     1.058 r  u_table/weight_o_reg[0]_i_2/O[3]
                         net (fo=1, unplaced)         0.000     1.058    u_pe/O[3]
                         FDCE                                         r  u_pe/weight_o_reg[3]/D
  -------------------------------------------------------------------    -------------------

                         (clock clk rise edge)        0.000     0.000 r  
                                                      0.000     0.000 r  clk (IN)
                         net (fo=0)                   0.000     0.000    clk
                         IBUF (Prop_ibuf_I_O)         0.391     0.391 r  clk_IBUF_inst/O
                         net (fo=1, unplaced)         0.355     0.746    clk_IBUF
                         BUFG (Prop_bufg_I_O)         0.029     0.775 r  clk_IBUF_BUFG_inst/O
                         net (fo=257, unplaced)       0.259     1.034    u_pe/clk_IBUF_BUFG
                         FDCE                                         r  u_pe/weight_o_reg[3]/C
                         clock pessimism             -0.210     0.824    
                         FDCE (Hold_fdce_C_D)         0.105     0.929    u_pe/weight_o_reg[3]
  -------------------------------------------------------------------
                         required time                         -0.929    
                         arrival time                           1.058    
  -------------------------------------------------------------------
                         slack                                  0.129    

Slack (MET) :             0.129ns  (arrival time - required time)
  Source:                 u_pe/weight_o_reg[7]/C
                            (rising edge-triggered cell FDCE clocked by clk  {rise@0.000ns fall@5.000ns period=10.000ns})
  Destination:            u_pe/weight_o_reg[7]/D
                            (rising edge-triggered cell FDCE clocked by clk  {rise@0.000ns fall@5.000ns period=10.000ns})
  Path Group:             clk
  Path Type:              Hold (Min at Fast Process Corner)
  Requirement:            0.000ns  (clk rise@0.000ns - clk rise@0.000ns)
  Data Path Delay:        0.379ns  (logic 0.249ns (65.656%)  route 0.130ns (34.344%))
  Logic Levels:           2  (CARRY4=1 LUT6=1)
  Clock Path Skew:        0.145ns (DCD - SCD - CPR)
    Destination Clock Delay (DCD):    1.034ns
    Source Clock Delay      (SCD):    0.679ns
    Clock Pessimism Removal (CPR):    0.210ns

    Location             Delay type                Incr(ns)  Path(ns)    Netlist Resource(s)
  -------------------------------------------------------------------    -------------------
                         (clock clk rise edge)        0.000     0.000 r  
                                                      0.000     0.000 r  clk (IN)
                         net (fo=0)                   0.000     0.000    clk
                         IBUF (Prop_ibuf_I_O)         0.202     0.202 r  clk_IBUF_inst/O
                         net (fo=1, unplaced)         0.337     0.539    clk_IBUF
                         BUFG (Prop_bufg_I_O)         0.026     0.565 r  clk_IBUF_BUFG_inst/O
                         net (fo=257, unplaced)       0.114     0.679    u_pe/clk_IBUF_BUFG
                         FDCE                                         r  u_pe/weight_o_reg[7]/C
  -------------------------------------------------------------------    -------------------
                         FDCE (Prop_fdce_C_Q)         0.141     0.820 r  u_pe/weight_o_reg[7]/Q
                         net (fo=2, unplaced)         0.130     0.950    u_table/weight_o_OBUF[7]
                         LUT6 (Prop_lut6_I5_O)        0.045     0.995 r  u_table/weight_o[4]_i_6/O
                         net (fo=1, unplaced)         0.000     0.995    u_table/weight_o[4]_i_6_n_0
                         CARRY4 (Prop_carry4_S[3]_O[3])
                                                      0.063     1.058 r  u_table/weight_o_reg[4]_i_1/O[3]
                         net (fo=1, unplaced)         0.000     1.058    u_pe/weight_o_reg[7]_0[3]
                         FDCE                                         r  u_pe/weight_o_reg[7]/D
  -------------------------------------------------------------------    -------------------

                         (clock clk rise edge)        0.000     0.000 r  
                                                      0.000     0.000 r  clk (IN)
                         net (fo=0)                   0.000     0.000    clk
                         IBUF (Prop_ibuf_I_O)         0.391     0.391 r  clk_IBUF_inst/O
                         net (fo=1, unplaced)         0.355     0.746    clk_IBUF
                         BUFG (Prop_bufg_I_O)         0.029     0.775 r  clk_IBUF_BUFG_inst/O
                         net (fo=257, unplaced)       0.259     1.034    u_pe/clk_IBUF_BUFG
                         FDCE                                         r  u_pe/weight_o_reg[7]/C
                         clock pessimism             -0.210     0.824    
                         FDCE (Hold_fdce_C_D)         0.105     0.929    u_pe/weight_o_reg[7]
  -------------------------------------------------------------------
                         required time                         -0.929    
                         arrival time                           1.058    
  -------------------------------------------------------------------
                         slack                                  0.129    

Slack (MET) :             0.136ns  (arrival time - required time)
  Source:                 u_pe/weight_o_reg[0]/C
                            (rising edge-triggered cell FDCE clocked by clk  {rise@0.000ns fall@5.000ns period=10.000ns})
  Destination:            u_pe/weight_o_reg[0]/D
                            (rising edge-triggered cell FDCE clocked by clk  {rise@0.000ns fall@5.000ns period=10.000ns})
  Path Group:             clk
  Path Type:              Hold (Min at Fast Process Corner)
  Requirement:            0.000ns  (clk rise@0.000ns - clk rise@0.000ns)
  Data Path Delay:        0.386ns  (logic 0.256ns (66.351%)  route 0.130ns (33.649%))
  Logic Levels:           2  (CARRY4=1 LUT6=1)
  Clock Path Skew:        0.145ns (DCD - SCD - CPR)
    Destination Clock Delay (DCD):    1.034ns
    Source Clock Delay      (SCD):    0.679ns
    Clock Pessimism Removal (CPR):    0.210ns

    Location             Delay type                Incr(ns)  Path(ns)    Netlist Resource(s)
  -------------------------------------------------------------------    -------------------
                         (clock clk rise edge)        0.000     0.000 r  
                                                      0.000     0.000 r  clk (IN)
                         net (fo=0)                   0.000     0.000    clk
                         IBUF (Prop_ibuf_I_O)         0.202     0.202 r  clk_IBUF_inst/O
                         net (fo=1, unplaced)         0.337     0.539    clk_IBUF
                         BUFG (Prop_bufg_I_O)         0.026     0.565 r  clk_IBUF_BUFG_inst/O
                         net (fo=257, unplaced)       0.114     0.679    u_pe/clk_IBUF_BUFG
                         FDCE                                         r  u_pe/weight_o_reg[0]/C
  -------------------------------------------------------------------    -------------------
                         FDCE (Prop_fdce_C_Q)         0.141     0.820 r  u_pe/weight_o_reg[0]/Q
                         net (fo=2, unplaced)         0.130     0.950    u_table/weight_o_OBUF[0]
                         LUT6 (Prop_lut6_I5_O)        0.045     0.995 r  u_table/weight_o[0]_i_10/O
                         net (fo=1, unplaced)         0.000     0.995    u_table/weight_o[0]_i_10_n_0
                         CARRY4 (Prop_carry4_S[0]_O[0])
                                                      0.070     1.065 r  u_table/weight_o_reg[0]_i_2/O[0]
                         net (fo=1, unplaced)         0.000     1.065    u_pe/O[0]
                         FDCE                                         r  u_pe/weight_o_reg[0]/D
  -------------------------------------------------------------------    -------------------

                         (clock clk rise edge)        0.000     0.000 r  
                                                      0.000     0.000 r  clk (IN)
                         net (fo=0)                   0.000     0.000    clk
                         IBUF (Prop_ibuf_I_O)         0.391     0.391 r  clk_IBUF_inst/O
                         net (fo=1, unplaced)         0.355     0.746    clk_IBUF
                         BUFG (Prop_bufg_I_O)         0.029     0.775 r  clk_IBUF_BUFG_inst/O
                         net (fo=257, unplaced)       0.259     1.034    u_pe/clk_IBUF_BUFG
                         FDCE                                         r  u_pe/weight_o_reg[0]/C
                         clock pessimism             -0.210     0.824    
                         FDCE (Hold_fdce_C_D)         0.105     0.929    u_pe/weight_o_reg[0]
  -------------------------------------------------------------------
                         required time                         -0.929    
                         arrival time                           1.065    
  -------------------------------------------------------------------
                         slack                                  0.136    

Slack (MET) :             0.136ns  (arrival time - required time)
  Source:                 u_pe/weight_o_reg[12]/C
                            (rising edge-triggered cell FDCE clocked by clk  {rise@0.000ns fall@5.000ns period=10.000ns})
  Destination:            u_pe/weight_o_reg[12]/D
                            (rising edge-triggered cell FDCE clocked by clk  {rise@0.000ns fall@5.000ns period=10.000ns})
  Path Group:             clk
  Path Type:              Hold (Min at Fast Process Corner)
  Requirement:            0.000ns  (clk rise@0.000ns - clk rise@0.000ns)
  Data Path Delay:        0.386ns  (logic 0.256ns (66.351%)  route 0.130ns (33.649%))
  Logic Levels:           2  (CARRY4=1 LUT6=1)
  Clock Path Skew:        0.145ns (DCD - SCD - CPR)
    Destination Clock Delay (DCD):    1.034ns
    Source Clock Delay      (SCD):    0.679ns
    Clock Pessimism Removal (CPR):    0.210ns

    Location             Delay type                Incr(ns)  Path(ns)    Netlist Resource(s)
  -------------------------------------------------------------------    -------------------
                         (clock clk rise edge)        0.000     0.000 r  
                                                      0.000     0.000 r  clk (IN)
                         net (fo=0)                   0.000     0.000    clk
                         IBUF (Prop_ibuf_I_O)         0.202     0.202 r  clk_IBUF_inst/O
                         net (fo=1, unplaced)         0.337     0.539    clk_IBUF
                         BUFG (Prop_bufg_I_O)         0.026     0.565 r  clk_IBUF_BUFG_inst/O
                         net (fo=257, unplaced)       0.114     0.679    u_pe/clk_IBUF_BUFG
                         FDCE                                         r  u_pe/weight_o_reg[12]/C
  -------------------------------------------------------------------    -------------------
                         FDCE (Prop_fdce_C_Q)         0.141     0.820 r  u_pe/weight_o_reg[12]/Q
                         net (fo=2, unplaced)         0.130     0.950    u_table/weight_o_OBUF[12]
                         LUT6 (Prop_lut6_I5_O)        0.045     0.995 r  u_table/weight_o[12]_i_6/O
                         net (fo=1, unplaced)         0.000     0.995    u_table/weight_o[12]_i_6_n_0
                         CARRY4 (Prop_carry4_S[0]_O[0])
                                                      0.070     1.065 r  u_table/weight_o_reg[12]_i_1/O[0]
                         net (fo=1, unplaced)         0.000     1.065    u_pe/weight_o_reg[15]_0[0]
                         FDCE                                         r  u_pe/weight_o_reg[12]/D
  -------------------------------------------------------------------    -------------------

                         (clock clk rise edge)        0.000     0.000 r  
                                                      0.000     0.000 r  clk (IN)
                         net (fo=0)                   0.000     0.000    clk
                         IBUF (Prop_ibuf_I_O)         0.391     0.391 r  clk_IBUF_inst/O
                         net (fo=1, unplaced)         0.355     0.746    clk_IBUF
                         BUFG (Prop_bufg_I_O)         0.029     0.775 r  clk_IBUF_BUFG_inst/O
                         net (fo=257, unplaced)       0.259     1.034    u_pe/clk_IBUF_BUFG
                         FDCE                                         r  u_pe/weight_o_reg[12]/C
                         clock pessimism             -0.210     0.824    
                         FDCE (Hold_fdce_C_D)         0.105     0.929    u_pe/weight_o_reg[12]
  -------------------------------------------------------------------
                         required time                         -0.929    
                         arrival time                           1.065    
  -------------------------------------------------------------------
                         slack                                  0.136    

Slack (MET) :             0.136ns  (arrival time - required time)
  Source:                 u_pe/weight_o_reg[16]/C
                            (rising edge-triggered cell FDCE clocked by clk  {rise@0.000ns fall@5.000ns period=10.000ns})
  Destination:            u_pe/weight_o_reg[16]/D
                            (rising edge-triggered cell FDCE clocked by clk  {rise@0.000ns fall@5.000ns period=10.000ns})
  Path Group:             clk
  Path Type:              Hold (Min at Fast Process Corner)
  Requirement:            0.000ns  (clk rise@0.000ns - clk rise@0.000ns)
  Data Path Delay:        0.386ns  (logic 0.256ns (66.351%)  route 0.130ns (33.649%))
  Logic Levels:           2  (CARRY4=1 LUT6=1)
  Clock Path Skew:        0.145ns (DCD - SCD - CPR)
    Destination Clock Delay (DCD):    1.034ns
    Source Clock Delay      (SCD):    0.679ns
    Clock Pessimism Removal (CPR):    0.210ns

    Location             Delay type                Incr(ns)  Path(ns)    Netlist Resource(s)
  -------------------------------------------------------------------    -------------------
                         (clock clk rise edge)        0.000     0.000 r  
                                                      0.000     0.000 r  clk (IN)
                         net (fo=0)                   0.000     0.000    clk
                         IBUF (Prop_ibuf_I_O)         0.202     0.202 r  clk_IBUF_inst/O
                         net (fo=1, unplaced)         0.337     0.539    clk_IBUF
                         BUFG (Prop_bufg_I_O)         0.026     0.565 r  clk_IBUF_BUFG_inst/O
                         net (fo=257, unplaced)       0.114     0.679    u_pe/clk_IBUF_BUFG
                         FDCE                                         r  u_pe/weight_o_reg[16]/C
  -------------------------------------------------------------------    -------------------
                         FDCE (Prop_fdce_C_Q)         0.141     0.820 r  u_pe/weight_o_reg[16]/Q
                         net (fo=2, unplaced)         0.130     0.950    u_table/weight_o_OBUF[16]
                         LUT6 (Prop_lut6_I5_O)        0.045     0.995 r  u_table/weight_o[16]_i_5/O
                         net (fo=1, unplaced)         0.000     0.995    u_table/weight_o[16]_i_5_n_0
                         CARRY4 (Prop_carry4_S[0]_O[0])
                                                      0.070     1.065 r  u_table/weight_o_reg[16]_i_1/O[0]
                         net (fo=1, unplaced)         0.000     1.065    u_pe/weight_o_reg[19]_0[0]
                         FDCE                                         r  u_pe/weight_o_reg[16]/D
  -------------------------------------------------------------------    -------------------

                         (clock clk rise edge)        0.000     0.000 r  
                                                      0.000     0.000 r  clk (IN)
                         net (fo=0)                   0.000     0.000    clk
                         IBUF (Prop_ibuf_I_O)         0.391     0.391 r  clk_IBUF_inst/O
                         net (fo=1, unplaced)         0.355     0.746    clk_IBUF
                         BUFG (Prop_bufg_I_O)         0.029     0.775 r  clk_IBUF_BUFG_inst/O
                         net (fo=257, unplaced)       0.259     1.034    u_pe/clk_IBUF_BUFG
                         FDCE                                         r  u_pe/weight_o_reg[16]/C
                         clock pessimism             -0.210     0.824    
                         FDCE (Hold_fdce_C_D)         0.105     0.929    u_pe/weight_o_reg[16]
  -------------------------------------------------------------------
                         required time                         -0.929    
                         arrival time                           1.065    
  -------------------------------------------------------------------
                         slack                                  0.136    

Slack (MET) :             0.136ns  (arrival time - required time)
  Source:                 u_pe/weight_o_reg[4]/C
                            (rising edge-triggered cell FDCE clocked by clk  {rise@0.000ns fall@5.000ns period=10.000ns})
  Destination:            u_pe/weight_o_reg[4]/D
                            (rising edge-triggered cell FDCE clocked by clk  {rise@0.000ns fall@5.000ns period=10.000ns})
  Path Group:             clk
  Path Type:              Hold (Min at Fast Process Corner)
  Requirement:            0.000ns  (clk rise@0.000ns - clk rise@0.000ns)
  Data Path Delay:        0.386ns  (logic 0.256ns (66.351%)  route 0.130ns (33.649%))
  Logic Levels:           2  (CARRY4=1 LUT6=1)
  Clock Path Skew:        0.145ns (DCD - SCD - CPR)
    Destination Clock Delay (DCD):    1.034ns
    Source Clock Delay      (SCD):    0.679ns
    Clock Pessimism Removal (CPR):    0.210ns

    Location             Delay type                Incr(ns)  Path(ns)    Netlist Resource(s)
  -------------------------------------------------------------------    -------------------
                         (clock clk rise edge)        0.000     0.000 r  
                                                      0.000     0.000 r  clk (IN)
                         net (fo=0)                   0.000     0.000    clk
                         IBUF (Prop_ibuf_I_O)         0.202     0.202 r  clk_IBUF_inst/O
                         net (fo=1, unplaced)         0.337     0.539    clk_IBUF
                         BUFG (Prop_bufg_I_O)         0.026     0.565 r  clk_IBUF_BUFG_inst/O
                         net (fo=257, unplaced)       0.114     0.679    u_pe/clk_IBUF_BUFG
                         FDCE                                         r  u_pe/weight_o_reg[4]/C
  -------------------------------------------------------------------    -------------------
                         FDCE (Prop_fdce_C_Q)         0.141     0.820 r  u_pe/weight_o_reg[4]/Q
                         net (fo=2, unplaced)         0.130     0.950    u_table/weight_o_OBUF[4]
                         LUT6 (Prop_lut6_I5_O)        0.045     0.995 r  u_table/weight_o[4]_i_9/O
                         net (fo=1, unplaced)         0.000     0.995    u_table/weight_o[4]_i_9_n_0
                         CARRY4 (Prop_carry4_S[0]_O[0])
                                                      0.070     1.065 r  u_table/weight_o_reg[4]_i_1/O[0]
                         net (fo=1, unplaced)         0.000     1.065    u_pe/weight_o_reg[7]_0[0]
                         FDCE                                         r  u_pe/weight_o_reg[4]/D
  -------------------------------------------------------------------    -------------------

                         (clock clk rise edge)        0.000     0.000 r  
                                                      0.000     0.000 r  clk (IN)
                         net (fo=0)                   0.000     0.000    clk
                         IBUF (Prop_ibuf_I_O)         0.391     0.391 r  clk_IBUF_inst/O
                         net (fo=1, unplaced)         0.355     0.746    clk_IBUF
                         BUFG (Prop_bufg_I_O)         0.029     0.775 r  clk_IBUF_BUFG_inst/O
                         net (fo=257, unplaced)       0.259     1.034    u_pe/clk_IBUF_BUFG
                         FDCE                                         r  u_pe/weight_o_reg[4]/C
                         clock pessimism             -0.210     0.824    
                         FDCE (Hold_fdce_C_D)         0.105     0.929    u_pe/weight_o_reg[4]
  -------------------------------------------------------------------
                         required time                         -0.929    
                         arrival time                           1.065    
  -------------------------------------------------------------------
                         slack                                  0.136    

Slack (MET) :             0.136ns  (arrival time - required time)
  Source:                 u_pe/weight_o_reg[8]/C
                            (rising edge-triggered cell FDCE clocked by clk  {rise@0.000ns fall@5.000ns period=10.000ns})
  Destination:            u_pe/weight_o_reg[8]/D
                            (rising edge-triggered cell FDCE clocked by clk  {rise@0.000ns fall@5.000ns period=10.000ns})
  Path Group:             clk
  Path Type:              Hold (Min at Fast Process Corner)
  Requirement:            0.000ns  (clk rise@0.000ns - clk rise@0.000ns)
  Data Path Delay:        0.386ns  (logic 0.256ns (66.351%)  route 0.130ns (33.649%))
  Logic Levels:           2  (CARRY4=1 LUT6=1)
  Clock Path Skew:        0.145ns (DCD - SCD - CPR)
    Destination Clock Delay (DCD):    1.034ns
    Source Clock Delay      (SCD):    0.679ns
    Clock Pessimism Removal (CPR):    0.210ns

    Location             Delay type                Incr(ns)  Path(ns)    Netlist Resource(s)
  -------------------------------------------------------------------    -------------------
                         (clock clk rise edge)        0.000     0.000 r  
                                                      0.000     0.000 r  clk (IN)
                         net (fo=0)                   0.000     0.000    clk
                         IBUF (Prop_ibuf_I_O)         0.202     0.202 r  clk_IBUF_inst/O
                         net (fo=1, unplaced)         0.337     0.539    clk_IBUF
                         BUFG (Prop_bufg_I_O)         0.026     0.565 r  clk_IBUF_BUFG_inst/O
                         net (fo=257, unplaced)       0.114     0.679    u_pe/clk_IBUF_BUFG
                         FDCE                                         r  u_pe/weight_o_reg[8]/C
  -------------------------------------------------------------------    -------------------
                         FDCE (Prop_fdce_C_Q)         0.141     0.820 r  u_pe/weight_o_reg[8]/Q
                         net (fo=2, unplaced)         0.130     0.950    u_table/weight_o_OBUF[8]
                         LUT6 (Prop_lut6_I5_O)        0.045     0.995 r  u_table/weight_o[8]_i_9/O
                         net (fo=1, unplaced)         0.000     0.995    u_table/weight_o[8]_i_9_n_0
                         CARRY4 (Prop_carry4_S[0]_O[0])
                                                      0.070     1.065 r  u_table/weight_o_reg[8]_i_1/O[0]
                         net (fo=1, unplaced)         0.000     1.065    u_pe/weight_o_reg[11]_0[0]
                         FDCE                                         r  u_pe/weight_o_reg[8]/D
  -------------------------------------------------------------------    -------------------

                         (clock clk rise edge)        0.000     0.000 r  
                                                      0.000     0.000 r  clk (IN)
                         net (fo=0)                   0.000     0.000    clk
                         IBUF (Prop_ibuf_I_O)         0.391     0.391 r  clk_IBUF_inst/O
                         net (fo=1, unplaced)         0.355     0.746    clk_IBUF
                         BUFG (Prop_bufg_I_O)         0.029     0.775 r  clk_IBUF_BUFG_inst/O
                         net (fo=257, unplaced)       0.259     1.034    u_pe/clk_IBUF_BUFG
                         FDCE                                         r  u_pe/weight_o_reg[8]/C
                         clock pessimism             -0.210     0.824    
                         FDCE (Hold_fdce_C_D)         0.105     0.929    u_pe/weight_o_reg[8]
  -------------------------------------------------------------------
                         required time                         -0.929    
                         arrival time                           1.065    
  -------------------------------------------------------------------
                         slack                                  0.136    





Pulse Width Checks
--------------------------------------------------------------------------------------
Clock Name:         clk
Waveform(ns):       { 0.000 5.000 }
Period(ns):         10.000
Sources:            { clk }

Check Type        Corner  Lib Pin             Reference Pin  Required(ns)  Actual(ns)  Slack(ns)  Location  Pin
Min Period        n/a     RAMB36E1/CLKARDCLK  n/a            2.892         10.000      7.108                u_table/data_reg_0_0/CLKARDCLK
Min Period        n/a     RAMB36E1/CLKARDCLK  n/a            2.892         10.000      7.108                u_table/data_reg_0_1/CLKARDCLK
Min Period        n/a     RAMB36E1/CLKARDCLK  n/a            2.892         10.000      7.108                u_table/data_reg_0_10/CLKARDCLK
Min Period        n/a     RAMB36E1/CLKARDCLK  n/a            2.892         10.000      7.108                u_table/data_reg_0_11/CLKARDCLK
Min Period        n/a     RAMB36E1/CLKARDCLK  n/a            2.892         10.000      7.108                u_table/data_reg_0_12/CLKARDCLK
Min Period        n/a     RAMB36E1/CLKARDCLK  n/a            2.892         10.000      7.108                u_table/data_reg_0_2/CLKARDCLK
Min Period        n/a     RAMB36E1/CLKARDCLK  n/a            2.892         10.000      7.108                u_table/data_reg_0_3/CLKARDCLK
Min Period        n/a     RAMB36E1/CLKARDCLK  n/a            2.892         10.000      7.108                u_table/data_reg_0_4/CLKARDCLK
Min Period        n/a     RAMB36E1/CLKARDCLK  n/a            2.892         10.000      7.108                u_table/data_reg_0_5/CLKARDCLK
Min Period        n/a     RAMB36E1/CLKARDCLK  n/a            2.892         10.000      7.108                u_table/data_reg_0_6/CLKARDCLK
Low Pulse Width   Slow    FDPE/C              n/a            0.500         5.000       4.500                FSM_onehot_state_reg[0]/C
Low Pulse Width   Fast    FDPE/C              n/a            0.500         5.000       4.500                FSM_onehot_state_reg[0]/C
Low Pulse Width   Slow    FDCE/C              n/a            0.500         5.000       4.500                FSM_onehot_state_reg[1]/C
Low Pulse Width   Fast    FDCE/C              n/a            0.500         5.000       4.500                FSM_onehot_state_reg[1]/C
Low Pulse Width   Slow    FDCE/C              n/a            0.500         5.000       4.500                FSM_onehot_state_reg[2]/C
Low Pulse Width   Fast    FDCE/C              n/a            0.500         5.000       4.500                FSM_onehot_state_reg[2]/C
Low Pulse Width   Slow    FDCE/C              n/a            0.500         5.000       4.500                FSM_onehot_state_reg[3]/C
Low Pulse Width   Fast    FDCE/C              n/a            0.500         5.000       4.500                FSM_onehot_state_reg[3]/C
Low Pulse Width   Slow    FDCE/C              n/a            0.500         5.000       4.500                FSM_onehot_state_reg[4]/C
Low Pulse Width   Fast    FDCE/C              n/a            0.500         5.000       4.500                FSM_onehot_state_reg[4]/C
High Pulse Width  Slow    FDPE/C              n/a            0.500         5.000       4.500                FSM_onehot_state_reg[0]/C
High Pulse Width  Fast    FDPE/C              n/a            0.500         5.000       4.500                FSM_onehot_state_reg[0]/C
High Pulse Width  Slow    FDCE/C              n/a            0.500         5.000       4.500                FSM_onehot_state_reg[1]/C
High Pulse Width  Fast    FDCE/C              n/a            0.500         5.000       4.500                FSM_onehot_state_reg[1]/C
High Pulse Width  Slow    FDCE/C              n/a            0.500         5.000       4.500                FSM_onehot_state_reg[2]/C
High Pulse Width  Fast    FDCE/C              n/a            0.500         5.000       4.500                FSM_onehot_state_reg[2]/C
High Pulse Width  Slow    FDCE/C              n/a            0.500         5.000       4.500                FSM_onehot_state_reg[3]/C
High Pulse Width  Fast    FDCE/C              n/a            0.500         5.000       4.500                FSM_onehot_state_reg[3]/C
High Pulse Width  Slow    FDCE/C              n/a            0.500         5.000       4.500                FSM_onehot_state_reg[4]/C
High Pulse Width  Fast    FDCE/C              n/a            0.500         5.000       4.500                FSM_onehot_state_reg[4]/C



